execution_run_id,depth,budget,method_a,method_b,metric,n_graphs,difference,mean_difference,ci_low,ci_high,smaller_is_better,interval
study-cc25ae93d418f22101d4,1,32768,uniform_iso,random_iso,objective,24,a_minus_b,-0.0944176154532374,-0.10596196920695428,-0.08260004868404984,True,unadjusted 95 percent paired graph percentile bootstrap
study-cc25ae93d418f22101d4,1,32768,uniform_iso,random_iso,expected_ratio,24,a_minus_b,0.11635994089792594,0.10258557916266332,0.12945450024256416,False,unadjusted 95 percent paired graph percentile bootstrap
study-cc25ae93d418f22101d4,1,32768,uniform_iso,random_iso,signed_reference_gap,24,a_minus_b,-0.09441761545323739,-0.10596196920695428,-0.08260004868404983,True,unadjusted 95 percent paired graph percentile bootstrap
study-cc25ae93d418f22101d4,1,32768,uniform_iso,random_iso,success_fraction,24,a_minus_b,0.875,0.7916666666666666,0.9444444444444445,False,unadjusted 95 percent paired graph percentile bootstrap
study-cc25ae93d418f22101d4,1,32768,uniform_iso,random_iso,capped_target_shots,24,a_minus_b,-30360.888888888887,-31889.77777777778,-28604.44444444445,True,unadjusted 95 percent paired graph percentile bootstrap
study-cc25ae93d418f22101d4,1,32768,uniform_iso,random_iso,optimization_shots,24,a_minus_b,92.44444444444419,-21.333333333333638,248.88888888888837,True,unadjusted 95 percent paired graph percentile bootstrap
study-cc25ae93d418f22101d4,1,32768,uniform_iso,random_iso,optimization_calls,24,a_minus_b,0.4444444444444448,-0.8333333333333331,1.8055555555555562,True,unadjusted 95 percent paired graph percentile bootstrap
study-cc25ae93d418f22101d4,1,32768,uniform_iso,random_iso,optimization_jobs,24,a_minus_b,0.15277777777777776,-0.34722222222222227,0.6666666666666666,True,unadjusted 95 percent paired graph percentile bootstrap
study-cc25ae93d418f22101d4,1,32768,uniform_iso,descriptor_iso,objective,24,a_minus_b,0.003929125131946483,0.0023063649797121786,0.005676538487022353,True,unadjusted 95 percent paired graph percentile bootstrap
study-cc25ae93d418f22101d4,1,32768,uniform_iso,descriptor_iso,expected_ratio,24,a_minus_b,-0.005257429888077934,-0.007691531636269835,-0.002997973044936897,False,unadjusted 95 percent paired graph percentile bootstrap
study-cc25ae93d418f22101d4,1,32768,uniform_iso,descriptor_iso,signed_reference_gap,24,a_minus_b,0.003929125131946483,0.0023063649797121786,0.005676538487022353,True,unadjusted 95 percent paired graph percentile bootstrap
study-cc25ae93d418f22101d4,1,32768,uniform_iso,descriptor_iso,success_fraction,24,a_minus_b,0.0,0.0,0.0,False,unadjusted 95 percent paired graph percentile bootstrap
study-cc25ae93d418f22101d4,1,32768,uniform_iso,descriptor_iso,capped_target_shots,24,a_minus_b,0.0,0.0,0.0,True,unadjusted 95 percent paired graph percentile bootstrap
study-cc25ae93d418f22101d4,1,32768,uniform_iso,descriptor_iso,optimization_shots,24,a_minus_b,-42.666666666666664,-99.55555555555566,7.111111111111161,True,unadjusted 95 percent paired graph percentile bootstrap
study-cc25ae93d418f22101d4,1,32768,uniform_iso,descriptor_iso,optimization_calls,24,a_minus_b,-0.6666666666666666,-1.5555555555555556,0.11111111111111072,True,unadjusted 95 percent paired graph percentile bootstrap
study-cc25ae93d418f22101d4,1,32768,uniform_iso,descriptor_iso,optimization_jobs,24,a_minus_b,-0.25,-0.5833333333333334,0.041666666666666664,True,unadjusted 95 percent paired graph percentile bootstrap
study-cc25ae93d418f22101d4,1,32768,uniform_iso,descriptor_shape,objective,24,a_minus_b,0.003929125131946483,0.0023063649797121786,0.005676538487022353,True,unadjusted 95 percent paired graph percentile bootstrap
study-cc25ae93d418f22101d4,1,32768,uniform_iso,descriptor_shape,expected_ratio,24,a_minus_b,-0.005257429888077934,-0.007691531636269835,-0.002997973044936897,False,unadjusted 95 percent paired graph percentile bootstrap
study-cc25ae93d418f22101d4,1,32768,uniform_iso,descriptor_shape,signed_reference_gap,24,a_minus_b,0.003929125131946483,0.0023063649797121786,0.005676538487022353,True,unadjusted 95 percent paired graph percentile bootstrap
study-cc25ae93d418f22101d4,1,32768,uniform_iso,descriptor_shape,success_fraction,24,a_minus_b,0.0,0.0,0.0,False,unadjusted 95 percent paired graph percentile bootstrap
study-cc25ae93d418f22101d4,1,32768,uniform_iso,descriptor_shape,capped_target_shots,24,a_minus_b,0.0,0.0,0.0,True,unadjusted 95 percent paired graph percentile bootstrap
study-cc25ae93d418f22101d4,1,32768,uniform_iso,descriptor_shape,optimization_shots,24,a_minus_b,-21.333333333333183,-85.33333333333303,28.444444444444645,True,unadjusted 95 percent paired graph percentile bootstrap
study-cc25ae93d418f22101d4,1,32768,uniform_iso,descriptor_shape,optimization_calls,24,a_minus_b,-0.33333333333333365,-1.3333333333333333,0.44444444444444403,True,unadjusted 95 percent paired graph percentile bootstrap
study-cc25ae93d418f22101d4,1,32768,uniform_iso,descriptor_shape,optimization_jobs,24,a_minus_b,-0.125,-0.5,0.16666666666666666,True,unadjusted 95 percent paired graph percentile bootstrap
study-cc25ae93d418f22101d4,1,32768,uniform_iso,gw_iso,objective,24,a_minus_b,0.0018637736486721336,-0.00043150428991773357,0.004145998136692511,True,unadjusted 95 percent paired graph percentile bootstrap
study-cc25ae93d418f22101d4,1,32768,uniform_iso,gw_iso,expected_ratio,24,a_minus_b,-0.002782691127990756,-0.005787637778771991,0.00016609592083371606,False,unadjusted 95 percent paired graph percentile bootstrap
study-cc25ae93d418f22101d4,1,32768,uniform_iso,gw_iso,signed_reference_gap,24,a_minus_b,0.0018637736486721383,-0.0004315042899177195,0.0041459981366925155,True,unadjusted 95 percent paired graph percentile bootstrap
study-cc25ae93d418f22101d4,1,32768,uniform_iso,gw_iso,success_fraction,24,a_minus_b,0.0,0.0,0.0,False,unadjusted 95 percent paired graph percentile bootstrap
study-cc25ae93d418f22101d4,1,32768,uniform_iso,gw_iso,capped_target_shots,24,a_minus_b,0.0,0.0,0.0,True,unadjusted 95 percent paired graph percentile bootstrap
study-cc25ae93d418f22101d4,1,32768,uniform_iso,gw_iso,optimization_shots,24,a_minus_b,49.77777777777768,-28.444444444444496,128.00000000000014,True,unadjusted 95 percent paired graph percentile bootstrap
study-cc25ae93d418f22101d4,1,32768,uniform_iso,gw_iso,optimization_calls,24,a_minus_b,0.777777777777778,-0.44444444444444403,2.000000000000001,True,unadjusted 95 percent paired graph percentile bootstrap
study-cc25ae93d418f22101d4,1,32768,uniform_iso,gw_iso,optimization_jobs,24,a_minus_b,0.2916666666666667,-0.16666666666666666,0.75,True,unadjusted 95 percent paired graph percentile bootstrap
study-cc25ae93d418f22101d4,1,32768,uniform_iso,gw_shape,objective,24,a_minus_b,0.0018637736486721336,-0.00043150428991773357,0.004145998136692511,True,unadjusted 95 percent paired graph percentile bootstrap
study-cc25ae93d418f22101d4,1,32768,uniform_iso,gw_shape,expected_ratio,24,a_minus_b,-0.002782691127990756,-0.005787637778771991,0.00016609592083371606,False,unadjusted 95 percent paired graph percentile bootstrap
study-cc25ae93d418f22101d4,1,32768,uniform_iso,gw_shape,signed_reference_gap,24,a_minus_b,0.0018637736486721383,-0.0004315042899177195,0.0041459981366925155,True,unadjusted 95 percent paired graph percentile bootstrap
study-cc25ae93d418f22101d4,1,32768,uniform_iso,gw_shape,success_fraction,24,a_minus_b,0.0,0.0,0.0,False,unadjusted 95 percent paired graph percentile bootstrap
study-cc25ae93d418f22101d4,1,32768,uniform_iso,gw_shape,capped_target_shots,24,a_minus_b,0.0,0.0,0.0,True,unadjusted 95 percent paired graph percentile bootstrap
study-cc25ae93d418f22101d4,1,32768,uniform_iso,gw_shape,optimization_shots,24,a_minus_b,92.4444444444445,14.222222222222323,184.88888888888883,True,unadjusted 95 percent paired graph percentile bootstrap
study-cc25ae93d418f22101d4,1,32768,uniform_iso,gw_shape,optimization_calls,24,a_minus_b,1.4444444444444444,0.22222222222222174,2.888888888888889,True,unadjusted 95 percent paired graph percentile bootstrap
study-cc25ae93d418f22101d4,1,32768,uniform_iso,gw_shape,optimization_jobs,24,a_minus_b,0.5416666666666666,0.08333333333333333,1.0833333333333333,True,unadjusted 95 percent paired graph percentile bootstrap
study-cc25ae93d418f22101d4,1,32768,uniform_iso,local_iso,objective,24,a_minus_b,0.0008122390101975482,0.00028428148973742574,0.0014886531106587531,True,unadjusted 95 percent paired graph percentile bootstrap
study-cc25ae93d418f22101d4,1,32768,uniform_iso,local_iso,expected_ratio,24,a_minus_b,-0.0010692092739280623,-0.0019754909293327135,-0.00036349721039528567,False,unadjusted 95 percent paired graph percentile bootstrap
study-cc25ae93d418f22101d4,1,32768,uniform_iso,local_iso,signed_reference_gap,24,a_minus_b,0.0008122390101975482,0.00028428148973742547,0.0014886531106587531,True,unadjusted 95 percent paired graph percentile bootstrap
study-cc25ae93d418f22101d4,1,32768,uniform_iso,local_iso,success_fraction,24,a_minus_b,0.0,0.0,0.0,False,unadjusted 95 percent paired graph percentile bootstrap
study-cc25ae93d418f22101d4,1,32768,uniform_iso,local_iso,capped_target_shots,24,a_minus_b,0.0,0.0,0.0,True,unadjusted 95 percent paired graph percentile bootstrap
study-cc25ae93d418f22101d4,1,32768,uniform_iso,local_iso,optimization_shots,24,a_minus_b,-21.333333333333183,-85.33333333333319,28.444444444444798,True,unadjusted 95 percent paired graph percentile bootstrap
study-cc25ae93d418f22101d4,1,32768,uniform_iso,local_iso,optimization_calls,24,a_minus_b,-0.33333333333333365,-1.3333333333333333,0.44444444444444403,True,unadjusted 95 percent paired graph percentile bootstrap
study-cc25ae93d418f22101d4,1,32768,uniform_iso,local_iso,optimization_jobs,24,a_minus_b,-0.125,-0.5,0.16666666666666666,True,unadjusted 95 percent paired graph percentile bootstrap
study-cc25ae93d418f22101d4,1,32768,uniform_iso,shuffled_gw,objective,24,a_minus_b,-0.004072720532734876,-0.016711738927595886,0.003036670191672126,True,unadjusted 95 percent paired graph percentile bootstrap
study-cc25ae93d418f22101d4,1,32768,uniform_iso,shuffled_gw,expected_ratio,24,a_minus_b,0.004378414408192889,-0.004205825522432457,0.01943545928429361,False,unadjusted 95 percent paired graph percentile bootstrap
study-cc25ae93d418f22101d4,1,32768,uniform_iso,shuffled_gw,signed_reference_gap,24,a_minus_b,-0.004072720532734872,-0.01671173892759588,0.0030366701916721304,True,unadjusted 95 percent paired graph percentile bootstrap
study-cc25ae93d418f22101d4,1,32768,uniform_iso,shuffled_gw,success_fraction,24,a_minus_b,0.041666666666666664,0.0,0.125,False,unadjusted 95 percent paired graph percentile bootstrap
study-cc25ae93d418f22101d4,1,32768,uniform_iso,shuffled_gw,capped_target_shots,24,a_minus_b,-1365.3333333333333,-4096.0,0.0,True,unadjusted 95 percent paired graph percentile bootstrap
study-cc25ae93d418f22101d4,1,32768,uniform_iso,shuffled_gw,optimization_shots,24,a_minus_b,35.55555555555551,-35.55555555555551,113.77777777777767,True,unadjusted 95 percent paired graph percentile bootstrap
study-cc25ae93d418f22101d4,1,32768,uniform_iso,shuffled_gw,optimization_calls,24,a_minus_b,0.5555555555555557,-0.555555555555555,1.777777777777778,True,unadjusted 95 percent paired graph percentile bootstrap
study-cc25ae93d418f22101d4,1,32768,uniform_iso,shuffled_gw,optimization_jobs,24,a_minus_b,0.20833333333333334,-0.20833333333333334,0.6666666666666666,True,unadjusted 95 percent paired graph percentile bootstrap
study-cc25ae93d418f22101d4,1,32768,uniform_iso,bad_prior,objective,24,a_minus_b,-0.08978731801056715,-0.1171706328603906,-0.06295118441172678,True,unadjusted 95 percent paired graph percentile bootstrap
study-cc25ae93d418f22101d4,1,32768,uniform_iso,bad_prior,expected_ratio,24,a_minus_b,0.11145939868781318,0.07908539389675825,0.1437222458495133,False,unadjusted 95 percent paired graph percentile bootstrap
study-cc25ae93d418f22101d4,1,32768,uniform_iso,bad_prior,signed_reference_gap,24,a_minus_b,-0.08978731801056715,-0.1171706328603906,-0.0629511844117268,True,unadjusted 95 percent paired graph percentile bootstrap
study-cc25ae93d418f22101d4,1,32768,uniform_iso,bad_prior,success_fraction,24,a_minus_b,0.6666666666666666,0.4583333333333333,0.8333333333333334,False,unadjusted 95 percent paired graph percentile bootstrap
study-cc25ae93d418f22101d4,1,32768,uniform_iso,bad_prior,capped_target_shots,24,a_minus_b,-23466.666666666668,-28117.333333333332,-17653.333333333332,True,unadjusted 95 percent paired graph percentile bootstrap
study-cc25ae93d418f22101d4,1,32768,uniform_iso,bad_prior,optimization_shots,24,a_minus_b,-56.888888888888836,-199.111111111111,85.33333333333333,True,unadjusted 95 percent paired graph percentile bootstrap
study-cc25ae93d418f22101d4,1,32768,uniform_iso,bad_prior,optimization_calls,24,a_minus_b,-0.888888888888889,-3.111111111111111,1.3333333333333333,True,unadjusted 95 percent paired graph percentile bootstrap
study-cc25ae93d418f22101d4,1,32768,uniform_iso,bad_prior,optimization_jobs,24,a_minus_b,-0.3333333333333333,-1.1666666666666667,0.5,True,unadjusted 95 percent paired graph percentile bootstrap
study-cc25ae93d418f22101d4,1,32768,uniform_iso,no_repair,objective,24,a_minus_b,0.003929125131946483,0.0023063649797121786,0.005676538487022353,True,unadjusted 95 percent paired graph percentile bootstrap
study-cc25ae93d418f22101d4,1,32768,uniform_iso,no_repair,expected_ratio,24,a_minus_b,-0.005257429888077934,-0.007691531636269835,-0.002997973044936897,False,unadjusted 95 percent paired graph percentile bootstrap
study-cc25ae93d418f22101d4,1,32768,uniform_iso,no_repair,signed_reference_gap,24,a_minus_b,0.003929125131946483,0.0023063649797121786,0.005676538487022353,True,unadjusted 95 percent paired graph percentile bootstrap
study-cc25ae93d418f22101d4,1,32768,uniform_iso,no_repair,success_fraction,24,a_minus_b,0.0,0.0,0.0,False,unadjusted 95 percent paired graph percentile bootstrap
study-cc25ae93d418f22101d4,1,32768,uniform_iso,no_repair,capped_target_shots,24,a_minus_b,0.0,0.0,0.0,True,unadjusted 95 percent paired graph percentile bootstrap
study-cc25ae93d418f22101d4,1,32768,uniform_iso,no_repair,optimization_shots,24,a_minus_b,42.66666666666682,-28.444444444444343,120.88888888888914,True,unadjusted 95 percent paired graph percentile bootstrap
study-cc25ae93d418f22101d4,1,32768,uniform_iso,no_repair,optimization_calls,24,a_minus_b,0.6666666666666664,-0.44444444444444525,1.888888888888889,True,unadjusted 95 percent paired graph percentile bootstrap
study-cc25ae93d418f22101d4,1,32768,uniform_iso,no_repair,optimization_jobs,24,a_minus_b,0.25,-0.16666666666666666,0.7083333333333334,True,unadjusted 95 percent paired graph percentile bootstrap
study-cc25ae93d418f22101d4,1,32768,uniform_iso,fixed_radius,objective,24,a_minus_b,0.003929125131946483,0.0023063649797121786,0.005676538487022353,True,unadjusted 95 percent paired graph percentile bootstrap
study-cc25ae93d418f22101d4,1,32768,uniform_iso,fixed_radius,expected_ratio,24,a_minus_b,-0.005257429888077934,-0.007691531636269835,-0.002997973044936897,False,unadjusted 95 percent paired graph percentile bootstrap
study-cc25ae93d418f22101d4,1,32768,uniform_iso,fixed_radius,signed_reference_gap,24,a_minus_b,0.003929125131946483,0.0023063649797121786,0.005676538487022353,True,unadjusted 95 percent paired graph percentile bootstrap
study-cc25ae93d418f22101d4,1,32768,uniform_iso,fixed_radius,success_fraction,24,a_minus_b,0.0,0.0,0.0,False,unadjusted 95 percent paired graph percentile bootstrap
study-cc25ae93d418f22101d4,1,32768,uniform_iso,fixed_radius,capped_target_shots,24,a_minus_b,0.0,0.0,0.0,True,unadjusted 95 percent paired graph percentile bootstrap
study-cc25ae93d418f22101d4,1,32768,uniform_iso,fixed_radius,optimization_shots,24,a_minus_b,-618.6666666666664,-842.6666666666665,-359.0222222222228,True,unadjusted 95 percent paired graph percentile bootstrap
study-cc25ae93d418f22101d4,1,32768,uniform_iso,fixed_radius,optimization_calls,24,a_minus_b,-27.805555555555554,-32.263888888888886,-24.13888888888889,True,unadjusted 95 percent paired graph percentile bootstrap
study-cc25ae93d418f22101d4,1,32768,uniform_iso,fixed_radius,optimization_jobs,24,a_minus_b,-11.111111111111109,-12.736458333333335,-9.763888888888888,True,unadjusted 95 percent paired graph percentile bootstrap
study-cc25ae93d418f22101d4,1,32768,uniform_iso,fixed_shots,objective,24,a_minus_b,0.003929125131946483,0.0023063649797121786,0.005676538487022353,True,unadjusted 95 percent paired graph percentile bootstrap
study-cc25ae93d418f22101d4,1,32768,uniform_iso,fixed_shots,expected_ratio,24,a_minus_b,-0.005257429888077934,-0.007691531636269835,-0.002997973044936897,False,unadjusted 95 percent paired graph percentile bootstrap
study-cc25ae93d418f22101d4,1,32768,uniform_iso,fixed_shots,signed_reference_gap,24,a_minus_b,0.003929125131946483,0.0023063649797121786,0.005676538487022353,True,unadjusted 95 percent paired graph percentile bootstrap
study-cc25ae93d418f22101d4,1,32768,uniform_iso,fixed_shots,success_fraction,24,a_minus_b,0.0,0.0,0.0,False,unadjusted 95 percent paired graph percentile bootstrap
study-cc25ae93d418f22101d4,1,32768,uniform_iso,fixed_shots,capped_target_shots,24,a_minus_b,0.0,0.0,0.0,True,unadjusted 95 percent paired graph percentile bootstrap
study-cc25ae93d418f22101d4,1,32768,uniform_iso,fixed_shots,optimization_shots,24,a_minus_b,31089.77777777778,31018.666666666668,31175.111111111113,True,unadjusted 95 percent paired graph percentile bootstrap
study-cc25ae93d418f22101d4,1,32768,uniform_iso,fixed_shots,optimization_calls,24,a_minus_b,28.777777777777775,27.666666666666668,30.11111111111111,True,unadjusted 95 percent paired graph percentile bootstrap
study-cc25ae93d418f22101d4,1,32768,uniform_iso,fixed_shots,optimization_jobs,24,a_minus_b,12.666666666666666,12.25,13.166666666666666,True,unadjusted 95 percent paired graph percentile bootstrap
study-cc25ae93d418f22101d4,1,32768,uniform_iso,cobyla,objective,24,a_minus_b,0.003230896562041318,0.0012434546874116055,0.005451262690902587,True,unadjusted 95 percent paired graph percentile bootstrap
study-cc25ae93d418f22101d4,1,32768,uniform_iso,cobyla,expected_ratio,24,a_minus_b,-0.004442445934270678,-0.007468379934243271,-0.0017228414305306718,False,unadjusted 95 percent paired graph percentile bootstrap
study-cc25ae93d418f22101d4,1,32768,uniform_iso,cobyla,signed_reference_gap,24,a_minus_b,0.003230896562041318,0.001243454687411607,0.0054512626909025905,True,unadjusted 95 percent paired graph percentile bootstrap
study-cc25ae93d418f22101d4,1,32768,uniform_iso,cobyla,success_fraction,24,a_minus_b,0.0,0.0,0.0,False,unadjusted 95 percent paired graph percentile bootstrap
study-cc25ae93d418f22101d4,1,32768,uniform_iso,cobyla,capped_target_shots,24,a_minus_b,0.0,0.0,0.0,True,unadjusted 95 percent paired graph percentile bootstrap
study-cc25ae93d418f22101d4,1,32768,uniform_iso,cobyla,optimization_shots,24,a_minus_b,15217.77777777778,14684.444444444443,15729.777777777776,True,unadjusted 95 percent paired graph percentile bootstrap
study-cc25ae93d418f22101d4,1,32768,uniform_iso,cobyla,optimization_calls,24,a_minus_b,15.527777777777779,14.083333333333334,17.13888888888889,True,unadjusted 95 percent paired graph percentile bootstrap
study-cc25ae93d418f22101d4,1,32768,uniform_iso,cobyla,optimization_jobs,24,a_minus_b,-2.5833333333333335,-3.375,-1.763888888888889,True,unadjusted 95 percent paired graph percentile bootstrap
study-cc25ae93d418f22101d4,1,32768,uniform_iso,spsa,objective,24,a_minus_b,0.00426291919384889,0.0024771154450732203,0.006233639243530746,True,unadjusted 95 percent paired graph percentile bootstrap
study-cc25ae93d418f22101d4,1,32768,uniform_iso,spsa,expected_ratio,24,a_minus_b,-0.005702551818228869,-0.008412327314201435,-0.0032350078905778548,False,unadjusted 95 percent paired graph percentile bootstrap
study-cc25ae93d418f22101d4,1,32768,uniform_iso,spsa,signed_reference_gap,24,a_minus_b,0.004262919193848906,0.0024771154450732263,0.006233639243530774,True,unadjusted 95 percent paired graph percentile bootstrap
study-cc25ae93d418f22101d4,1,32768,uniform_iso,spsa,success_fraction,24,a_minus_b,0.0,0.0,0.0,False,unadjusted 95 percent paired graph percentile bootstrap
study-cc25ae93d418f22101d4,1,32768,uniform_iso,spsa,capped_target_shots,24,a_minus_b,0.0,0.0,0.0,True,unadjusted 95 percent paired graph percentile bootstrap
study-cc25ae93d418f22101d4,1,32768,uniform_iso,spsa,optimization_shots,24,a_minus_b,1137.7777777777778,1066.6666666666667,1223.111111111111,True,unadjusted 95 percent paired graph percentile bootstrap
study-cc25ae93d418f22101d4,1,32768,uniform_iso,spsa,optimization_calls,24,a_minus_b,1.7777777777777777,0.6666666666666666,3.1111111111111107,True,unadjusted 95 percent paired graph percentile bootstrap
study-cc25ae93d418f22101d4,1,32768,uniform_iso,spsa,optimization_jobs,24,a_minus_b,-6.333333333333333,-6.75,-5.833333333333333,True,unadjusted 95 percent paired graph percentile bootstrap
study-cc25ae93d418f22101d4,1,32768,random_iso,descriptor_iso,objective,24,a_minus_b,0.09834674058518388,0.08757515592686081,0.10896545843706958,True,unadjusted 95 percent paired graph percentile bootstrap
study-cc25ae93d418f22101d4,1,32768,random_iso,descriptor_iso,expected_ratio,24,a_minus_b,-0.12161737078600388,-0.13403921835156166,-0.10900851049126922,False,unadjusted 95 percent paired graph percentile bootstrap
study-cc25ae93d418f22101d4,1,32768,random_iso,descriptor_iso,signed_reference_gap,24,a_minus_b,0.09834674058518385,0.0875751559268608,0.10896545843706955,True,unadjusted 95 percent paired graph percentile bootstrap
study-cc25ae93d418f22101d4,1,32768,random_iso,descriptor_iso,success_fraction,24,a_minus_b,-0.875,-0.9444444444444445,-0.7916666666666666,False,unadjusted 95 percent paired graph percentile bootstrap
study-cc25ae93d418f22101d4,1,32768,random_iso,descriptor_iso,capped_target_shots,24,a_minus_b,30360.888888888887,28604.44444444445,31889.77777777778,True,unadjusted 95 percent paired graph percentile bootstrap
study-cc25ae93d418f22101d4,1,32768,random_iso,descriptor_iso,optimization_shots,24,a_minus_b,-135.11111111111086,-284.4444444444442,-14.22222222222202,True,unadjusted 95 percent paired graph percentile bootstrap
study-cc25ae93d418f22101d4,1,32768,random_iso,descriptor_iso,optimization_calls,24,a_minus_b,-1.1111111111111114,-2.5555555555555554,0.22222222222222218,True,unadjusted 95 percent paired graph percentile bootstrap
study-cc25ae93d418f22101d4,1,32768,random_iso,descriptor_iso,optimization_jobs,24,a_minus_b,-0.40277777777777773,-0.9447916666666663,0.11111111111111116,True,unadjusted 95 percent paired graph percentile bootstrap
study-cc25ae93d418f22101d4,1,32768,random_iso,descriptor_shape,objective,24,a_minus_b,0.09834674058518388,0.08757515592686081,0.10896545843706958,True,unadjusted 95 percent paired graph percentile bootstrap
study-cc25ae93d418f22101d4,1,32768,random_iso,descriptor_shape,expected_ratio,24,a_minus_b,-0.12161737078600388,-0.13403921835156166,-0.10900851049126922,False,unadjusted 95 percent paired graph percentile bootstrap
study-cc25ae93d418f22101d4,1,32768,random_iso,descriptor_shape,signed_reference_gap,24,a_minus_b,0.09834674058518385,0.0875751559268608,0.10896545843706955,True,unadjusted 95 percent paired graph percentile bootstrap
study-cc25ae93d418f22101d4,1,32768,random_iso,descriptor_shape,success_fraction,24,a_minus_b,-0.875,-0.9444444444444445,-0.7916666666666666,False,unadjusted 95 percent paired graph percentile bootstrap
study-cc25ae93d418f22101d4,1,32768,random_iso,descriptor_shape,capped_target_shots,24,a_minus_b,30360.888888888887,28604.44444444445,31889.77777777778,True,unadjusted 95 percent paired graph percentile bootstrap
study-cc25ae93d418f22101d4,1,32768,random_iso,descriptor_shape,optimization_shots,24,a_minus_b,-113.77777777777737,-270.22222222222143,7.111111111111465,True,unadjusted 95 percent paired graph percentile bootstrap
study-cc25ae93d418f22101d4,1,32768,random_iso,descriptor_shape,optimization_calls,24,a_minus_b,-0.7777777777777785,-2.277777777777778,0.6666666666666657,True,unadjusted 95 percent paired graph percentile bootstrap
study-cc25ae93d418f22101d4,1,32768,random_iso,descriptor_shape,optimization_jobs,24,a_minus_b,-0.27777777777777773,-0.8472222222222222,0.27777777777777785,True,unadjusted 95 percent paired graph percentile bootstrap
study-cc25ae93d418f22101d4,1,32768,random_iso,gw_iso,objective,24,a_minus_b,0.09628138910190953,0.08559759821831822,0.10697300420299169,True,unadjusted 95 percent paired graph percentile bootstrap
study-cc25ae93d418f22101d4,1,32768,random_iso,gw_iso,expected_ratio,24,a_minus_b,-0.11914263202591668,-0.1315006596278266,-0.10673157498843838,False,unadjusted 95 percent paired graph percentile bootstrap
study-cc25ae93d418f22101d4,1,32768,random_iso,gw_iso,signed_reference_gap,24,a_minus_b,0.09628138910190949,0.08559759821831822,0.10697300420299169,True,unadjusted 95 percent paired graph percentile bootstrap
study-cc25ae93d418f22101d4,1,32768,random_iso,gw_iso,success_fraction,24,a_minus_b,-0.875,-0.9444444444444445,-0.7916666666666666,False,unadjusted 95 percent paired graph percentile bootstrap
study-cc25ae93d418f22101d4,1,32768,random_iso,gw_iso,capped_target_shots,24,a_minus_b,30360.888888888887,28604.44444444445,31889.77777777778,True,unadjusted 95 percent paired graph percentile bootstrap
study-cc25ae93d418f22101d4,1,32768,random_iso,gw_iso,optimization_shots,24,a_minus_b,-42.666666666666515,-184.8888888888887,56.88888888888929,True,unadjusted 95 percent paired graph percentile bootstrap
study-cc25ae93d418f22101d4,1,32768,random_iso,gw_iso,optimization_calls,24,a_minus_b,0.3333333333333332,-0.6944444444444446,1.4166666666666667,True,unadjusted 95 percent paired graph percentile bootstrap
study-cc25ae93d418f22101d4,1,32768,random_iso,gw_iso,optimization_jobs,24,a_minus_b,0.13888888888888892,-0.26388888888888884,0.5694444444444445,True,unadjusted 95 percent paired graph percentile bootstrap
study-cc25ae93d418f22101d4,1,32768,random_iso,gw_shape,objective,24,a_minus_b,0.09628138910190953,0.08559759821831822,0.10697300420299169,True,unadjusted 95 percent paired graph percentile bootstrap
study-cc25ae93d418f22101d4,1,32768,random_iso,gw_shape,expected_ratio,24,a_minus_b,-0.11914263202591668,-0.1315006596278266,-0.10673157498843838,False,unadjusted 95 percent paired graph percentile bootstrap
study-cc25ae93d418f22101d4,1,32768,random_iso,gw_shape,signed_reference_gap,24,a_minus_b,0.09628138910190949,0.08559759821831822,0.10697300420299169,True,unadjusted 95 percent paired graph percentile bootstrap
study-cc25ae93d418f22101d4,1,32768,random_iso,gw_shape,success_fraction,24,a_minus_b,-0.875,-0.9444444444444445,-0.7916666666666666,False,unadjusted 95 percent paired graph percentile bootstrap
study-cc25ae93d418f22101d4,1,32768,random_iso,gw_shape,capped_target_shots,24,a_minus_b,30360.888888888887,28604.44444444445,31889.77777777778,True,unadjusted 95 percent paired graph percentile bootstrap
study-cc25ae93d418f22101d4,1,32768,random_iso,gw_shape,optimization_shots,24,a_minus_b,3.0316490059097606e-13,-142.22222222222203,99.5555555555552,True,unadjusted 95 percent paired graph percentile bootstrap
study-cc25ae93d418f22101d4,1,32768,random_iso,gw_shape,optimization_calls,24,a_minus_b,0.9999999999999996,0.05555555555555521,1.9166666666666667,True,unadjusted 95 percent paired graph percentile bootstrap
study-cc25ae93d418f22101d4,1,32768,random_iso,gw_shape,optimization_jobs,24,a_minus_b,0.3888888888888889,0.013888888888888987,0.763888888888889,True,unadjusted 95 percent paired graph percentile bootstrap
study-cc25ae93d418f22101d4,1,32768,random_iso,local_iso,objective,24,a_minus_b,0.09522985446343495,0.0833879831690093,0.1067601134057196,True,unadjusted 95 percent paired graph percentile bootstrap
study-cc25ae93d418f22101d4,1,32768,random_iso,local_iso,expected_ratio,24,a_minus_b,-0.117429150171854,-0.1306295931759432,-0.10351109651646785,False,unadjusted 95 percent paired graph percentile bootstrap
study-cc25ae93d418f22101d4,1,32768,random_iso,local_iso,signed_reference_gap,24,a_minus_b,0.09522985446343492,0.08338798316900926,0.1067601134057196,True,unadjusted 95 percent paired graph percentile bootstrap
study-cc25ae93d418f22101d4,1,32768,random_iso,local_iso,success_fraction,24,a_minus_b,-0.875,-0.9444444444444445,-0.7916666666666666,False,unadjusted 95 percent paired graph percentile bootstrap
study-cc25ae93d418f22101d4,1,32768,random_iso,local_iso,capped_target_shots,24,a_minus_b,30360.888888888887,28604.44444444445,31889.77777777778,True,unadjusted 95 percent paired graph percentile bootstrap
study-cc25ae93d418f22101d4,1,32768,random_iso,local_iso,optimization_shots,24,a_minus_b,-113.77777777777737,-263.11111111111086,7.11111111111101,True,unadjusted 95 percent paired graph percentile bootstrap
study-cc25ae93d418f22101d4,1,32768,random_iso,local_iso,optimization_calls,24,a_minus_b,-0.7777777777777785,-2.166666666666668,0.5555555555555549,True,unadjusted 95 percent paired graph percentile bootstrap
study-cc25ae93d418f22101d4,1,32768,random_iso,local_iso,optimization_jobs,24,a_minus_b,-0.27777777777777773,-0.8194444444444443,0.23611111111111116,True,unadjusted 95 percent paired graph percentile bootstrap
study-cc25ae93d418f22101d4,1,32768,random_iso,shuffled_gw,objective,24,a_minus_b,0.09034489492050252,0.07734303129835593,0.10236248655826705,True,unadjusted 95 percent paired graph percentile bootstrap
study-cc25ae93d418f22101d4,1,32768,random_iso,shuffled_gw,expected_ratio,24,a_minus_b,-0.11198152648973304,-0.12642075373452624,-0.09629061256819942,False,unadjusted 95 percent paired graph percentile bootstrap
study-cc25ae93d418f22101d4,1,32768,random_iso,shuffled_gw,signed_reference_gap,24,a_minus_b,0.0903448949205025,0.07734303129835593,0.10236248655826703,True,unadjusted 95 percent paired graph percentile bootstrap
study-cc25ae93d418f22101d4,1,32768,random_iso,shuffled_gw,success_fraction,24,a_minus_b,-0.8333333333333334,-0.9305555555555557,-0.7222222222222223,False,unadjusted 95 percent paired graph percentile bootstrap
study-cc25ae93d418f22101d4,1,32768,random_iso,shuffled_gw,capped_target_shots,24,a_minus_b,28995.55555555555,25564.44444444445,31488.0,True,unadjusted 95 percent paired graph percentile bootstrap
study-cc25ae93d418f22101d4,1,32768,random_iso,shuffled_gw,optimization_shots,24,a_minus_b,-56.88888888888869,-213.33333333333303,63.99999999999985,True,unadjusted 95 percent paired graph percentile bootstrap
study-cc25ae93d418f22101d4,1,32768,random_iso,shuffled_gw,optimization_calls,24,a_minus_b,0.11111111111111087,-1.3333333333333337,1.416666666666667,True,unadjusted 95 percent paired graph percentile bootstrap
study-cc25ae93d418f22101d4,1,32768,random_iso,shuffled_gw,optimization_jobs,24,a_minus_b,0.05555555555555558,-0.49999999999999994,0.5694444444444445,True,unadjusted 95 percent paired graph percentile bootstrap
study-cc25ae93d418f22101d4,1,32768,random_iso,bad_prior,objective,24,a_minus_b,0.004630297442670246,-0.023845151079795467,0.034226561978225815,True,unadjusted 95 percent paired graph percentile bootstrap
study-cc25ae93d418f22101d4,1,32768,random_iso,bad_prior,expected_ratio,24,a_minus_b,-0.004900542210112754,-0.04131265126750285,0.029970203902040988,False,unadjusted 95 percent paired graph percentile bootstrap
study-cc25ae93d418f22101d4,1,32768,random_iso,bad_prior,signed_reference_gap,24,a_minus_b,0.00463029744267023,-0.02384515107979548,0.0342265619782258,True,unadjusted 95 percent paired graph percentile bootstrap
study-cc25ae93d418f22101d4,1,32768,random_iso,bad_prior,success_fraction,24,a_minus_b,-0.20833333333333337,-0.40277777777777785,-0.013888888888888907,False,unadjusted 95 percent paired graph percentile bootstrap
study-cc25ae93d418f22101d4,1,32768,random_iso,bad_prior,capped_target_shots,24,a_minus_b,6894.222222222222,1635.5555555555559,12455.111111111111,True,unadjusted 95 percent paired graph percentile bootstrap
study-cc25ae93d418f22101d4,1,32768,random_iso,bad_prior,optimization_shots,24,a_minus_b,-149.33333333333303,-298.6666666666665,-21.33333333333303,True,unadjusted 95 percent paired graph percentile bootstrap
study-cc25ae93d418f22101d4,1,32768,random_iso,bad_prior,optimization_calls,24,a_minus_b,-1.333333333333334,-2.9722222222222228,0.24999999999999956,True,unadjusted 95 percent paired graph percentile bootstrap
study-cc25ae93d418f22101d4,1,32768,random_iso,bad_prior,optimization_jobs,24,a_minus_b,-0.4861111111111111,-1.111111111111111,0.125,True,unadjusted 95 percent paired graph percentile bootstrap
study-cc25ae93d418f22101d4,1,32768,random_iso,no_repair,objective,24,a_minus_b,0.09834674058518388,0.08757515592686081,0.10896545843706958,True,unadjusted 95 percent paired graph percentile bootstrap
study-cc25ae93d418f22101d4,1,32768,random_iso,no_repair,expected_ratio,24,a_minus_b,-0.12161737078600388,-0.13403921835156166,-0.10900851049126922,False,unadjusted 95 percent paired graph percentile bootstrap
study-cc25ae93d418f22101d4,1,32768,random_iso,no_repair,signed_reference_gap,24,a_minus_b,0.09834674058518385,0.0875751559268608,0.10896545843706955,True,unadjusted 95 percent paired graph percentile bootstrap
study-cc25ae93d418f22101d4,1,32768,random_iso,no_repair,success_fraction,24,a_minus_b,-0.875,-0.9444444444444445,-0.7916666666666666,False,unadjusted 95 percent paired graph percentile bootstrap
study-cc25ae93d418f22101d4,1,32768,random_iso,no_repair,capped_target_shots,24,a_minus_b,30360.888888888887,28604.44444444445,31889.77777777778,True,unadjusted 95 percent paired graph percentile bootstrap
study-cc25ae93d418f22101d4,1,32768,random_iso,no_repair,optimization_shots,24,a_minus_b,-49.777777777777374,-199.1111111111104,49.77777777777843,True,unadjusted 95 percent paired graph percentile bootstrap
study-cc25ae93d418f22101d4,1,32768,random_iso,no_repair,optimization_calls,24,a_minus_b,0.22222222222222157,-0.9166666666666675,1.1944444444444444,True,unadjusted 95 percent paired graph percentile bootstrap
study-cc25ae93d418f22101d4,1,32768,random_iso,no_repair,optimization_jobs,24,a_minus_b,0.09722222222222225,-0.3472222222222221,0.48611111111111116,True,unadjusted 95 percent paired graph percentile bootstrap
study-cc25ae93d418f22101d4,1,32768,random_iso,fixed_radius,objective,24,a_minus_b,0.09834674058518388,0.08757515592686081,0.10896545843706958,True,unadjusted 95 percent paired graph percentile bootstrap
study-cc25ae93d418f22101d4,1,32768,random_iso,fixed_radius,expected_ratio,24,a_minus_b,-0.12161737078600388,-0.13403921835156166,-0.10900851049126922,False,unadjusted 95 percent paired graph percentile bootstrap
study-cc25ae93d418f22101d4,1,32768,random_iso,fixed_radius,signed_reference_gap,24,a_minus_b,0.09834674058518385,0.0875751559268608,0.10896545843706955,True,unadjusted 95 percent paired graph percentile bootstrap
study-cc25ae93d418f22101d4,1,32768,random_iso,fixed_radius,success_fraction,24,a_minus_b,-0.875,-0.9444444444444445,-0.7916666666666666,False,unadjusted 95 percent paired graph percentile bootstrap
study-cc25ae93d418f22101d4,1,32768,random_iso,fixed_radius,capped_target_shots,24,a_minus_b,30360.888888888887,28604.44444444445,31889.77777777778,True,unadjusted 95 percent paired graph percentile bootstrap
study-cc25ae93d418f22101d4,1,32768,random_iso,fixed_radius,optimization_shots,24,a_minus_b,-711.1111111111105,-949.3333333333327,-479.99999999999955,True,unadjusted 95 percent paired graph percentile bootstrap
study-cc25ae93d418f22101d4,1,32768,random_iso,fixed_radius,optimization_calls,24,a_minus_b,-28.25,-33.444791666666674,-23.73611111111111,True,unadjusted 95 percent paired graph percentile bootstrap
study-cc25ae93d418f22101d4,1,32768,random_iso,fixed_radius,optimization_jobs,24,a_minus_b,-11.263888888888888,-13.166666666666666,-9.597222222222221,True,unadjusted 95 percent paired graph percentile bootstrap
study-cc25ae93d418f22101d4,1,32768,random_iso,fixed_shots,objective,24,a_minus_b,0.09834674058518388,0.08757515592686081,0.10896545843706958,True,unadjusted 95 percent paired graph percentile bootstrap
study-cc25ae93d418f22101d4,1,32768,random_iso,fixed_shots,expected_ratio,24,a_minus_b,-0.12161737078600388,-0.13403921835156166,-0.10900851049126922,False,unadjusted 95 percent paired graph percentile bootstrap
study-cc25ae93d418f22101d4,1,32768,random_iso,fixed_shots,signed_reference_gap,24,a_minus_b,0.09834674058518385,0.0875751559268608,0.10896545843706955,True,unadjusted 95 percent paired graph percentile bootstrap
study-cc25ae93d418f22101d4,1,32768,random_iso,fixed_shots,success_fraction,24,a_minus_b,-0.875,-0.9444444444444445,-0.7916666666666666,False,unadjusted 95 percent paired graph percentile bootstrap
study-cc25ae93d418f22101d4,1,32768,random_iso,fixed_shots,capped_target_shots,24,a_minus_b,30360.888888888887,28604.44444444445,31889.77777777778,True,unadjusted 95 percent paired graph percentile bootstrap
study-cc25ae93d418f22101d4,1,32768,random_iso,fixed_shots,optimization_shots,24,a_minus_b,30997.333333333332,30855.111111111113,31089.77777777778,True,unadjusted 95 percent paired graph percentile bootstrap
study-cc25ae93d418f22101d4,1,32768,random_iso,fixed_shots,optimization_calls,24,a_minus_b,28.333333333333332,27.5,29.277777777777782,True,unadjusted 95 percent paired graph percentile bootstrap
study-cc25ae93d418f22101d4,1,32768,random_iso,fixed_shots,optimization_jobs,24,a_minus_b,12.513888888888891,12.180555555555557,12.888888888888891,True,unadjusted 95 percent paired graph percentile bootstrap
study-cc25ae93d418f22101d4,1,32768,random_iso,cobyla,objective,24,a_minus_b,0.09764851201527873,0.08717108387800104,0.10809067917289891,True,unadjusted 95 percent paired graph percentile bootstrap
study-cc25ae93d418f22101d4,1,32768,random_iso,cobyla,expected_ratio,24,a_minus_b,-0.12080238683219661,-0.13299917148063803,-0.10848306330979614,False,unadjusted 95 percent paired graph percentile bootstrap
study-cc25ae93d418f22101d4,1,32768,random_iso,cobyla,signed_reference_gap,24,a_minus_b,0.09764851201527869,0.08717108387800102,0.10809067917289891,True,unadjusted 95 percent paired graph percentile bootstrap
study-cc25ae93d418f22101d4,1,32768,random_iso,cobyla,success_fraction,24,a_minus_b,-0.875,-0.9444444444444445,-0.7916666666666666,False,unadjusted 95 percent paired graph percentile bootstrap
study-cc25ae93d418f22101d4,1,32768,random_iso,cobyla,capped_target_shots,24,a_minus_b,30360.888888888887,28604.44444444445,31889.77777777778,True,unadjusted 95 percent paired graph percentile bootstrap
study-cc25ae93d418f22101d4,1,32768,random_iso,cobyla,optimization_shots,24,a_minus_b,15125.333333333334,14577.77777777778,15623.111111111115,True,unadjusted 95 percent paired graph percentile bootstrap
study-cc25ae93d418f22101d4,1,32768,random_iso,cobyla,optimization_calls,24,a_minus_b,15.083333333333334,14.25,15.972222222222221,True,unadjusted 95 percent paired graph percentile bootstrap
study-cc25ae93d418f22101d4,1,32768,random_iso,cobyla,optimization_jobs,24,a_minus_b,-2.7361111111111107,-3.2499999999999996,-2.2496527777777824,True,unadjusted 95 percent paired graph percentile bootstrap
study-cc25ae93d418f22101d4,1,32768,random_iso,spsa,objective,24,a_minus_b,0.0986805346470863,0.08799002360389599,0.10924124054907582,True,unadjusted 95 percent paired graph percentile bootstrap
study-cc25ae93d418f22101d4,1,32768,random_iso,spsa,expected_ratio,24,a_minus_b,-0.12206249271615481,-0.13445415811195163,-0.10944676154362906,False,unadjusted 95 percent paired graph percentile bootstrap
study-cc25ae93d418f22101d4,1,32768,random_iso,spsa,signed_reference_gap,24,a_minus_b,0.0986805346470863,0.087990023603896,0.1092412405490758,True,unadjusted 95 percent paired graph percentile bootstrap
study-cc25ae93d418f22101d4,1,32768,random_iso,spsa,success_fraction,24,a_minus_b,-0.875,-0.9444444444444445,-0.7916666666666666,False,unadjusted 95 percent paired graph percentile bootstrap
study-cc25ae93d418f22101d4,1,32768,random_iso,spsa,capped_target_shots,24,a_minus_b,30360.888888888887,28604.44444444445,31889.77777777778,True,unadjusted 95 percent paired graph percentile bootstrap
study-cc25ae93d418f22101d4,1,32768,random_iso,spsa,optimization_shots,24,a_minus_b,1045.3333333333337,903.1111111111114,1137.777777777778,True,unadjusted 95 percent paired graph percentile bootstrap
study-cc25ae93d418f22101d4,1,32768,random_iso,spsa,optimization_calls,24,a_minus_b,1.3333333333333328,0.49999999999999956,2.2777777777777772,True,unadjusted 95 percent paired graph percentile bootstrap
study-cc25ae93d418f22101d4,1,32768,random_iso,spsa,optimization_jobs,24,a_minus_b,-6.486111111111111,-6.819444444444444,-6.111111111111111,True,unadjusted 95 percent paired graph percentile bootstrap
study-cc25ae93d418f22101d4,1,32768,descriptor_iso,descriptor_shape,objective,24,a_minus_b,0.0,0.0,0.0,True,unadjusted 95 percent paired graph percentile bootstrap
study-cc25ae93d418f22101d4,1,32768,descriptor_iso,descriptor_shape,expected_ratio,24,a_minus_b,0.0,0.0,0.0,False,unadjusted 95 percent paired graph percentile bootstrap
study-cc25ae93d418f22101d4,1,32768,descriptor_iso,descriptor_shape,signed_reference_gap,24,a_minus_b,0.0,0.0,0.0,True,unadjusted 95 percent paired graph percentile bootstrap
study-cc25ae93d418f22101d4,1,32768,descriptor_iso,descriptor_shape,success_fraction,24,a_minus_b,0.0,0.0,0.0,False,unadjusted 95 percent paired graph percentile bootstrap
study-cc25ae93d418f22101d4,1,32768,descriptor_iso,descriptor_shape,capped_target_shots,24,a_minus_b,0.0,0.0,0.0,True,unadjusted 95 percent paired graph percentile bootstrap
study-cc25ae93d418f22101d4,1,32768,descriptor_iso,descriptor_shape,optimization_shots,24,a_minus_b,21.333333333333485,0.0,49.777777777778134,True,unadjusted 95 percent paired graph percentile bootstrap
study-cc25ae93d418f22101d4,1,32768,descriptor_iso,descriptor_shape,optimization_calls,24,a_minus_b,0.33333333333333304,0.0,0.7777777777777771,True,unadjusted 95 percent paired graph percentile bootstrap
study-cc25ae93d418f22101d4,1,32768,descriptor_iso,descriptor_shape,optimization_jobs,24,a_minus_b,0.125,0.0,0.2916666666666667,True,unadjusted 95 percent paired graph percentile bootstrap
study-cc25ae93d418f22101d4,1,32768,descriptor_iso,gw_iso,objective,24,a_minus_b,-0.002065351483274349,-0.003525836482698041,-0.0008211826149397229,True,unadjusted 95 percent paired graph percentile bootstrap
study-cc25ae93d418f22101d4,1,32768,descriptor_iso,gw_iso,expected_ratio,24,a_minus_b,0.002474738760087178,0.0009596963900171207,0.0042351737035684085,False,unadjusted 95 percent paired graph percentile bootstrap
study-cc25ae93d418f22101d4,1,32768,descriptor_iso,gw_iso,signed_reference_gap,24,a_minus_b,-0.002065351483274344,-0.003525836482698041,-0.0008211826149397184,True,unadjusted 95 percent paired graph percentile bootstrap
study-cc25ae93d418f22101d4,1,32768,descriptor_iso,gw_iso,success_fraction,24,a_minus_b,0.0,0.0,0.0,False,unadjusted 95 percent paired graph percentile bootstrap
study-cc25ae93d418f22101d4,1,32768,descriptor_iso,gw_iso,capped_target_shots,24,a_minus_b,0.0,0.0,0.0,True,unadjusted 95 percent paired graph percentile bootstrap
study-cc25ae93d418f22101d4,1,32768,descriptor_iso,gw_iso,optimization_shots,24,a_minus_b,92.44444444444434,21.333333333333183,170.66666666666637,True,unadjusted 95 percent paired graph percentile bootstrap
study-cc25ae93d418f22101d4,1,32768,descriptor_iso,gw_iso,optimization_calls,24,a_minus_b,1.4444444444444446,0.33333333333333304,2.6666666666666665,True,unadjusted 95 percent paired graph percentile bootstrap
study-cc25ae93d418f22101d4,1,32768,descriptor_iso,gw_iso,optimization_jobs,24,a_minus_b,0.5416666666666666,0.125,1.0,True,unadjusted 95 percent paired graph percentile bootstrap
study-cc25ae93d418f22101d4,1,32768,descriptor_iso,gw_shape,objective,24,a_minus_b,-0.002065351483274349,-0.003525836482698041,-0.0008211826149397229,True,unadjusted 95 percent paired graph percentile bootstrap
study-cc25ae93d418f22101d4,1,32768,descriptor_iso,gw_shape,expected_ratio,24,a_minus_b,0.002474738760087178,0.0009596963900171207,0.0042351737035684085,False,unadjusted 95 percent paired graph percentile bootstrap
study-cc25ae93d418f22101d4,1,32768,descriptor_iso,gw_shape,signed_reference_gap,24,a_minus_b,-0.002065351483274344,-0.003525836482698041,-0.0008211826149397184,True,unadjusted 95 percent paired graph percentile bootstrap
study-cc25ae93d418f22101d4,1,32768,descriptor_iso,gw_shape,success_fraction,24,a_minus_b,0.0,0.0,0.0,False,unadjusted 95 percent paired graph percentile bootstrap
study-cc25ae93d418f22101d4,1,32768,descriptor_iso,gw_shape,capped_target_shots,24,a_minus_b,0.0,0.0,0.0,True,unadjusted 95 percent paired graph percentile bootstrap
study-cc25ae93d418f22101d4,1,32768,descriptor_iso,gw_shape,optimization_shots,24,a_minus_b,135.11111111111117,42.66666666666697,227.55555555555551,True,unadjusted 95 percent paired graph percentile bootstrap
study-cc25ae93d418f22101d4,1,32768,descriptor_iso,gw_shape,optimization_calls,24,a_minus_b,2.111111111111111,0.6666666666666666,3.555555555555556,True,unadjusted 95 percent paired graph percentile bootstrap
study-cc25ae93d418f22101d4,1,32768,descriptor_iso,gw_shape,optimization_jobs,24,a_minus_b,0.7916666666666666,0.25,1.3333333333333333,True,unadjusted 95 percent paired graph percentile bootstrap
study-cc25ae93d418f22101d4,1,32768,descriptor_iso,local_iso,objective,24,a_minus_b,-0.0031168861217489344,-0.004923630309505414,-0.001527565486755827,True,unadjusted 95 percent paired graph percentile bootstrap
study-cc25ae93d418f22101d4,1,32768,descriptor_iso,local_iso,expected_ratio,24,a_minus_b,0.004188220614149872,0.0019942464189029747,0.006693557860237454,False,unadjusted 95 percent paired graph percentile bootstrap
study-cc25ae93d418f22101d4,1,32768,descriptor_iso,local_iso,signed_reference_gap,24,a_minus_b,-0.0031168861217489344,-0.004923630309505411,-0.0015275654867558225,True,unadjusted 95 percent paired graph percentile bootstrap
study-cc25ae93d418f22101d4,1,32768,descriptor_iso,local_iso,success_fraction,24,a_minus_b,0.0,0.0,0.0,False,unadjusted 95 percent paired graph percentile bootstrap
study-cc25ae93d418f22101d4,1,32768,descriptor_iso,local_iso,capped_target_shots,24,a_minus_b,0.0,0.0,0.0,True,unadjusted 95 percent paired graph percentile bootstrap
study-cc25ae93d418f22101d4,1,32768,descriptor_iso,local_iso,optimization_shots,24,a_minus_b,21.333333333333485,-7.111111111111161,49.777777777778134,True,unadjusted 95 percent paired graph percentile bootstrap
study-cc25ae93d418f22101d4,1,32768,descriptor_iso,local_iso,optimization_calls,24,a_minus_b,0.33333333333333304,-0.11111111111111101,0.7777777777777771,True,unadjusted 95 percent paired graph percentile bootstrap
study-cc25ae93d418f22101d4,1,32768,descriptor_iso,local_iso,optimization_jobs,24,a_minus_b,0.125,-0.041666666666666664,0.2916666666666667,True,unadjusted 95 percent paired graph percentile bootstrap
study-cc25ae93d418f22101d4,1,32768,descriptor_iso,shuffled_gw,objective,24,a_minus_b,-0.008001845664681359,-0.020266487719906374,-0.0014193151669182184,True,unadjusted 95 percent paired graph percentile bootstrap
study-cc25ae93d418f22101d4,1,32768,descriptor_iso,shuffled_gw,expected_ratio,24,a_minus_b,0.009635844296270823,0.0017861543393857494,0.024151662269221854,False,unadjusted 95 percent paired graph percentile bootstrap
study-cc25ae93d418f22101d4,1,32768,descriptor_iso,shuffled_gw,signed_reference_gap,24,a_minus_b,-0.008001845664681354,-0.020266487719906374,-0.0014193151669182184,True,unadjusted 95 percent paired graph percentile bootstrap
study-cc25ae93d418f22101d4,1,32768,descriptor_iso,shuffled_gw,success_fraction,24,a_minus_b,0.041666666666666664,0.0,0.125,False,unadjusted 95 percent paired graph percentile bootstrap
study-cc25ae93d418f22101d4,1,32768,descriptor_iso,shuffled_gw,capped_target_shots,24,a_minus_b,-1365.3333333333333,-4096.0,0.0,True,unadjusted 95 percent paired graph percentile bootstrap
study-cc25ae93d418f22101d4,1,32768,descriptor_iso,shuffled_gw,optimization_shots,24,a_minus_b,78.22222222222217,21.333333333333332,142.2222222222223,True,unadjusted 95 percent paired graph percentile bootstrap
study-cc25ae93d418f22101d4,1,32768,descriptor_iso,shuffled_gw,optimization_calls,24,a_minus_b,1.2222222222222223,0.3333333333333333,2.2222222222222228,True,unadjusted 95 percent paired graph percentile bootstrap
study-cc25ae93d418f22101d4,1,32768,descriptor_iso,shuffled_gw,optimization_jobs,24,a_minus_b,0.4583333333333333,0.125,0.8333333333333334,True,unadjusted 95 percent paired graph percentile bootstrap
study-cc25ae93d418f22101d4,1,32768,descriptor_iso,bad_prior,objective,24,a_minus_b,-0.09371644314251364,-0.12091589833180923,-0.066450390760757,True,unadjusted 95 percent paired graph percentile bootstrap
study-cc25ae93d418f22101d4,1,32768,descriptor_iso,bad_prior,expected_ratio,24,a_minus_b,0.11671682857589112,0.08349242650343748,0.14945401339958722,False,unadjusted 95 percent paired graph percentile bootstrap
study-cc25ae93d418f22101d4,1,32768,descriptor_iso,bad_prior,signed_reference_gap,24,a_minus_b,-0.09371644314251364,-0.12091589833180924,-0.066450390760757,True,unadjusted 95 percent paired graph percentile bootstrap
study-cc25ae93d418f22101d4,1,32768,descriptor_iso,bad_prior,success_fraction,24,a_minus_b,0.6666666666666666,0.4583333333333333,0.8333333333333334,False,unadjusted 95 percent paired graph percentile bootstrap
study-cc25ae93d418f22101d4,1,32768,descriptor_iso,bad_prior,capped_target_shots,24,a_minus_b,-23466.666666666668,-28117.333333333332,-17653.333333333332,True,unadjusted 95 percent paired graph percentile bootstrap
study-cc25ae93d418f22101d4,1,32768,descriptor_iso,bad_prior,optimization_shots,24,a_minus_b,-14.222222222222172,-156.44444444444434,135.111111111111,True,unadjusted 95 percent paired graph percentile bootstrap
study-cc25ae93d418f22101d4,1,32768,descriptor_iso,bad_prior,optimization_calls,24,a_minus_b,-0.22222222222222232,-2.4444444444444446,2.1111111111111107,True,unadjusted 95 percent paired graph percentile bootstrap
study-cc25ae93d418f22101d4,1,32768,descriptor_iso,bad_prior,optimization_jobs,24,a_minus_b,-0.08333333333333333,-0.9166666666666666,0.7916666666666666,True,unadjusted 95 percent paired graph percentile bootstrap
study-cc25ae93d418f22101d4,1,32768,descriptor_iso,no_repair,objective,24,a_minus_b,0.0,0.0,0.0,True,unadjusted 95 percent paired graph percentile bootstrap
study-cc25ae93d418f22101d4,1,32768,descriptor_iso,no_repair,expected_ratio,24,a_minus_b,0.0,0.0,0.0,False,unadjusted 95 percent paired graph percentile bootstrap
study-cc25ae93d418f22101d4,1,32768,descriptor_iso,no_repair,signed_reference_gap,24,a_minus_b,0.0,0.0,0.0,True,unadjusted 95 percent paired graph percentile bootstrap
study-cc25ae93d418f22101d4,1,32768,descriptor_iso,no_repair,success_fraction,24,a_minus_b,0.0,0.0,0.0,False,unadjusted 95 percent paired graph percentile bootstrap
study-cc25ae93d418f22101d4,1,32768,descriptor_iso,no_repair,capped_target_shots,24,a_minus_b,0.0,0.0,0.0,True,unadjusted 95 percent paired graph percentile bootstrap
study-cc25ae93d418f22101d4,1,32768,descriptor_iso,no_repair,optimization_shots,24,a_minus_b,85.33333333333348,21.333333333333638,156.44444444444466,True,unadjusted 95 percent paired graph percentile bootstrap
study-cc25ae93d418f22101d4,1,32768,descriptor_iso,no_repair,optimization_calls,24,a_minus_b,1.333333333333333,0.33333333333333304,2.4444444444444446,True,unadjusted 95 percent paired graph percentile bootstrap
study-cc25ae93d418f22101d4,1,32768,descriptor_iso,no_repair,optimization_jobs,24,a_minus_b,0.5,0.125,0.9166666666666666,True,unadjusted 95 percent paired graph percentile bootstrap
study-cc25ae93d418f22101d4,1,32768,descriptor_iso,fixed_radius,objective,24,a_minus_b,0.0,0.0,0.0,True,unadjusted 95 percent paired graph percentile bootstrap
study-cc25ae93d418f22101d4,1,32768,descriptor_iso,fixed_radius,expected_ratio,24,a_minus_b,0.0,0.0,0.0,False,unadjusted 95 percent paired graph percentile bootstrap
study-cc25ae93d418f22101d4,1,32768,descriptor_iso,fixed_radius,signed_reference_gap,24,a_minus_b,0.0,0.0,0.0,True,unadjusted 95 percent paired graph percentile bootstrap
study-cc25ae93d418f22101d4,1,32768,descriptor_iso,fixed_radius,success_fraction,24,a_minus_b,0.0,0.0,0.0,False,unadjusted 95 percent paired graph percentile bootstrap
study-cc25ae93d418f22101d4,1,32768,descriptor_iso,fixed_radius,capped_target_shots,24,a_minus_b,0.0,0.0,0.0,True,unadjusted 95 percent paired graph percentile bootstrap
study-cc25ae93d418f22101d4,1,32768,descriptor_iso,fixed_radius,optimization_shots,24,a_minus_b,-575.9999999999997,-807.111111111111,-316.4444444444439,True,unadjusted 95 percent paired graph percentile bootstrap
study-cc25ae93d418f22101d4,1,32768,descriptor_iso,fixed_radius,optimization_calls,24,a_minus_b,-27.13888888888889,-31.125,-23.75,True,unadjusted 95 percent paired graph percentile bootstrap
study-cc25ae93d418f22101d4,1,32768,descriptor_iso,fixed_radius,optimization_jobs,24,a_minus_b,-10.861111111111109,-12.319444444444443,-9.625,True,unadjusted 95 percent paired graph percentile bootstrap
study-cc25ae93d418f22101d4,1,32768,descriptor_iso,fixed_shots,objective,24,a_minus_b,0.0,0.0,0.0,True,unadjusted 95 percent paired graph percentile bootstrap
study-cc25ae93d418f22101d4,1,32768,descriptor_iso,fixed_shots,expected_ratio,24,a_minus_b,0.0,0.0,0.0,False,unadjusted 95 percent paired graph percentile bootstrap
study-cc25ae93d418f22101d4,1,32768,descriptor_iso,fixed_shots,signed_reference_gap,24,a_minus_b,0.0,0.0,0.0,True,unadjusted 95 percent paired graph percentile bootstrap
study-cc25ae93d418f22101d4,1,32768,descriptor_iso,fixed_shots,success_fraction,24,a_minus_b,0.0,0.0,0.0,False,unadjusted 95 percent paired graph percentile bootstrap
study-cc25ae93d418f22101d4,1,32768,descriptor_iso,fixed_shots,capped_target_shots,24,a_minus_b,0.0,0.0,0.0,True,unadjusted 95 percent paired graph percentile bootstrap
study-cc25ae93d418f22101d4,1,32768,descriptor_iso,fixed_shots,optimization_shots,24,a_minus_b,31132.44444444445,31047.111111111113,31217.77777777778,True,unadjusted 95 percent paired graph percentile bootstrap
study-cc25ae93d418f22101d4,1,32768,descriptor_iso,fixed_shots,optimization_calls,24,a_minus_b,29.444444444444446,28.11111111111111,30.777777777777782,True,unadjusted 95 percent paired graph percentile bootstrap
study-cc25ae93d418f22101d4,1,32768,descriptor_iso,fixed_shots,optimization_jobs,24,a_minus_b,12.916666666666666,12.416666666666666,13.416666666666666,True,unadjusted 95 percent paired graph percentile bootstrap
study-cc25ae93d418f22101d4,1,32768,descriptor_iso,cobyla,objective,24,a_minus_b,-0.0006982285699051646,-0.0012547681821754018,-3.081462694943258e-05,True,unadjusted 95 percent paired graph percentile bootstrap
study-cc25ae93d418f22101d4,1,32768,descriptor_iso,cobyla,expected_ratio,24,a_minus_b,0.000814983953807256,-6.721524514885987e-05,0.0015356619938888217,False,unadjusted 95 percent paired graph percentile bootstrap
study-cc25ae93d418f22101d4,1,32768,descriptor_iso,cobyla,signed_reference_gap,24,a_minus_b,-0.0006982285699051646,-0.001254768182175396,-3.081462694942509e-05,True,unadjusted 95 percent paired graph percentile bootstrap
study-cc25ae93d418f22101d4,1,32768,descriptor_iso,cobyla,success_fraction,24,a_minus_b,0.0,0.0,0.0,False,unadjusted 95 percent paired graph percentile bootstrap
study-cc25ae93d418f22101d4,1,32768,descriptor_iso,cobyla,capped_target_shots,24,a_minus_b,0.0,0.0,0.0,True,unadjusted 95 percent paired graph percentile bootstrap
study-cc25ae93d418f22101d4,1,32768,descriptor_iso,cobyla,optimization_shots,24,a_minus_b,15260.444444444443,14734.222222222224,15758.222222222224,True,unadjusted 95 percent paired graph percentile bootstrap
study-cc25ae93d418f22101d4,1,32768,descriptor_iso,cobyla,optimization_calls,24,a_minus_b,16.194444444444443,14.736111111111109,17.75,True,unadjusted 95 percent paired graph percentile bootstrap
study-cc25ae93d418f22101d4,1,32768,descriptor_iso,cobyla,optimization_jobs,24,a_minus_b,-2.3333333333333335,-3.0972222222222228,-1.5555555555555554,True,unadjusted 95 percent paired graph percentile bootstrap
study-cc25ae93d418f22101d4,1,32768,descriptor_iso,spsa,objective,24,a_minus_b,0.0003337940619024075,0.00012144524321831308,0.0006635665321148978,True,unadjusted 95 percent paired graph percentile bootstrap
study-cc25ae93d418f22101d4,1,32768,descriptor_iso,spsa,expected_ratio,24,a_minus_b,-0.00044512193015093515,-0.0008986164417169625,-0.00015517547079365833,False,unadjusted 95 percent paired graph percentile bootstrap
study-cc25ae93d418f22101d4,1,32768,descriptor_iso,spsa,signed_reference_gap,24,a_minus_b,0.0003337940619024244,0.00012144524321832062,0.000663566532114909,True,unadjusted 95 percent paired graph percentile bootstrap
study-cc25ae93d418f22101d4,1,32768,descriptor_iso,spsa,success_fraction,24,a_minus_b,0.0,0.0,0.0,False,unadjusted 95 percent paired graph percentile bootstrap
study-cc25ae93d418f22101d4,1,32768,descriptor_iso,spsa,capped_target_shots,24,a_minus_b,0.0,0.0,0.0,True,unadjusted 95 percent paired graph percentile bootstrap
study-cc25ae93d418f22101d4,1,32768,descriptor_iso,spsa,optimization_shots,24,a_minus_b,1180.4444444444446,1095.111111111111,1265.777777777778,True,unadjusted 95 percent paired graph percentile bootstrap
study-cc25ae93d418f22101d4,1,32768,descriptor_iso,spsa,optimization_calls,24,a_minus_b,2.444444444444444,1.111111111111111,3.777777777777778,True,unadjusted 95 percent paired graph percentile bootstrap
study-cc25ae93d418f22101d4,1,32768,descriptor_iso,spsa,optimization_jobs,24,a_minus_b,-6.083333333333333,-6.583333333333333,-5.583333333333333,True,unadjusted 95 percent paired graph percentile bootstrap
study-cc25ae93d418f22101d4,1,32768,descriptor_shape,gw_iso,objective,24,a_minus_b,-0.002065351483274349,-0.003525836482698041,-0.0008211826149397229,True,unadjusted 95 percent paired graph percentile bootstrap
study-cc25ae93d418f22101d4,1,32768,descriptor_shape,gw_iso,expected_ratio,24,a_minus_b,0.002474738760087178,0.0009596963900171207,0.0042351737035684085,False,unadjusted 95 percent paired graph percentile bootstrap
study-cc25ae93d418f22101d4,1,32768,descriptor_shape,gw_iso,signed_reference_gap,24,a_minus_b,-0.002065351483274344,-0.003525836482698041,-0.0008211826149397184,True,unadjusted 95 percent paired graph percentile bootstrap
study-cc25ae93d418f22101d4,1,32768,descriptor_shape,gw_iso,success_fraction,24,a_minus_b,0.0,0.0,0.0,False,unadjusted 95 percent paired graph percentile bootstrap
study-cc25ae93d418f22101d4,1,32768,descriptor_shape,gw_iso,capped_target_shots,24,a_minus_b,0.0,0.0,0.0,True,unadjusted 95 percent paired graph percentile bootstrap
study-cc25ae93d418f22101d4,1,32768,descriptor_shape,gw_iso,optimization_shots,24,a_minus_b,71.11111111111086,7.11111111111101,142.22222222222172,True,unadjusted 95 percent paired graph percentile bootstrap
study-cc25ae93d418f22101d4,1,32768,descriptor_shape,gw_iso,optimization_calls,24,a_minus_b,1.1111111111111116,0.11111111111111101,2.2222222222222228,True,unadjusted 95 percent paired graph percentile bootstrap
study-cc25ae93d418f22101d4,1,32768,descriptor_shape,gw_iso,optimization_jobs,24,a_minus_b,0.4166666666666667,0.041666666666666664,0.8333333333333334,True,unadjusted 95 percent paired graph percentile bootstrap
study-cc25ae93d418f22101d4,1,32768,descriptor_shape,gw_shape,objective,24,a_minus_b,-0.002065351483274349,-0.003525836482698041,-0.0008211826149397229,True,unadjusted 95 percent paired graph percentile bootstrap
study-cc25ae93d418f22101d4,1,32768,descriptor_shape,gw_shape,expected_ratio,24,a_minus_b,0.002474738760087178,0.0009596963900171207,0.0042351737035684085,False,unadjusted 95 percent paired graph percentile bootstrap
study-cc25ae93d418f22101d4,1,32768,descriptor_shape,gw_shape,signed_reference_gap,24,a_minus_b,-0.002065351483274344,-0.003525836482698041,-0.0008211826149397184,True,unadjusted 95 percent paired graph percentile bootstrap
study-cc25ae93d418f22101d4,1,32768,descriptor_shape,gw_shape,success_fraction,24,a_minus_b,0.0,0.0,0.0,False,unadjusted 95 percent paired graph percentile bootstrap
study-cc25ae93d418f22101d4,1,32768,descriptor_shape,gw_shape,capped_target_shots,24,a_minus_b,0.0,0.0,0.0,True,unadjusted 95 percent paired graph percentile bootstrap
study-cc25ae93d418f22101d4,1,32768,descriptor_shape,gw_shape,optimization_shots,24,a_minus_b,113.77777777777767,28.444444444444496,199.11111111111117,True,unadjusted 95 percent paired graph percentile bootstrap
study-cc25ae93d418f22101d4,1,32768,descriptor_shape,gw_shape,optimization_calls,24,a_minus_b,1.777777777777778,0.44444444444444436,3.111111111111112,True,unadjusted 95 percent paired graph percentile bootstrap
study-cc25ae93d418f22101d4,1,32768,descriptor_shape,gw_shape,optimization_jobs,24,a_minus_b,0.6666666666666666,0.16666666666666666,1.1666666666666667,True,unadjusted 95 percent paired graph percentile bootstrap
study-cc25ae93d418f22101d4,1,32768,descriptor_shape,local_iso,objective,24,a_minus_b,-0.0031168861217489344,-0.004923630309505414,-0.001527565486755827,True,unadjusted 95 percent paired graph percentile bootstrap
study-cc25ae93d418f22101d4,1,32768,descriptor_shape,local_iso,expected_ratio,24,a_minus_b,0.004188220614149872,0.0019942464189029747,0.006693557860237454,False,unadjusted 95 percent paired graph percentile bootstrap
study-cc25ae93d418f22101d4,1,32768,descriptor_shape,local_iso,signed_reference_gap,24,a_minus_b,-0.0031168861217489344,-0.004923630309505411,-0.0015275654867558225,True,unadjusted 95 percent paired graph percentile bootstrap
study-cc25ae93d418f22101d4,1,32768,descriptor_shape,local_iso,success_fraction,24,a_minus_b,0.0,0.0,0.0,False,unadjusted 95 percent paired graph percentile bootstrap
study-cc25ae93d418f22101d4,1,32768,descriptor_shape,local_iso,capped_target_shots,24,a_minus_b,0.0,0.0,0.0,True,unadjusted 95 percent paired graph percentile bootstrap
study-cc25ae93d418f22101d4,1,32768,descriptor_shape,local_iso,optimization_shots,24,a_minus_b,0.0,-28.444444444444645,28.444444444444645,True,unadjusted 95 percent paired graph percentile bootstrap
study-cc25ae93d418f22101d4,1,32768,descriptor_shape,local_iso,optimization_calls,24,a_minus_b,0.0,-0.44444444444444403,0.44444444444444403,True,unadjusted 95 percent paired graph percentile bootstrap
study-cc25ae93d418f22101d4,1,32768,descriptor_shape,local_iso,optimization_jobs,24,a_minus_b,0.0,-0.16666666666666666,0.16666666666666666,True,unadjusted 95 percent paired graph percentile bootstrap
study-cc25ae93d418f22101d4,1,32768,descriptor_shape,shuffled_gw,objective,24,a_minus_b,-0.008001845664681359,-0.020266487719906374,-0.0014193151669182184,True,unadjusted 95 percent paired graph percentile bootstrap
study-cc25ae93d418f22101d4,1,32768,descriptor_shape,shuffled_gw,expected_ratio,24,a_minus_b,0.009635844296270823,0.0017861543393857494,0.024151662269221854,False,unadjusted 95 percent paired graph percentile bootstrap
study-cc25ae93d418f22101d4,1,32768,descriptor_shape,shuffled_gw,signed_reference_gap,24,a_minus_b,-0.008001845664681354,-0.020266487719906374,-0.0014193151669182184,True,unadjusted 95 percent paired graph percentile bootstrap
study-cc25ae93d418f22101d4,1,32768,descriptor_shape,shuffled_gw,success_fraction,24,a_minus_b,0.041666666666666664,0.0,0.125,False,unadjusted 95 percent paired graph percentile bootstrap
study-cc25ae93d418f22101d4,1,32768,descriptor_shape,shuffled_gw,capped_target_shots,24,a_minus_b,-1365.3333333333333,-4096.0,0.0,True,unadjusted 95 percent paired graph percentile bootstrap
study-cc25ae93d418f22101d4,1,32768,descriptor_shape,shuffled_gw,optimization_shots,24,a_minus_b,56.88888888888869,14.22222222222202,113.77777777777753,True,unadjusted 95 percent paired graph percentile bootstrap
study-cc25ae93d418f22101d4,1,32768,descriptor_shape,shuffled_gw,optimization_calls,24,a_minus_b,0.8888888888888893,0.22222222222222232,1.7777777777777783,True,unadjusted 95 percent paired graph percentile bootstrap
study-cc25ae93d418f22101d4,1,32768,descriptor_shape,shuffled_gw,optimization_jobs,24,a_minus_b,0.3333333333333333,0.08333333333333333,0.6666666666666666,True,unadjusted 95 percent paired graph percentile bootstrap
study-cc25ae93d418f22101d4,1,32768,descriptor_shape,bad_prior,objective,24,a_minus_b,-0.09371644314251364,-0.12091589833180923,-0.066450390760757,True,unadjusted 95 percent paired graph percentile bootstrap
study-cc25ae93d418f22101d4,1,32768,descriptor_shape,bad_prior,expected_ratio,24,a_minus_b,0.11671682857589112,0.08349242650343748,0.14945401339958722,False,unadjusted 95 percent paired graph percentile bootstrap
study-cc25ae93d418f22101d4,1,32768,descriptor_shape,bad_prior,signed_reference_gap,24,a_minus_b,-0.09371644314251364,-0.12091589833180924,-0.066450390760757,True,unadjusted 95 percent paired graph percentile bootstrap
study-cc25ae93d418f22101d4,1,32768,descriptor_shape,bad_prior,success_fraction,24,a_minus_b,0.6666666666666666,0.4583333333333333,0.8333333333333334,False,unadjusted 95 percent paired graph percentile bootstrap
study-cc25ae93d418f22101d4,1,32768,descriptor_shape,bad_prior,capped_target_shots,24,a_minus_b,-23466.666666666668,-28117.333333333332,-17653.333333333332,True,unadjusted 95 percent paired graph percentile bootstrap
study-cc25ae93d418f22101d4,1,32768,descriptor_shape,bad_prior,optimization_shots,24,a_minus_b,-35.55555555555566,-177.77777777777783,106.66666666666652,True,unadjusted 95 percent paired graph percentile bootstrap
study-cc25ae93d418f22101d4,1,32768,descriptor_shape,bad_prior,optimization_calls,24,a_minus_b,-0.5555555555555554,-2.7777777777777772,1.666666666666667,True,unadjusted 95 percent paired graph percentile bootstrap
study-cc25ae93d418f22101d4,1,32768,descriptor_shape,bad_prior,optimization_jobs,24,a_minus_b,-0.20833333333333334,-1.0416666666666667,0.625,True,unadjusted 95 percent paired graph percentile bootstrap
study-cc25ae93d418f22101d4,1,32768,descriptor_shape,no_repair,objective,24,a_minus_b,0.0,0.0,0.0,True,unadjusted 95 percent paired graph percentile bootstrap
study-cc25ae93d418f22101d4,1,32768,descriptor_shape,no_repair,expected_ratio,24,a_minus_b,0.0,0.0,0.0,False,unadjusted 95 percent paired graph percentile bootstrap
study-cc25ae93d418f22101d4,1,32768,descriptor_shape,no_repair,signed_reference_gap,24,a_minus_b,0.0,0.0,0.0,True,unadjusted 95 percent paired graph percentile bootstrap
study-cc25ae93d418f22101d4,1,32768,descriptor_shape,no_repair,success_fraction,24,a_minus_b,0.0,0.0,0.0,False,unadjusted 95 percent paired graph percentile bootstrap
study-cc25ae93d418f22101d4,1,32768,descriptor_shape,no_repair,capped_target_shots,24,a_minus_b,0.0,0.0,0.0,True,unadjusted 95 percent paired graph percentile bootstrap
study-cc25ae93d418f22101d4,1,32768,descriptor_shape,no_repair,optimization_shots,24,a_minus_b,64.0,1.5158245029548803e-13,128.00000000000014,True,unadjusted 95 percent paired graph percentile bootstrap
study-cc25ae93d418f22101d4,1,32768,descriptor_shape,no_repair,optimization_calls,24,a_minus_b,1.0,-2.9605947323337506e-16,2.000000000000001,True,unadjusted 95 percent paired graph percentile bootstrap
study-cc25ae93d418f22101d4,1,32768,descriptor_shape,no_repair,optimization_jobs,24,a_minus_b,0.375,0.0,0.75,True,unadjusted 95 percent paired graph percentile bootstrap
study-cc25ae93d418f22101d4,1,32768,descriptor_shape,fixed_radius,objective,24,a_minus_b,0.0,0.0,0.0,True,unadjusted 95 percent paired graph percentile bootstrap
study-cc25ae93d418f22101d4,1,32768,descriptor_shape,fixed_radius,expected_ratio,24,a_minus_b,0.0,0.0,0.0,False,unadjusted 95 percent paired graph percentile bootstrap
study-cc25ae93d418f22101d4,1,32768,descriptor_shape,fixed_radius,signed_reference_gap,24,a_minus_b,0.0,0.0,0.0,True,unadjusted 95 percent paired graph percentile bootstrap
study-cc25ae93d418f22101d4,1,32768,descriptor_shape,fixed_radius,success_fraction,24,a_minus_b,0.0,0.0,0.0,False,unadjusted 95 percent paired graph percentile bootstrap
study-cc25ae93d418f22101d4,1,32768,descriptor_shape,fixed_radius,capped_target_shots,24,a_minus_b,0.0,0.0,0.0,True,unadjusted 95 percent paired graph percentile bootstrap
study-cc25ae93d418f22101d4,1,32768,descriptor_shape,fixed_radius,optimization_shots,24,a_minus_b,-597.3333333333331,-824.8888888888888,-337.77777777777754,True,unadjusted 95 percent paired graph percentile bootstrap
study-cc25ae93d418f22101d4,1,32768,descriptor_shape,fixed_radius,optimization_calls,24,a_minus_b,-27.472222222222218,-31.472222222222218,-23.985763888888894,True,unadjusted 95 percent paired graph percentile bootstrap
study-cc25ae93d418f22101d4,1,32768,descriptor_shape,fixed_radius,optimization_jobs,24,a_minus_b,-10.986111111111109,-12.444444444444443,-9.708333333333334,True,unadjusted 95 percent paired graph percentile bootstrap
study-cc25ae93d418f22101d4,1,32768,descriptor_shape,fixed_shots,objective,24,a_minus_b,0.0,0.0,0.0,True,unadjusted 95 percent paired graph percentile bootstrap
study-cc25ae93d418f22101d4,1,32768,descriptor_shape,fixed_shots,expected_ratio,24,a_minus_b,0.0,0.0,0.0,False,unadjusted 95 percent paired graph percentile bootstrap
study-cc25ae93d418f22101d4,1,32768,descriptor_shape,fixed_shots,signed_reference_gap,24,a_minus_b,0.0,0.0,0.0,True,unadjusted 95 percent paired graph percentile bootstrap
study-cc25ae93d418f22101d4,1,32768,descriptor_shape,fixed_shots,success_fraction,24,a_minus_b,0.0,0.0,0.0,False,unadjusted 95 percent paired graph percentile bootstrap
study-cc25ae93d418f22101d4,1,32768,descriptor_shape,fixed_shots,capped_target_shots,24,a_minus_b,0.0,0.0,0.0,True,unadjusted 95 percent paired graph percentile bootstrap
study-cc25ae93d418f22101d4,1,32768,descriptor_shape,fixed_shots,optimization_shots,24,a_minus_b,31111.11111111111,31032.888888888887,31196.44444444444,True,unadjusted 95 percent paired graph percentile bootstrap
study-cc25ae93d418f22101d4,1,32768,descriptor_shape,fixed_shots,optimization_calls,24,a_minus_b,29.111111111111114,27.88888888888889,30.444444444444446,True,unadjusted 95 percent paired graph percentile bootstrap
study-cc25ae93d418f22101d4,1,32768,descriptor_shape,fixed_shots,optimization_jobs,24,a_minus_b,12.791666666666666,12.333333333333334,13.291666666666666,True,unadjusted 95 percent paired graph percentile bootstrap
study-cc25ae93d418f22101d4,1,32768,descriptor_shape,cobyla,objective,24,a_minus_b,-0.0006982285699051646,-0.0012547681821754018,-3.081462694943258e-05,True,unadjusted 95 percent paired graph percentile bootstrap
study-cc25ae93d418f22101d4,1,32768,descriptor_shape,cobyla,expected_ratio,24,a_minus_b,0.000814983953807256,-6.721524514885987e-05,0.0015356619938888217,False,unadjusted 95 percent paired graph percentile bootstrap
study-cc25ae93d418f22101d4,1,32768,descriptor_shape,cobyla,signed_reference_gap,24,a_minus_b,-0.0006982285699051646,-0.001254768182175396,-3.081462694942509e-05,True,unadjusted 95 percent paired graph percentile bootstrap
study-cc25ae93d418f22101d4,1,32768,descriptor_shape,cobyla,success_fraction,24,a_minus_b,0.0,0.0,0.0,False,unadjusted 95 percent paired graph percentile bootstrap
study-cc25ae93d418f22101d4,1,32768,descriptor_shape,cobyla,capped_target_shots,24,a_minus_b,0.0,0.0,0.0,True,unadjusted 95 percent paired graph percentile bootstrap
study-cc25ae93d418f22101d4,1,32768,descriptor_shape,cobyla,optimization_shots,24,a_minus_b,15239.111111111111,14705.777777777776,15744.0,True,unadjusted 95 percent paired graph percentile bootstrap
study-cc25ae93d418f22101d4,1,32768,descriptor_shape,cobyla,optimization_calls,24,a_minus_b,15.861111111111112,14.444444444444448,17.36145833333333,True,unadjusted 95 percent paired graph percentile bootstrap
study-cc25ae93d418f22101d4,1,32768,descriptor_shape,cobyla,optimization_jobs,24,a_minus_b,-2.4583333333333335,-3.2222222222222228,-1.694444444444444,True,unadjusted 95 percent paired graph percentile bootstrap
study-cc25ae93d418f22101d4,1,32768,descriptor_shape,spsa,objective,24,a_minus_b,0.0003337940619024075,0.00012144524321831308,0.0006635665321148978,True,unadjusted 95 percent paired graph percentile bootstrap
study-cc25ae93d418f22101d4,1,32768,descriptor_shape,spsa,expected_ratio,24,a_minus_b,-0.00044512193015093515,-0.0008986164417169625,-0.00015517547079365833,False,unadjusted 95 percent paired graph percentile bootstrap
study-cc25ae93d418f22101d4,1,32768,descriptor_shape,spsa,signed_reference_gap,24,a_minus_b,0.0003337940619024244,0.00012144524321832062,0.000663566532114909,True,unadjusted 95 percent paired graph percentile bootstrap
study-cc25ae93d418f22101d4,1,32768,descriptor_shape,spsa,success_fraction,24,a_minus_b,0.0,0.0,0.0,False,unadjusted 95 percent paired graph percentile bootstrap
study-cc25ae93d418f22101d4,1,32768,descriptor_shape,spsa,capped_target_shots,24,a_minus_b,0.0,0.0,0.0,True,unadjusted 95 percent paired graph percentile bootstrap
study-cc25ae93d418f22101d4,1,32768,descriptor_shape,spsa,optimization_shots,24,a_minus_b,1159.111111111111,1080.888888888889,1244.4444444444441,True,unadjusted 95 percent paired graph percentile bootstrap
study-cc25ae93d418f22101d4,1,32768,descriptor_shape,spsa,optimization_calls,24,a_minus_b,2.111111111111111,0.888888888888889,3.4444444444444446,True,unadjusted 95 percent paired graph percentile bootstrap
study-cc25ae93d418f22101d4,1,32768,descriptor_shape,spsa,optimization_jobs,24,a_minus_b,-6.208333333333333,-6.666666666666667,-5.708333333333333,True,unadjusted 95 percent paired graph percentile bootstrap
study-cc25ae93d418f22101d4,1,32768,gw_iso,gw_shape,objective,24,a_minus_b,0.0,0.0,0.0,True,unadjusted 95 percent paired graph percentile bootstrap
study-cc25ae93d418f22101d4,1,32768,gw_iso,gw_shape,expected_ratio,24,a_minus_b,0.0,0.0,0.0,False,unadjusted 95 percent paired graph percentile bootstrap
study-cc25ae93d418f22101d4,1,32768,gw_iso,gw_shape,signed_reference_gap,24,a_minus_b,0.0,0.0,0.0,True,unadjusted 95 percent paired graph percentile bootstrap
study-cc25ae93d418f22101d4,1,32768,gw_iso,gw_shape,success_fraction,24,a_minus_b,0.0,0.0,0.0,False,unadjusted 95 percent paired graph percentile bootstrap
study-cc25ae93d418f22101d4,1,32768,gw_iso,gw_shape,capped_target_shots,24,a_minus_b,0.0,0.0,0.0,True,unadjusted 95 percent paired graph percentile bootstrap
study-cc25ae93d418f22101d4,1,32768,gw_iso,gw_shape,optimization_shots,24,a_minus_b,42.66666666666682,14.222222222222172,78.22222222222263,True,unadjusted 95 percent paired graph percentile bootstrap
study-cc25ae93d418f22101d4,1,32768,gw_iso,gw_shape,optimization_calls,24,a_minus_b,0.6666666666666664,0.22222222222222202,1.2222222222222223,True,unadjusted 95 percent paired graph percentile bootstrap
study-cc25ae93d418f22101d4,1,32768,gw_iso,gw_shape,optimization_jobs,24,a_minus_b,0.25,0.08333333333333333,0.4583333333333333,True,unadjusted 95 percent paired graph percentile bootstrap
study-cc25ae93d418f22101d4,1,32768,gw_iso,local_iso,objective,24,a_minus_b,-0.0010515346384745855,-0.0033437425867697997,0.0011533104040579705,True,unadjusted 95 percent paired graph percentile bootstrap
study-cc25ae93d418f22101d4,1,32768,gw_iso,local_iso,expected_ratio,24,a_minus_b,0.0017134818540626938,-0.001102174542984868,0.004748992154713642,False,unadjusted 95 percent paired graph percentile bootstrap
study-cc25ae93d418f22101d4,1,32768,gw_iso,local_iso,signed_reference_gap,24,a_minus_b,-0.00105153463847459,-0.003343742586769809,0.0011533104040579657,True,unadjusted 95 percent paired graph percentile bootstrap
study-cc25ae93d418f22101d4,1,32768,gw_iso,local_iso,success_fraction,24,a_minus_b,0.0,0.0,0.0,False,unadjusted 95 percent paired graph percentile bootstrap
study-cc25ae93d418f22101d4,1,32768,gw_iso,local_iso,capped_target_shots,24,a_minus_b,0.0,0.0,0.0,True,unadjusted 95 percent paired graph percentile bootstrap
study-cc25ae93d418f22101d4,1,32768,gw_iso,local_iso,optimization_shots,24,a_minus_b,-71.11111111111086,-135.11111111111086,-1.5158245029548803e-13,True,unadjusted 95 percent paired graph percentile bootstrap
study-cc25ae93d418f22101d4,1,32768,gw_iso,local_iso,optimization_calls,24,a_minus_b,-1.1111111111111116,-2.111111111111112,-5.921189464667501e-16,True,unadjusted 95 percent paired graph percentile bootstrap
study-cc25ae93d418f22101d4,1,32768,gw_iso,local_iso,optimization_jobs,24,a_minus_b,-0.4166666666666667,-0.7916666666666666,0.0,True,unadjusted 95 percent paired graph percentile bootstrap
study-cc25ae93d418f22101d4,1,32768,gw_iso,shuffled_gw,objective,24,a_minus_b,-0.0059364941814070106,-0.018377909701673266,0.0009866019415900001,True,unadjusted 95 percent paired graph percentile bootstrap
study-cc25ae93d418f22101d4,1,32768,gw_iso,shuffled_gw,expected_ratio,24,a_minus_b,0.007161105536183644,-0.0010934951875249796,0.021902906046258164,False,unadjusted 95 percent paired graph percentile bootstrap
study-cc25ae93d418f22101d4,1,32768,gw_iso,shuffled_gw,signed_reference_gap,24,a_minus_b,-0.0059364941814070106,-0.018377909701673266,0.00098660194159,True,unadjusted 95 percent paired graph percentile bootstrap
study-cc25ae93d418f22101d4,1,32768,gw_iso,shuffled_gw,success_fraction,24,a_minus_b,0.041666666666666664,0.0,0.125,False,unadjusted 95 percent paired graph percentile bootstrap
study-cc25ae93d418f22101d4,1,32768,gw_iso,shuffled_gw,capped_target_shots,24,a_minus_b,-1365.3333333333333,-4096.0,0.0,True,unadjusted 95 percent paired graph percentile bootstrap
study-cc25ae93d418f22101d4,1,32768,gw_iso,shuffled_gw,optimization_shots,24,a_minus_b,-14.222222222222172,-78.22222222222217,49.77777777777768,True,unadjusted 95 percent paired graph percentile bootstrap
study-cc25ae93d418f22101d4,1,32768,gw_iso,shuffled_gw,optimization_calls,24,a_minus_b,-0.22222222222222232,-1.222222222222223,0.777777777777778,True,unadjusted 95 percent paired graph percentile bootstrap
study-cc25ae93d418f22101d4,1,32768,gw_iso,shuffled_gw,optimization_jobs,24,a_minus_b,-0.08333333333333333,-0.4583333333333333,0.2916666666666667,True,unadjusted 95 percent paired graph percentile bootstrap
study-cc25ae93d418f22101d4,1,32768,gw_iso,bad_prior,objective,24,a_minus_b,-0.09165109165923928,-0.11832930462090685,-0.06480740832060804,True,unadjusted 95 percent paired graph percentile bootstrap
study-cc25ae93d418f22101d4,1,32768,gw_iso,bad_prior,expected_ratio,24,a_minus_b,0.11424208981580393,0.08164536596449372,0.14643215373862348,False,unadjusted 95 percent paired graph percentile bootstrap
study-cc25ae93d418f22101d4,1,32768,gw_iso,bad_prior,signed_reference_gap,24,a_minus_b,-0.09165109165923928,-0.11832930462090686,-0.06480740832060804,True,unadjusted 95 percent paired graph percentile bootstrap
study-cc25ae93d418f22101d4,1,32768,gw_iso,bad_prior,success_fraction,24,a_minus_b,0.6666666666666666,0.4583333333333333,0.8333333333333334,False,unadjusted 95 percent paired graph percentile bootstrap
study-cc25ae93d418f22101d4,1,32768,gw_iso,bad_prior,capped_target_shots,24,a_minus_b,-23466.666666666668,-28117.333333333332,-17653.333333333332,True,unadjusted 95 percent paired graph percentile bootstrap
study-cc25ae93d418f22101d4,1,32768,gw_iso,bad_prior,optimization_shots,24,a_minus_b,-106.66666666666652,-206.22222222222217,-7.11111111111101,True,unadjusted 95 percent paired graph percentile bootstrap
study-cc25ae93d418f22101d4,1,32768,gw_iso,bad_prior,optimization_calls,24,a_minus_b,-1.666666666666667,-3.2222222222222228,-0.1111111111111116,True,unadjusted 95 percent paired graph percentile bootstrap
study-cc25ae93d418f22101d4,1,32768,gw_iso,bad_prior,optimization_jobs,24,a_minus_b,-0.625,-1.2083333333333333,-0.041666666666666664,True,unadjusted 95 percent paired graph percentile bootstrap
study-cc25ae93d418f22101d4,1,32768,gw_iso,no_repair,objective,24,a_minus_b,0.002065351483274349,0.0008211826149397227,0.00352583648269804,True,unadjusted 95 percent paired graph percentile bootstrap
study-cc25ae93d418f22101d4,1,32768,gw_iso,no_repair,expected_ratio,24,a_minus_b,-0.002474738760087178,-0.0042351737035684085,-0.0009596963900171208,False,unadjusted 95 percent paired graph percentile bootstrap
study-cc25ae93d418f22101d4,1,32768,gw_iso,no_repair,signed_reference_gap,24,a_minus_b,0.002065351483274344,0.0008211826149397182,0.0035258364826980396,True,unadjusted 95 percent paired graph percentile bootstrap
study-cc25ae93d418f22101d4,1,32768,gw_iso,no_repair,success_fraction,24,a_minus_b,0.0,0.0,0.0,False,unadjusted 95 percent paired graph percentile bootstrap
study-cc25ae93d418f22101d4,1,32768,gw_iso,no_repair,capped_target_shots,24,a_minus_b,0.0,0.0,0.0,True,unadjusted 95 percent paired graph percentile bootstrap
study-cc25ae93d418f22101d4,1,32768,gw_iso,no_repair,optimization_shots,24,a_minus_b,-7.1111111111108585,-78.22222222222172,56.888888888888836,True,unadjusted 95 percent paired graph percentile bootstrap
study-cc25ae93d418f22101d4,1,32768,gw_iso,no_repair,optimization_calls,24,a_minus_b,-0.1111111111111116,-1.2222222222222223,0.8888888888888881,True,unadjusted 95 percent paired graph percentile bootstrap
study-cc25ae93d418f22101d4,1,32768,gw_iso,no_repair,optimization_jobs,24,a_minus_b,-0.041666666666666664,-0.4583333333333333,0.3333333333333333,True,unadjusted 95 percent paired graph percentile bootstrap
study-cc25ae93d418f22101d4,1,32768,gw_iso,fixed_radius,objective,24,a_minus_b,0.002065351483274349,0.0008211826149397227,0.00352583648269804,True,unadjusted 95 percent paired graph percentile bootstrap
study-cc25ae93d418f22101d4,1,32768,gw_iso,fixed_radius,expected_ratio,24,a_minus_b,-0.002474738760087178,-0.0042351737035684085,-0.0009596963900171208,False,unadjusted 95 percent paired graph percentile bootstrap
study-cc25ae93d418f22101d4,1,32768,gw_iso,fixed_radius,signed_reference_gap,24,a_minus_b,0.002065351483274344,0.0008211826149397182,0.0035258364826980396,True,unadjusted 95 percent paired graph percentile bootstrap
study-cc25ae93d418f22101d4,1,32768,gw_iso,fixed_radius,success_fraction,24,a_minus_b,0.0,0.0,0.0,False,unadjusted 95 percent paired graph percentile bootstrap
study-cc25ae93d418f22101d4,1,32768,gw_iso,fixed_radius,capped_target_shots,24,a_minus_b,0.0,0.0,0.0,True,unadjusted 95 percent paired graph percentile bootstrap
study-cc25ae93d418f22101d4,1,32768,gw_iso,fixed_radius,optimization_shots,24,a_minus_b,-668.444444444444,-853.333333333333,-458.66666666666634,True,unadjusted 95 percent paired graph percentile bootstrap
study-cc25ae93d418f22101d4,1,32768,gw_iso,fixed_radius,optimization_calls,24,a_minus_b,-28.583333333333332,-33.486111111111114,-24.31909722222223,True,unadjusted 95 percent paired graph percentile bootstrap
study-cc25ae93d418f22101d4,1,32768,gw_iso,fixed_radius,optimization_jobs,24,a_minus_b,-11.402777777777777,-13.194444444444445,-9.846875000000004,True,unadjusted 95 percent paired graph percentile bootstrap
study-cc25ae93d418f22101d4,1,32768,gw_iso,fixed_shots,objective,24,a_minus_b,0.002065351483274349,0.0008211826149397227,0.00352583648269804,True,unadjusted 95 percent paired graph percentile bootstrap
study-cc25ae93d418f22101d4,1,32768,gw_iso,fixed_shots,expected_ratio,24,a_minus_b,-0.002474738760087178,-0.0042351737035684085,-0.0009596963900171208,False,unadjusted 95 percent paired graph percentile bootstrap
study-cc25ae93d418f22101d4,1,32768,gw_iso,fixed_shots,signed_reference_gap,24,a_minus_b,0.002065351483274344,0.0008211826149397182,0.0035258364826980396,True,unadjusted 95 percent paired graph percentile bootstrap
study-cc25ae93d418f22101d4,1,32768,gw_iso,fixed_shots,success_fraction,24,a_minus_b,0.0,0.0,0.0,False,unadjusted 95 percent paired graph percentile bootstrap
study-cc25ae93d418f22101d4,1,32768,gw_iso,fixed_shots,capped_target_shots,24,a_minus_b,0.0,0.0,0.0,True,unadjusted 95 percent paired graph percentile bootstrap
study-cc25ae93d418f22101d4,1,32768,gw_iso,fixed_shots,optimization_shots,24,a_minus_b,31040.0,30997.333333333332,31089.777777777777,True,unadjusted 95 percent paired graph percentile bootstrap
study-cc25ae93d418f22101d4,1,32768,gw_iso,fixed_shots,optimization_calls,24,a_minus_b,28.0,27.333333333333332,28.777777777777775,True,unadjusted 95 percent paired graph percentile bootstrap
study-cc25ae93d418f22101d4,1,32768,gw_iso,fixed_shots,optimization_jobs,24,a_minus_b,12.375,12.125,12.666666666666666,True,unadjusted 95 percent paired graph percentile bootstrap
study-cc25ae93d418f22101d4,1,32768,gw_iso,cobyla,objective,24,a_minus_b,0.0013671229133691842,9.139605891733868e-05,0.002836481852196994,True,unadjusted 95 percent paired graph percentile bootstrap
study-cc25ae93d418f22101d4,1,32768,gw_iso,cobyla,expected_ratio,24,a_minus_b,-0.0016597548062799218,-0.0034201107863579532,-0.00010565831087089528,False,unadjusted 95 percent paired graph percentile bootstrap
study-cc25ae93d418f22101d4,1,32768,gw_iso,cobyla,signed_reference_gap,24,a_minus_b,0.0013671229133691797,9.139605891735998e-05,0.0028364818521969793,True,unadjusted 95 percent paired graph percentile bootstrap
study-cc25ae93d418f22101d4,1,32768,gw_iso,cobyla,success_fraction,24,a_minus_b,0.0,0.0,0.0,False,unadjusted 95 percent paired graph percentile bootstrap
study-cc25ae93d418f22101d4,1,32768,gw_iso,cobyla,capped_target_shots,24,a_minus_b,0.0,0.0,0.0,True,unadjusted 95 percent paired graph percentile bootstrap
study-cc25ae93d418f22101d4,1,32768,gw_iso,cobyla,optimization_shots,24,a_minus_b,15168.0,14655.822222222223,15644.444444444445,True,unadjusted 95 percent paired graph percentile bootstrap
study-cc25ae93d418f22101d4,1,32768,gw_iso,cobyla,optimization_calls,24,a_minus_b,14.75,13.888888888888891,15.638888888888888,True,unadjusted 95 percent paired graph percentile bootstrap
study-cc25ae93d418f22101d4,1,32768,gw_iso,cobyla,optimization_jobs,24,a_minus_b,-2.8749999999999996,-3.4583333333333335,-2.3194444444444446,True,unadjusted 95 percent paired graph percentile bootstrap
study-cc25ae93d418f22101d4,1,32768,gw_iso,spsa,objective,24,a_minus_b,0.0023991455451767563,0.0011522847113028458,0.003876643775296815,True,unadjusted 95 percent paired graph percentile bootstrap
study-cc25ae93d418f22101d4,1,32768,gw_iso,spsa,expected_ratio,24,a_minus_b,-0.002919860690238113,-0.004687072201799479,-0.0013993254871373607,False,unadjusted 95 percent paired graph percentile bootstrap
study-cc25ae93d418f22101d4,1,32768,gw_iso,spsa,signed_reference_gap,24,a_minus_b,0.002399145545176769,0.001152284711302858,0.003876643775296828,True,unadjusted 95 percent paired graph percentile bootstrap
study-cc25ae93d418f22101d4,1,32768,gw_iso,spsa,success_fraction,24,a_minus_b,0.0,0.0,0.0,False,unadjusted 95 percent paired graph percentile bootstrap
study-cc25ae93d418f22101d4,1,32768,gw_iso,spsa,capped_target_shots,24,a_minus_b,0.0,0.0,0.0,True,unadjusted 95 percent paired graph percentile bootstrap
study-cc25ae93d418f22101d4,1,32768,gw_iso,spsa,optimization_shots,24,a_minus_b,1088.0000000000002,1045.3333333333335,1137.7777777777776,True,unadjusted 95 percent paired graph percentile bootstrap
study-cc25ae93d418f22101d4,1,32768,gw_iso,spsa,optimization_calls,24,a_minus_b,0.9999999999999997,0.3333333333333333,1.7777777777777768,True,unadjusted 95 percent paired graph percentile bootstrap
study-cc25ae93d418f22101d4,1,32768,gw_iso,spsa,optimization_jobs,24,a_minus_b,-6.625,-6.875,-6.333333333333333,True,unadjusted 95 percent paired graph percentile bootstrap
study-cc25ae93d418f22101d4,1,32768,gw_shape,local_iso,objective,24,a_minus_b,-0.0010515346384745855,-0.0033437425867697997,0.0011533104040579705,True,unadjusted 95 percent paired graph percentile bootstrap
study-cc25ae93d418f22101d4,1,32768,gw_shape,local_iso,expected_ratio,24,a_minus_b,0.0017134818540626938,-0.001102174542984868,0.004748992154713642,False,unadjusted 95 percent paired graph percentile bootstrap
study-cc25ae93d418f22101d4,1,32768,gw_shape,local_iso,signed_reference_gap,24,a_minus_b,-0.00105153463847459,-0.003343742586769809,0.0011533104040579657,True,unadjusted 95 percent paired graph percentile bootstrap
study-cc25ae93d418f22101d4,1,32768,gw_shape,local_iso,success_fraction,24,a_minus_b,0.0,0.0,0.0,False,unadjusted 95 percent paired graph percentile bootstrap
study-cc25ae93d418f22101d4,1,32768,gw_shape,local_iso,capped_target_shots,24,a_minus_b,0.0,0.0,0.0,True,unadjusted 95 percent paired graph percentile bootstrap
study-cc25ae93d418f22101d4,1,32768,gw_shape,local_iso,optimization_shots,24,a_minus_b,-113.77777777777767,-199.111111111111,-35.55555555555551,True,unadjusted 95 percent paired graph percentile bootstrap
study-cc25ae93d418f22101d4,1,32768,gw_shape,local_iso,optimization_calls,24,a_minus_b,-1.777777777777778,-3.111111111111112,-0.5555555555555554,True,unadjusted 95 percent paired graph percentile bootstrap
study-cc25ae93d418f22101d4,1,32768,gw_shape,local_iso,optimization_jobs,24,a_minus_b,-0.6666666666666666,-1.1666666666666667,-0.20833333333333334,True,unadjusted 95 percent paired graph percentile bootstrap
study-cc25ae93d418f22101d4,1,32768,gw_shape,shuffled_gw,objective,24,a_minus_b,-0.0059364941814070106,-0.018377909701673266,0.0009866019415900001,True,unadjusted 95 percent paired graph percentile bootstrap
study-cc25ae93d418f22101d4,1,32768,gw_shape,shuffled_gw,expected_ratio,24,a_minus_b,0.007161105536183644,-0.0010934951875249796,0.021902906046258164,False,unadjusted 95 percent paired graph percentile bootstrap
study-cc25ae93d418f22101d4,1,32768,gw_shape,shuffled_gw,signed_reference_gap,24,a_minus_b,-0.0059364941814070106,-0.018377909701673266,0.00098660194159,True,unadjusted 95 percent paired graph percentile bootstrap
study-cc25ae93d418f22101d4,1,32768,gw_shape,shuffled_gw,success_fraction,24,a_minus_b,0.041666666666666664,0.0,0.125,False,unadjusted 95 percent paired graph percentile bootstrap
study-cc25ae93d418f22101d4,1,32768,gw_shape,shuffled_gw,capped_target_shots,24,a_minus_b,-1365.3333333333333,-4096.0,0.0,True,unadjusted 95 percent paired graph percentile bootstrap
study-cc25ae93d418f22101d4,1,32768,gw_shape,shuffled_gw,optimization_shots,24,a_minus_b,-56.88888888888899,-128.00000000000014,7.11111111111101,True,unadjusted 95 percent paired graph percentile bootstrap
study-cc25ae93d418f22101d4,1,32768,gw_shape,shuffled_gw,optimization_calls,24,a_minus_b,-0.8888888888888887,-2.0,0.1111111111111116,True,unadjusted 95 percent paired graph percentile bootstrap
study-cc25ae93d418f22101d4,1,32768,gw_shape,shuffled_gw,optimization_jobs,24,a_minus_b,-0.3333333333333333,-0.75,0.041666666666666664,True,unadjusted 95 percent paired graph percentile bootstrap
study-cc25ae93d418f22101d4,1,32768,gw_shape,bad_prior,objective,24,a_minus_b,-0.09165109165923928,-0.11832930462090685,-0.06480740832060804,True,unadjusted 95 percent paired graph percentile bootstrap
study-cc25ae93d418f22101d4,1,32768,gw_shape,bad_prior,expected_ratio,24,a_minus_b,0.11424208981580393,0.08164536596449372,0.14643215373862348,False,unadjusted 95 percent paired graph percentile bootstrap
study-cc25ae93d418f22101d4,1,32768,gw_shape,bad_prior,signed_reference_gap,24,a_minus_b,-0.09165109165923928,-0.11832930462090686,-0.06480740832060804,True,unadjusted 95 percent paired graph percentile bootstrap
study-cc25ae93d418f22101d4,1,32768,gw_shape,bad_prior,success_fraction,24,a_minus_b,0.6666666666666666,0.4583333333333333,0.8333333333333334,False,unadjusted 95 percent paired graph percentile bootstrap
study-cc25ae93d418f22101d4,1,32768,gw_shape,bad_prior,capped_target_shots,24,a_minus_b,-23466.666666666668,-28117.333333333332,-17653.333333333332,True,unadjusted 95 percent paired graph percentile bootstrap
study-cc25ae93d418f22101d4,1,32768,gw_shape,bad_prior,optimization_shots,24,a_minus_b,-149.33333333333334,-248.88888888888883,-56.888888888888836,True,unadjusted 95 percent paired graph percentile bootstrap
study-cc25ae93d418f22101d4,1,32768,gw_shape,bad_prior,optimization_calls,24,a_minus_b,-2.3333333333333335,-3.888888888888889,-0.888888888888889,True,unadjusted 95 percent paired graph percentile bootstrap
study-cc25ae93d418f22101d4,1,32768,gw_shape,bad_prior,optimization_jobs,24,a_minus_b,-0.875,-1.4583333333333333,-0.3333333333333333,True,unadjusted 95 percent paired graph percentile bootstrap
study-cc25ae93d418f22101d4,1,32768,gw_shape,no_repair,objective,24,a_minus_b,0.002065351483274349,0.0008211826149397227,0.00352583648269804,True,unadjusted 95 percent paired graph percentile bootstrap
study-cc25ae93d418f22101d4,1,32768,gw_shape,no_repair,expected_ratio,24,a_minus_b,-0.002474738760087178,-0.0042351737035684085,-0.0009596963900171208,False,unadjusted 95 percent paired graph percentile bootstrap
study-cc25ae93d418f22101d4,1,32768,gw_shape,no_repair,signed_reference_gap,24,a_minus_b,0.002065351483274344,0.0008211826149397182,0.0035258364826980396,True,unadjusted 95 percent paired graph percentile bootstrap
study-cc25ae93d418f22101d4,1,32768,gw_shape,no_repair,success_fraction,24,a_minus_b,0.0,0.0,0.0,False,unadjusted 95 percent paired graph percentile bootstrap
study-cc25ae93d418f22101d4,1,32768,gw_shape,no_repair,capped_target_shots,24,a_minus_b,0.0,0.0,0.0,True,unadjusted 95 percent paired graph percentile bootstrap
study-cc25ae93d418f22101d4,1,32768,gw_shape,no_repair,optimization_shots,24,a_minus_b,-49.77777777777768,-120.88888888888853,14.222222222222172,True,unadjusted 95 percent paired graph percentile bootstrap
study-cc25ae93d418f22101d4,1,32768,gw_shape,no_repair,optimization_calls,24,a_minus_b,-0.777777777777778,-1.8888888888888893,0.22222222222222232,True,unadjusted 95 percent paired graph percentile bootstrap
study-cc25ae93d418f22101d4,1,32768,gw_shape,no_repair,optimization_jobs,24,a_minus_b,-0.2916666666666667,-0.7083333333333334,0.08333333333333333,True,unadjusted 95 percent paired graph percentile bootstrap
study-cc25ae93d418f22101d4,1,32768,gw_shape,fixed_radius,objective,24,a_minus_b,0.002065351483274349,0.0008211826149397227,0.00352583648269804,True,unadjusted 95 percent paired graph percentile bootstrap
study-cc25ae93d418f22101d4,1,32768,gw_shape,fixed_radius,expected_ratio,24,a_minus_b,-0.002474738760087178,-0.0042351737035684085,-0.0009596963900171208,False,unadjusted 95 percent paired graph percentile bootstrap
study-cc25ae93d418f22101d4,1,32768,gw_shape,fixed_radius,signed_reference_gap,24,a_minus_b,0.002065351483274344,0.0008211826149397182,0.0035258364826980396,True,unadjusted 95 percent paired graph percentile bootstrap
study-cc25ae93d418f22101d4,1,32768,gw_shape,fixed_radius,success_fraction,24,a_minus_b,0.0,0.0,0.0,False,unadjusted 95 percent paired graph percentile bootstrap
study-cc25ae93d418f22101d4,1,32768,gw_shape,fixed_radius,capped_target_shots,24,a_minus_b,0.0,0.0,0.0,True,unadjusted 95 percent paired graph percentile bootstrap
study-cc25ae93d418f22101d4,1,32768,gw_shape,fixed_radius,optimization_shots,24,a_minus_b,-711.1111111111109,-878.2222222222222,-519.111111111111,True,unadjusted 95 percent paired graph percentile bootstrap
study-cc25ae93d418f22101d4,1,32768,gw_shape,fixed_radius,optimization_calls,24,a_minus_b,-29.25,-34.513888888888886,-24.666666666666668,True,unadjusted 95 percent paired graph percentile bootstrap
study-cc25ae93d418f22101d4,1,32768,gw_shape,fixed_radius,optimization_jobs,24,a_minus_b,-11.652777777777777,-13.583333333333334,-9.972222222222221,True,unadjusted 95 percent paired graph percentile bootstrap
study-cc25ae93d418f22101d4,1,32768,gw_shape,fixed_shots,objective,24,a_minus_b,0.002065351483274349,0.0008211826149397227,0.00352583648269804,True,unadjusted 95 percent paired graph percentile bootstrap
study-cc25ae93d418f22101d4,1,32768,gw_shape,fixed_shots,expected_ratio,24,a_minus_b,-0.002474738760087178,-0.0042351737035684085,-0.0009596963900171208,False,unadjusted 95 percent paired graph percentile bootstrap
study-cc25ae93d418f22101d4,1,32768,gw_shape,fixed_shots,signed_reference_gap,24,a_minus_b,0.002065351483274344,0.0008211826149397182,0.0035258364826980396,True,unadjusted 95 percent paired graph percentile bootstrap
study-cc25ae93d418f22101d4,1,32768,gw_shape,fixed_shots,success_fraction,24,a_minus_b,0.0,0.0,0.0,False,unadjusted 95 percent paired graph percentile bootstrap
study-cc25ae93d418f22101d4,1,32768,gw_shape,fixed_shots,capped_target_shots,24,a_minus_b,0.0,0.0,0.0,True,unadjusted 95 percent paired graph percentile bootstrap
study-cc25ae93d418f22101d4,1,32768,gw_shape,fixed_shots,optimization_shots,24,a_minus_b,30997.333333333332,30976.0,31032.888888888887,True,unadjusted 95 percent paired graph percentile bootstrap
study-cc25ae93d418f22101d4,1,32768,gw_shape,fixed_shots,optimization_calls,24,a_minus_b,27.333333333333332,27.0,27.888888888888886,True,unadjusted 95 percent paired graph percentile bootstrap
study-cc25ae93d418f22101d4,1,32768,gw_shape,fixed_shots,optimization_jobs,24,a_minus_b,12.125,12.0,12.333333333333334,True,unadjusted 95 percent paired graph percentile bootstrap
study-cc25ae93d418f22101d4,1,32768,gw_shape,cobyla,objective,24,a_minus_b,0.0013671229133691842,9.139605891733868e-05,0.002836481852196994,True,unadjusted 95 percent paired graph percentile bootstrap
study-cc25ae93d418f22101d4,1,32768,gw_shape,cobyla,expected_ratio,24,a_minus_b,-0.0016597548062799218,-0.0034201107863579532,-0.00010565831087089528,False,unadjusted 95 percent paired graph percentile bootstrap
study-cc25ae93d418f22101d4,1,32768,gw_shape,cobyla,signed_reference_gap,24,a_minus_b,0.0013671229133691797,9.139605891735998e-05,0.0028364818521969793,True,unadjusted 95 percent paired graph percentile bootstrap
study-cc25ae93d418f22101d4,1,32768,gw_shape,cobyla,success_fraction,24,a_minus_b,0.0,0.0,0.0,False,unadjusted 95 percent paired graph percentile bootstrap
study-cc25ae93d418f22101d4,1,32768,gw_shape,cobyla,capped_target_shots,24,a_minus_b,0.0,0.0,0.0,True,unadjusted 95 percent paired graph percentile bootstrap
study-cc25ae93d418f22101d4,1,32768,gw_shape,cobyla,optimization_shots,24,a_minus_b,15125.333333333334,14620.444444444443,15594.666666666666,True,unadjusted 95 percent paired graph percentile bootstrap
study-cc25ae93d418f22101d4,1,32768,gw_shape,cobyla,optimization_calls,24,a_minus_b,14.083333333333334,13.458333333333334,14.736111111111109,True,unadjusted 95 percent paired graph percentile bootstrap
study-cc25ae93d418f22101d4,1,32768,gw_shape,cobyla,optimization_jobs,24,a_minus_b,-3.1249999999999996,-3.6527777777777772,-2.6527777777777777,True,unadjusted 95 percent paired graph percentile bootstrap
study-cc25ae93d418f22101d4,1,32768,gw_shape,spsa,objective,24,a_minus_b,0.0023991455451767563,0.0011522847113028458,0.003876643775296815,True,unadjusted 95 percent paired graph percentile bootstrap
study-cc25ae93d418f22101d4,1,32768,gw_shape,spsa,expected_ratio,24,a_minus_b,-0.002919860690238113,-0.004687072201799479,-0.0013993254871373607,False,unadjusted 95 percent paired graph percentile bootstrap
study-cc25ae93d418f22101d4,1,32768,gw_shape,spsa,signed_reference_gap,24,a_minus_b,0.002399145545176769,0.001152284711302858,0.003876643775296828,True,unadjusted 95 percent paired graph percentile bootstrap
study-cc25ae93d418f22101d4,1,32768,gw_shape,spsa,success_fraction,24,a_minus_b,0.0,0.0,0.0,False,unadjusted 95 percent paired graph percentile bootstrap
study-cc25ae93d418f22101d4,1,32768,gw_shape,spsa,capped_target_shots,24,a_minus_b,0.0,0.0,0.0,True,unadjusted 95 percent paired graph percentile bootstrap
study-cc25ae93d418f22101d4,1,32768,gw_shape,spsa,optimization_shots,24,a_minus_b,1045.3333333333333,1024.0,1080.888888888889,True,unadjusted 95 percent paired graph percentile bootstrap
study-cc25ae93d418f22101d4,1,32768,gw_shape,spsa,optimization_calls,24,a_minus_b,0.3333333333333333,0.0,0.888888888888889,True,unadjusted 95 percent paired graph percentile bootstrap
study-cc25ae93d418f22101d4,1,32768,gw_shape,spsa,optimization_jobs,24,a_minus_b,-6.875,-7.0,-6.666666666666667,True,unadjusted 95 percent paired graph percentile bootstrap
study-cc25ae93d418f22101d4,1,32768,local_iso,shuffled_gw,objective,24,a_minus_b,-0.004884959542932425,-0.017416020810811002,0.0021927650969158392,True,unadjusted 95 percent paired graph percentile bootstrap
study-cc25ae93d418f22101d4,1,32768,local_iso,shuffled_gw,expected_ratio,24,a_minus_b,0.005447623682120951,-0.0030921921145421268,0.02034066478080189,False,unadjusted 95 percent paired graph percentile bootstrap
study-cc25ae93d418f22101d4,1,32768,local_iso,shuffled_gw,signed_reference_gap,24,a_minus_b,-0.00488495954293242,-0.01741602081081099,0.0021927650969158392,True,unadjusted 95 percent paired graph percentile bootstrap
study-cc25ae93d418f22101d4,1,32768,local_iso,shuffled_gw,success_fraction,24,a_minus_b,0.041666666666666664,0.0,0.125,False,unadjusted 95 percent paired graph percentile bootstrap
study-cc25ae93d418f22101d4,1,32768,local_iso,shuffled_gw,capped_target_shots,24,a_minus_b,-1365.3333333333333,-4096.0,0.0,True,unadjusted 95 percent paired graph percentile bootstrap
study-cc25ae93d418f22101d4,1,32768,local_iso,shuffled_gw,optimization_shots,24,a_minus_b,56.88888888888869,-3.0316490059097606e-13,120.88888888888869,True,unadjusted 95 percent paired graph percentile bootstrap
study-cc25ae93d418f22101d4,1,32768,local_iso,shuffled_gw,optimization_calls,24,a_minus_b,0.8888888888888893,2.9605947323337506e-16,1.8888888888888895,True,unadjusted 95 percent paired graph percentile bootstrap
study-cc25ae93d418f22101d4,1,32768,local_iso,shuffled_gw,optimization_jobs,24,a_minus_b,0.3333333333333333,0.0,0.7083333333333334,True,unadjusted 95 percent paired graph percentile bootstrap
study-cc25ae93d418f22101d4,1,32768,local_iso,bad_prior,objective,24,a_minus_b,-0.0905995570207647,-0.11801592577018241,-0.06379483736431596,True,unadjusted 95 percent paired graph percentile bootstrap
study-cc25ae93d418f22101d4,1,32768,local_iso,bad_prior,expected_ratio,24,a_minus_b,0.11252860796174124,0.08014565732639811,0.14499273788891798,False,unadjusted 95 percent paired graph percentile bootstrap
study-cc25ae93d418f22101d4,1,32768,local_iso,bad_prior,signed_reference_gap,24,a_minus_b,-0.0905995570207647,-0.11801592577018244,-0.06379483736431595,True,unadjusted 95 percent paired graph percentile bootstrap
study-cc25ae93d418f22101d4,1,32768,local_iso,bad_prior,success_fraction,24,a_minus_b,0.6666666666666666,0.4583333333333333,0.8333333333333334,False,unadjusted 95 percent paired graph percentile bootstrap
study-cc25ae93d418f22101d4,1,32768,local_iso,bad_prior,capped_target_shots,24,a_minus_b,-23466.666666666668,-28117.333333333332,-17653.333333333332,True,unadjusted 95 percent paired graph percentile bootstrap
study-cc25ae93d418f22101d4,1,32768,local_iso,bad_prior,optimization_shots,24,a_minus_b,-35.55555555555566,-177.77777777777783,106.66666666666667,True,unadjusted 95 percent paired graph percentile bootstrap
study-cc25ae93d418f22101d4,1,32768,local_iso,bad_prior,optimization_calls,24,a_minus_b,-0.5555555555555554,-2.7777777777777772,1.6666666666666672,True,unadjusted 95 percent paired graph percentile bootstrap
study-cc25ae93d418f22101d4,1,32768,local_iso,bad_prior,optimization_jobs,24,a_minus_b,-0.20833333333333334,-1.0416666666666667,0.625,True,unadjusted 95 percent paired graph percentile bootstrap
study-cc25ae93d418f22101d4,1,32768,local_iso,no_repair,objective,24,a_minus_b,0.0031168861217489344,0.001527565486755827,0.0049236303095054135,True,unadjusted 95 percent paired graph percentile bootstrap
study-cc25ae93d418f22101d4,1,32768,local_iso,no_repair,expected_ratio,24,a_minus_b,-0.004188220614149872,-0.006693557860237454,-0.001994246418902975,False,unadjusted 95 percent paired graph percentile bootstrap
study-cc25ae93d418f22101d4,1,32768,local_iso,no_repair,signed_reference_gap,24,a_minus_b,0.0031168861217489344,0.0015275654867558223,0.004923630309505409,True,unadjusted 95 percent paired graph percentile bootstrap
study-cc25ae93d418f22101d4,1,32768,local_iso,no_repair,success_fraction,24,a_minus_b,0.0,0.0,0.0,False,unadjusted 95 percent paired graph percentile bootstrap
study-cc25ae93d418f22101d4,1,32768,local_iso,no_repair,capped_target_shots,24,a_minus_b,0.0,0.0,0.0,True,unadjusted 95 percent paired graph percentile bootstrap
study-cc25ae93d418f22101d4,1,32768,local_iso,no_repair,optimization_shots,24,a_minus_b,64.0,-7.11111111111101,135.11111111111117,True,unadjusted 95 percent paired graph percentile bootstrap
study-cc25ae93d418f22101d4,1,32768,local_iso,no_repair,optimization_calls,24,a_minus_b,1.0,-0.11111111111111101,2.111111111111111,True,unadjusted 95 percent paired graph percentile bootstrap
study-cc25ae93d418f22101d4,1,32768,local_iso,no_repair,optimization_jobs,24,a_minus_b,0.375,-0.041666666666666664,0.7916666666666666,True,unadjusted 95 percent paired graph percentile bootstrap
study-cc25ae93d418f22101d4,1,32768,local_iso,fixed_radius,objective,24,a_minus_b,0.0031168861217489344,0.001527565486755827,0.0049236303095054135,True,unadjusted 95 percent paired graph percentile bootstrap
study-cc25ae93d418f22101d4,1,32768,local_iso,fixed_radius,expected_ratio,24,a_minus_b,-0.004188220614149872,-0.006693557860237454,-0.001994246418902975,False,unadjusted 95 percent paired graph percentile bootstrap
study-cc25ae93d418f22101d4,1,32768,local_iso,fixed_radius,signed_reference_gap,24,a_minus_b,0.0031168861217489344,0.0015275654867558223,0.004923630309505409,True,unadjusted 95 percent paired graph percentile bootstrap
study-cc25ae93d418f22101d4,1,32768,local_iso,fixed_radius,success_fraction,24,a_minus_b,0.0,0.0,0.0,False,unadjusted 95 percent paired graph percentile bootstrap
study-cc25ae93d418f22101d4,1,32768,local_iso,fixed_radius,capped_target_shots,24,a_minus_b,0.0,0.0,0.0,True,unadjusted 95 percent paired graph percentile bootstrap
study-cc25ae93d418f22101d4,1,32768,local_iso,fixed_radius,optimization_shots,24,a_minus_b,-597.3333333333331,-824.8888888888886,-344.8888888888885,True,unadjusted 95 percent paired graph percentile bootstrap
study-cc25ae93d418f22101d4,1,32768,local_iso,fixed_radius,optimization_calls,24,a_minus_b,-27.472222222222218,-31.472222222222218,-23.999652777777783,True,unadjusted 95 percent paired graph percentile bootstrap
study-cc25ae93d418f22101d4,1,32768,local_iso,fixed_radius,optimization_jobs,24,a_minus_b,-10.986111111111109,-12.458333333333334,-9.721875000000004,True,unadjusted 95 percent paired graph percentile bootstrap
study-cc25ae93d418f22101d4,1,32768,local_iso,fixed_shots,objective,24,a_minus_b,0.0031168861217489344,0.001527565486755827,0.0049236303095054135,True,unadjusted 95 percent paired graph percentile bootstrap
study-cc25ae93d418f22101d4,1,32768,local_iso,fixed_shots,expected_ratio,24,a_minus_b,-0.004188220614149872,-0.006693557860237454,-0.001994246418902975,False,unadjusted 95 percent paired graph percentile bootstrap
study-cc25ae93d418f22101d4,1,32768,local_iso,fixed_shots,signed_reference_gap,24,a_minus_b,0.0031168861217489344,0.0015275654867558223,0.004923630309505409,True,unadjusted 95 percent paired graph percentile bootstrap
study-cc25ae93d418f22101d4,1,32768,local_iso,fixed_shots,success_fraction,24,a_minus_b,0.0,0.0,0.0,False,unadjusted 95 percent paired graph percentile bootstrap
study-cc25ae93d418f22101d4,1,32768,local_iso,fixed_shots,capped_target_shots,24,a_minus_b,0.0,0.0,0.0,True,unadjusted 95 percent paired graph percentile bootstrap
study-cc25ae93d418f22101d4,1,32768,local_iso,fixed_shots,optimization_shots,24,a_minus_b,31111.111111111113,31032.88888888889,31189.333333333332,True,unadjusted 95 percent paired graph percentile bootstrap
study-cc25ae93d418f22101d4,1,32768,local_iso,fixed_shots,optimization_calls,24,a_minus_b,29.111111111111114,27.88888888888889,30.333333333333332,True,unadjusted 95 percent paired graph percentile bootstrap
study-cc25ae93d418f22101d4,1,32768,local_iso,fixed_shots,optimization_jobs,24,a_minus_b,12.791666666666666,12.333333333333334,13.25,True,unadjusted 95 percent paired graph percentile bootstrap
study-cc25ae93d418f22101d4,1,32768,local_iso,cobyla,objective,24,a_minus_b,0.0024186575518437697,0.00048271174408981844,0.004680428758946125,True,unadjusted 95 percent paired graph percentile bootstrap
study-cc25ae93d418f22101d4,1,32768,local_iso,cobyla,expected_ratio,24,a_minus_b,-0.0033732366603426156,-0.006474546903284164,-0.0007478779108182937,False,unadjusted 95 percent paired graph percentile bootstrap
study-cc25ae93d418f22101d4,1,32768,local_iso,cobyla,signed_reference_gap,24,a_minus_b,0.0024186575518437697,0.00048271174408980326,0.004680428758946114,True,unadjusted 95 percent paired graph percentile bootstrap
study-cc25ae93d418f22101d4,1,32768,local_iso,cobyla,success_fraction,24,a_minus_b,0.0,0.0,0.0,False,unadjusted 95 percent paired graph percentile bootstrap
study-cc25ae93d418f22101d4,1,32768,local_iso,cobyla,capped_target_shots,24,a_minus_b,0.0,0.0,0.0,True,unadjusted 95 percent paired graph percentile bootstrap
study-cc25ae93d418f22101d4,1,32768,local_iso,cobyla,optimization_shots,24,a_minus_b,15239.111111111111,14705.777777777776,15744.0,True,unadjusted 95 percent paired graph percentile bootstrap
study-cc25ae93d418f22101d4,1,32768,local_iso,cobyla,optimization_calls,24,a_minus_b,15.861111111111112,14.444444444444448,17.36111111111111,True,unadjusted 95 percent paired graph percentile bootstrap
study-cc25ae93d418f22101d4,1,32768,local_iso,cobyla,optimization_jobs,24,a_minus_b,-2.4583333333333335,-3.2222222222222228,-1.694444444444444,True,unadjusted 95 percent paired graph percentile bootstrap
study-cc25ae93d418f22101d4,1,32768,local_iso,spsa,objective,24,a_minus_b,0.0034506801836513418,0.0017034940029578768,0.005457614339295743,True,unadjusted 95 percent paired graph percentile bootstrap
study-cc25ae93d418f22101d4,1,32768,local_iso,spsa,expected_ratio,24,a_minus_b,-0.004633342544300807,-0.007406145453400212,-0.0022258955519750736,False,unadjusted 95 percent paired graph percentile bootstrap
study-cc25ae93d418f22101d4,1,32768,local_iso,spsa,signed_reference_gap,24,a_minus_b,0.003450680183651359,0.0017034940029578929,0.005457614339295758,True,unadjusted 95 percent paired graph percentile bootstrap
study-cc25ae93d418f22101d4,1,32768,local_iso,spsa,success_fraction,24,a_minus_b,0.0,0.0,0.0,False,unadjusted 95 percent paired graph percentile bootstrap
study-cc25ae93d418f22101d4,1,32768,local_iso,spsa,capped_target_shots,24,a_minus_b,0.0,0.0,0.0,True,unadjusted 95 percent paired graph percentile bootstrap
study-cc25ae93d418f22101d4,1,32768,local_iso,spsa,optimization_shots,24,a_minus_b,1159.111111111111,1080.888888888889,1237.3333333333333,True,unadjusted 95 percent paired graph percentile bootstrap
study-cc25ae93d418f22101d4,1,32768,local_iso,spsa,optimization_calls,24,a_minus_b,2.111111111111111,0.888888888888889,3.3333333333333344,True,unadjusted 95 percent paired graph percentile bootstrap
study-cc25ae93d418f22101d4,1,32768,local_iso,spsa,optimization_jobs,24,a_minus_b,-6.208333333333333,-6.666666666666667,-5.75,True,unadjusted 95 percent paired graph percentile bootstrap
study-cc25ae93d418f22101d4,1,32768,shuffled_gw,bad_prior,objective,24,a_minus_b,-0.08571459747783228,-0.11703333586991767,-0.05247210153559049,True,unadjusted 95 percent paired graph percentile bootstrap
study-cc25ae93d418f22101d4,1,32768,shuffled_gw,bad_prior,expected_ratio,24,a_minus_b,0.1070809842796203,0.0667118843423222,0.14431021275711256,False,unadjusted 95 percent paired graph percentile bootstrap
study-cc25ae93d418f22101d4,1,32768,shuffled_gw,bad_prior,signed_reference_gap,24,a_minus_b,-0.08571459747783228,-0.11703333586991767,-0.05247210153559048,True,unadjusted 95 percent paired graph percentile bootstrap
study-cc25ae93d418f22101d4,1,32768,shuffled_gw,bad_prior,success_fraction,24,a_minus_b,0.625,0.375,0.8333333333333334,False,unadjusted 95 percent paired graph percentile bootstrap
study-cc25ae93d418f22101d4,1,32768,shuffled_gw,bad_prior,capped_target_shots,24,a_minus_b,-22101.333333333332,-28117.333333333332,-14922.666666666666,True,unadjusted 95 percent paired graph percentile bootstrap
study-cc25ae93d418f22101d4,1,32768,shuffled_gw,bad_prior,optimization_shots,24,a_minus_b,-92.44444444444434,-213.33333333333334,35.55555555555551,True,unadjusted 95 percent paired graph percentile bootstrap
study-cc25ae93d418f22101d4,1,32768,shuffled_gw,bad_prior,optimization_calls,24,a_minus_b,-1.4444444444444446,-3.333333333333334,0.5555555555555554,True,unadjusted 95 percent paired graph percentile bootstrap
study-cc25ae93d418f22101d4,1,32768,shuffled_gw,bad_prior,optimization_jobs,24,a_minus_b,-0.5416666666666666,-1.25,0.20833333333333334,True,unadjusted 95 percent paired graph percentile bootstrap
study-cc25ae93d418f22101d4,1,32768,shuffled_gw,no_repair,objective,24,a_minus_b,0.008001845664681359,0.0014193151669182182,0.02026648771990637,True,unadjusted 95 percent paired graph percentile bootstrap
study-cc25ae93d418f22101d4,1,32768,shuffled_gw,no_repair,expected_ratio,24,a_minus_b,-0.009635844296270823,-0.024151662269221854,-0.0017861543393857505,False,unadjusted 95 percent paired graph percentile bootstrap
study-cc25ae93d418f22101d4,1,32768,shuffled_gw,no_repair,signed_reference_gap,24,a_minus_b,0.008001845664681354,0.0014193151669182182,0.02026648771990637,True,unadjusted 95 percent paired graph percentile bootstrap
study-cc25ae93d418f22101d4,1,32768,shuffled_gw,no_repair,success_fraction,24,a_minus_b,-0.041666666666666664,-0.125,0.0,False,unadjusted 95 percent paired graph percentile bootstrap
study-cc25ae93d418f22101d4,1,32768,shuffled_gw,no_repair,capped_target_shots,24,a_minus_b,1365.3333333333333,0.0,4096.0,True,unadjusted 95 percent paired graph percentile bootstrap
study-cc25ae93d418f22101d4,1,32768,shuffled_gw,no_repair,optimization_shots,24,a_minus_b,7.111111111111313,-49.77777777777752,71.11111111111131,True,unadjusted 95 percent paired graph percentile bootstrap
study-cc25ae93d418f22101d4,1,32768,shuffled_gw,no_repair,optimization_calls,24,a_minus_b,0.11111111111111072,-0.7777777777777786,1.1111111111111107,True,unadjusted 95 percent paired graph percentile bootstrap
study-cc25ae93d418f22101d4,1,32768,shuffled_gw,no_repair,optimization_jobs,24,a_minus_b,0.041666666666666664,-0.2916666666666667,0.4166666666666667,True,unadjusted 95 percent paired graph percentile bootstrap
study-cc25ae93d418f22101d4,1,32768,shuffled_gw,fixed_radius,objective,24,a_minus_b,0.008001845664681359,0.0014193151669182182,0.02026648771990637,True,unadjusted 95 percent paired graph percentile bootstrap
study-cc25ae93d418f22101d4,1,32768,shuffled_gw,fixed_radius,expected_ratio,24,a_minus_b,-0.009635844296270823,-0.024151662269221854,-0.0017861543393857505,False,unadjusted 95 percent paired graph percentile bootstrap
study-cc25ae93d418f22101d4,1,32768,shuffled_gw,fixed_radius,signed_reference_gap,24,a_minus_b,0.008001845664681354,0.0014193151669182182,0.02026648771990637,True,unadjusted 95 percent paired graph percentile bootstrap
study-cc25ae93d418f22101d4,1,32768,shuffled_gw,fixed_radius,success_fraction,24,a_minus_b,-0.041666666666666664,-0.125,0.0,False,unadjusted 95 percent paired graph percentile bootstrap
study-cc25ae93d418f22101d4,1,32768,shuffled_gw,fixed_radius,capped_target_shots,24,a_minus_b,1365.3333333333333,0.0,4096.0,True,unadjusted 95 percent paired graph percentile bootstrap
study-cc25ae93d418f22101d4,1,32768,shuffled_gw,fixed_radius,optimization_shots,24,a_minus_b,-654.2222222222218,-853.3333333333331,-426.66666666666623,True,unadjusted 95 percent paired graph percentile bootstrap
study-cc25ae93d418f22101d4,1,32768,shuffled_gw,fixed_radius,optimization_calls,24,a_minus_b,-28.361111111111114,-32.86111111111111,-24.361111111111114,True,unadjusted 95 percent paired graph percentile bootstrap
study-cc25ae93d418f22101d4,1,32768,shuffled_gw,fixed_radius,optimization_jobs,24,a_minus_b,-11.319444444444443,-12.972222222222221,-9.86111111111111,True,unadjusted 95 percent paired graph percentile bootstrap
study-cc25ae93d418f22101d4,1,32768,shuffled_gw,fixed_shots,objective,24,a_minus_b,0.008001845664681359,0.0014193151669182182,0.02026648771990637,True,unadjusted 95 percent paired graph percentile bootstrap
study-cc25ae93d418f22101d4,1,32768,shuffled_gw,fixed_shots,expected_ratio,24,a_minus_b,-0.009635844296270823,-0.024151662269221854,-0.0017861543393857505,False,unadjusted 95 percent paired graph percentile bootstrap
study-cc25ae93d418f22101d4,1,32768,shuffled_gw,fixed_shots,signed_reference_gap,24,a_minus_b,0.008001845664681354,0.0014193151669182182,0.02026648771990637,True,unadjusted 95 percent paired graph percentile bootstrap
study-cc25ae93d418f22101d4,1,32768,shuffled_gw,fixed_shots,success_fraction,24,a_minus_b,-0.041666666666666664,-0.125,0.0,False,unadjusted 95 percent paired graph percentile bootstrap
study-cc25ae93d418f22101d4,1,32768,shuffled_gw,fixed_shots,capped_target_shots,24,a_minus_b,1365.3333333333333,0.0,4096.0,True,unadjusted 95 percent paired graph percentile bootstrap
study-cc25ae93d418f22101d4,1,32768,shuffled_gw,fixed_shots,optimization_shots,24,a_minus_b,31054.222222222223,30997.333333333332,31118.222222222223,True,unadjusted 95 percent paired graph percentile bootstrap
study-cc25ae93d418f22101d4,1,32768,shuffled_gw,fixed_shots,optimization_calls,24,a_minus_b,28.222222222222218,27.333333333333332,29.222222222222225,True,unadjusted 95 percent paired graph percentile bootstrap
study-cc25ae93d418f22101d4,1,32768,shuffled_gw,fixed_shots,optimization_jobs,24,a_minus_b,12.458333333333334,12.125,12.833333333333334,True,unadjusted 95 percent paired graph percentile bootstrap
study-cc25ae93d418f22101d4,1,32768,shuffled_gw,cobyla,objective,24,a_minus_b,0.007303617094776195,0.00043446825902337385,0.01986077038235155,True,unadjusted 95 percent paired graph percentile bootstrap
study-cc25ae93d418f22101d4,1,32768,shuffled_gw,cobyla,expected_ratio,24,a_minus_b,-0.008820860342463566,-0.02374015873845623,-0.0005890225333637906,False,unadjusted 95 percent paired graph percentile bootstrap
study-cc25ae93d418f22101d4,1,32768,shuffled_gw,cobyla,signed_reference_gap,24,a_minus_b,0.00730361709477619,0.0004344682590233724,0.019860770382351532,True,unadjusted 95 percent paired graph percentile bootstrap
study-cc25ae93d418f22101d4,1,32768,shuffled_gw,cobyla,success_fraction,24,a_minus_b,-0.041666666666666664,-0.125,0.0,False,unadjusted 95 percent paired graph percentile bootstrap
study-cc25ae93d418f22101d4,1,32768,shuffled_gw,cobyla,capped_target_shots,24,a_minus_b,1365.3333333333333,0.0,4096.0,True,unadjusted 95 percent paired graph percentile bootstrap
study-cc25ae93d418f22101d4,1,32768,shuffled_gw,cobyla,optimization_shots,24,a_minus_b,15182.222222222224,14656.0,15672.88888888889,True,unadjusted 95 percent paired graph percentile bootstrap
study-cc25ae93d418f22101d4,1,32768,shuffled_gw,cobyla,optimization_calls,24,a_minus_b,14.972222222222221,13.888888888888891,16.194444444444446,True,unadjusted 95 percent paired graph percentile bootstrap
study-cc25ae93d418f22101d4,1,32768,shuffled_gw,cobyla,optimization_jobs,24,a_minus_b,-2.7916666666666665,-3.4583333333333335,-2.1249999999999996,True,unadjusted 95 percent paired graph percentile bootstrap
study-cc25ae93d418f22101d4,1,32768,shuffled_gw,spsa,objective,24,a_minus_b,0.008335639726583766,0.001666174335455071,0.020662124330314103,True,unadjusted 95 percent paired graph percentile bootstrap
study-cc25ae93d418f22101d4,1,32768,shuffled_gw,spsa,expected_ratio,24,a_minus_b,-0.010080966226421758,-0.024699558017453722,-0.0021096857909232657,False,unadjusted 95 percent paired graph percentile bootstrap
study-cc25ae93d418f22101d4,1,32768,shuffled_gw,spsa,signed_reference_gap,24,a_minus_b,0.00833563972658378,0.001666174335455083,0.020662124330314124,True,unadjusted 95 percent paired graph percentile bootstrap
study-cc25ae93d418f22101d4,1,32768,shuffled_gw,spsa,success_fraction,24,a_minus_b,-0.041666666666666664,-0.125,0.0,False,unadjusted 95 percent paired graph percentile bootstrap
study-cc25ae93d418f22101d4,1,32768,shuffled_gw,spsa,capped_target_shots,24,a_minus_b,1365.3333333333333,0.0,4096.0,True,unadjusted 95 percent paired graph percentile bootstrap
study-cc25ae93d418f22101d4,1,32768,shuffled_gw,spsa,optimization_shots,24,a_minus_b,1102.2222222222224,1045.3333333333335,1166.2222222222224,True,unadjusted 95 percent paired graph percentile bootstrap
study-cc25ae93d418f22101d4,1,32768,shuffled_gw,spsa,optimization_calls,24,a_minus_b,1.222222222222222,0.3333333333333333,2.2222222222222223,True,unadjusted 95 percent paired graph percentile bootstrap
study-cc25ae93d418f22101d4,1,32768,shuffled_gw,spsa,optimization_jobs,24,a_minus_b,-6.541666666666667,-6.875,-6.166666666666667,True,unadjusted 95 percent paired graph percentile bootstrap
study-cc25ae93d418f22101d4,1,32768,bad_prior,no_repair,objective,24,a_minus_b,0.09371644314251364,0.066450390760757,0.12091589833180923,True,unadjusted 95 percent paired graph percentile bootstrap
study-cc25ae93d418f22101d4,1,32768,bad_prior,no_repair,expected_ratio,24,a_minus_b,-0.11671682857589112,-0.14945401339958725,-0.0834924265034375,False,unadjusted 95 percent paired graph percentile bootstrap
study-cc25ae93d418f22101d4,1,32768,bad_prior,no_repair,signed_reference_gap,24,a_minus_b,0.09371644314251364,0.066450390760757,0.12091589833180924,True,unadjusted 95 percent paired graph percentile bootstrap
study-cc25ae93d418f22101d4,1,32768,bad_prior,no_repair,success_fraction,24,a_minus_b,-0.6666666666666666,-0.8333333333333334,-0.4583333333333333,False,unadjusted 95 percent paired graph percentile bootstrap
study-cc25ae93d418f22101d4,1,32768,bad_prior,no_repair,capped_target_shots,24,a_minus_b,23466.666666666668,17653.333333333332,28117.333333333332,True,unadjusted 95 percent paired graph percentile bootstrap
study-cc25ae93d418f22101d4,1,32768,bad_prior,no_repair,optimization_shots,24,a_minus_b,99.55555555555566,-21.333333333333183,220.44444444444449,True,unadjusted 95 percent paired graph percentile bootstrap
study-cc25ae93d418f22101d4,1,32768,bad_prior,no_repair,optimization_calls,24,a_minus_b,1.5555555555555554,-0.33333333333333365,3.444444444444444,True,unadjusted 95 percent paired graph percentile bootstrap
study-cc25ae93d418f22101d4,1,32768,bad_prior,no_repair,optimization_jobs,24,a_minus_b,0.5833333333333334,-0.125,1.2916666666666667,True,unadjusted 95 percent paired graph percentile bootstrap
study-cc25ae93d418f22101d4,1,32768,bad_prior,fixed_radius,objective,24,a_minus_b,0.09371644314251364,0.066450390760757,0.12091589833180923,True,unadjusted 95 percent paired graph percentile bootstrap
study-cc25ae93d418f22101d4,1,32768,bad_prior,fixed_radius,expected_ratio,24,a_minus_b,-0.11671682857589112,-0.14945401339958725,-0.0834924265034375,False,unadjusted 95 percent paired graph percentile bootstrap
study-cc25ae93d418f22101d4,1,32768,bad_prior,fixed_radius,signed_reference_gap,24,a_minus_b,0.09371644314251364,0.066450390760757,0.12091589833180924,True,unadjusted 95 percent paired graph percentile bootstrap
study-cc25ae93d418f22101d4,1,32768,bad_prior,fixed_radius,success_fraction,24,a_minus_b,-0.6666666666666666,-0.8333333333333334,-0.4583333333333333,False,unadjusted 95 percent paired graph percentile bootstrap
study-cc25ae93d418f22101d4,1,32768,bad_prior,fixed_radius,capped_target_shots,24,a_minus_b,23466.666666666668,17653.333333333332,28117.333333333332,True,unadjusted 95 percent paired graph percentile bootstrap
study-cc25ae93d418f22101d4,1,32768,bad_prior,fixed_radius,optimization_shots,24,a_minus_b,-561.7777777777775,-736.0888888888888,-376.8888888888887,True,unadjusted 95 percent paired graph percentile bootstrap
study-cc25ae93d418f22101d4,1,32768,bad_prior,fixed_radius,optimization_calls,24,a_minus_b,-26.916666666666668,-32.73645833333334,-21.63888888888889,True,unadjusted 95 percent paired graph percentile bootstrap
study-cc25ae93d418f22101d4,1,32768,bad_prior,fixed_radius,optimization_jobs,24,a_minus_b,-10.777777777777777,-12.930555555555555,-8.833333333333334,True,unadjusted 95 percent paired graph percentile bootstrap
study-cc25ae93d418f22101d4,1,32768,bad_prior,fixed_shots,objective,24,a_minus_b,0.09371644314251364,0.066450390760757,0.12091589833180923,True,unadjusted 95 percent paired graph percentile bootstrap
study-cc25ae93d418f22101d4,1,32768,bad_prior,fixed_shots,expected_ratio,24,a_minus_b,-0.11671682857589112,-0.14945401339958725,-0.0834924265034375,False,unadjusted 95 percent paired graph percentile bootstrap
study-cc25ae93d418f22101d4,1,32768,bad_prior,fixed_shots,signed_reference_gap,24,a_minus_b,0.09371644314251364,0.066450390760757,0.12091589833180924,True,unadjusted 95 percent paired graph percentile bootstrap
study-cc25ae93d418f22101d4,1,32768,bad_prior,fixed_shots,success_fraction,24,a_minus_b,-0.6666666666666666,-0.8333333333333334,-0.4583333333333333,False,unadjusted 95 percent paired graph percentile bootstrap
study-cc25ae93d418f22101d4,1,32768,bad_prior,fixed_shots,capped_target_shots,24,a_minus_b,23466.666666666668,17653.333333333332,28117.333333333332,True,unadjusted 95 percent paired graph percentile bootstrap
study-cc25ae93d418f22101d4,1,32768,bad_prior,fixed_shots,optimization_shots,24,a_minus_b,31146.666666666668,31061.333333333332,31253.333333333332,True,unadjusted 95 percent paired graph percentile bootstrap
study-cc25ae93d418f22101d4,1,32768,bad_prior,fixed_shots,optimization_calls,24,a_minus_b,29.666666666666668,28.333333333333332,31.333333333333332,True,unadjusted 95 percent paired graph percentile bootstrap
study-cc25ae93d418f22101d4,1,32768,bad_prior,fixed_shots,optimization_jobs,24,a_minus_b,13.0,12.5,13.625,True,unadjusted 95 percent paired graph percentile bootstrap
study-cc25ae93d418f22101d4,1,32768,bad_prior,cobyla,objective,24,a_minus_b,0.09301821457260846,0.06575710287901537,0.12017168241723276,True,unadjusted 95 percent paired graph percentile bootstrap
study-cc25ae93d418f22101d4,1,32768,bad_prior,cobyla,expected_ratio,24,a_minus_b,-0.11590184462208386,-0.14870982590075904,-0.08253426141996008,False,unadjusted 95 percent paired graph percentile bootstrap
study-cc25ae93d418f22101d4,1,32768,bad_prior,cobyla,signed_reference_gap,24,a_minus_b,0.09301821457260846,0.06575710287901536,0.12017168241723275,True,unadjusted 95 percent paired graph percentile bootstrap
study-cc25ae93d418f22101d4,1,32768,bad_prior,cobyla,success_fraction,24,a_minus_b,-0.6666666666666666,-0.8333333333333334,-0.4583333333333333,False,unadjusted 95 percent paired graph percentile bootstrap
study-cc25ae93d418f22101d4,1,32768,bad_prior,cobyla,capped_target_shots,24,a_minus_b,23466.666666666668,17653.333333333332,28117.333333333332,True,unadjusted 95 percent paired graph percentile bootstrap
study-cc25ae93d418f22101d4,1,32768,bad_prior,cobyla,optimization_shots,24,a_minus_b,15274.666666666666,14798.222222222224,15715.555555555557,True,unadjusted 95 percent paired graph percentile bootstrap
study-cc25ae93d418f22101d4,1,32768,bad_prior,cobyla,optimization_calls,24,a_minus_b,16.416666666666668,15.083333333333334,17.847222222222225,True,unadjusted 95 percent paired graph percentile bootstrap
study-cc25ae93d418f22101d4,1,32768,bad_prior,cobyla,optimization_jobs,24,a_minus_b,-2.25,-2.805902777777778,-1.6666666666666663,True,unadjusted 95 percent paired graph percentile bootstrap
study-cc25ae93d418f22101d4,1,32768,bad_prior,spsa,objective,24,a_minus_b,0.09405023720441603,0.0667617750706101,0.12122662338713894,True,unadjusted 95 percent paired graph percentile bootstrap
study-cc25ae93d418f22101d4,1,32768,bad_prior,spsa,expected_ratio,24,a_minus_b,-0.11716195050604206,-0.14996816520838405,-0.08389706138167674,False,unadjusted 95 percent paired graph percentile bootstrap
study-cc25ae93d418f22101d4,1,32768,bad_prior,spsa,signed_reference_gap,24,a_minus_b,0.09405023720441606,0.06676177507061012,0.12122662338713894,True,unadjusted 95 percent paired graph percentile bootstrap
study-cc25ae93d418f22101d4,1,32768,bad_prior,spsa,success_fraction,24,a_minus_b,-0.6666666666666666,-0.8333333333333334,-0.4583333333333333,False,unadjusted 95 percent paired graph percentile bootstrap
study-cc25ae93d418f22101d4,1,32768,bad_prior,spsa,capped_target_shots,24,a_minus_b,23466.666666666668,17653.333333333332,28117.333333333332,True,unadjusted 95 percent paired graph percentile bootstrap
study-cc25ae93d418f22101d4,1,32768,bad_prior,spsa,optimization_shots,24,a_minus_b,1194.6666666666667,1109.3333333333333,1301.3333333333333,True,unadjusted 95 percent paired graph percentile bootstrap
study-cc25ae93d418f22101d4,1,32768,bad_prior,spsa,optimization_calls,24,a_minus_b,2.6666666666666665,1.3333333333333333,4.333333333333333,True,unadjusted 95 percent paired graph percentile bootstrap
study-cc25ae93d418f22101d4,1,32768,bad_prior,spsa,optimization_jobs,24,a_minus_b,-6.0,-6.5,-5.375,True,unadjusted 95 percent paired graph percentile bootstrap
study-cc25ae93d418f22101d4,1,32768,no_repair,fixed_radius,objective,24,a_minus_b,0.0,0.0,0.0,True,unadjusted 95 percent paired graph percentile bootstrap
study-cc25ae93d418f22101d4,1,32768,no_repair,fixed_radius,expected_ratio,24,a_minus_b,0.0,0.0,0.0,False,unadjusted 95 percent paired graph percentile bootstrap
study-cc25ae93d418f22101d4,1,32768,no_repair,fixed_radius,signed_reference_gap,24,a_minus_b,0.0,0.0,0.0,True,unadjusted 95 percent paired graph percentile bootstrap
study-cc25ae93d418f22101d4,1,32768,no_repair,fixed_radius,success_fraction,24,a_minus_b,0.0,0.0,0.0,False,unadjusted 95 percent paired graph percentile bootstrap
study-cc25ae93d418f22101d4,1,32768,no_repair,fixed_radius,capped_target_shots,24,a_minus_b,0.0,0.0,0.0,True,unadjusted 95 percent paired graph percentile bootstrap
study-cc25ae93d418f22101d4,1,32768,no_repair,fixed_radius,optimization_shots,24,a_minus_b,-661.3333333333331,-856.8888888888887,-430.2222222222219,True,unadjusted 95 percent paired graph percentile bootstrap
study-cc25ae93d418f22101d4,1,32768,no_repair,fixed_radius,optimization_calls,24,a_minus_b,-28.472222222222218,-33.23611111111111,-24.26354166666667,True,unadjusted 95 percent paired graph percentile bootstrap
study-cc25ae93d418f22101d4,1,32768,no_repair,fixed_radius,optimization_jobs,24,a_minus_b,-11.361111111111109,-13.111111111111109,-9.819444444444445,True,unadjusted 95 percent paired graph percentile bootstrap
study-cc25ae93d418f22101d4,1,32768,no_repair,fixed_shots,objective,24,a_minus_b,0.0,0.0,0.0,True,unadjusted 95 percent paired graph percentile bootstrap
study-cc25ae93d418f22101d4,1,32768,no_repair,fixed_shots,expected_ratio,24,a_minus_b,0.0,0.0,0.0,False,unadjusted 95 percent paired graph percentile bootstrap
study-cc25ae93d418f22101d4,1,32768,no_repair,fixed_shots,signed_reference_gap,24,a_minus_b,0.0,0.0,0.0,True,unadjusted 95 percent paired graph percentile bootstrap
study-cc25ae93d418f22101d4,1,32768,no_repair,fixed_shots,success_fraction,24,a_minus_b,0.0,0.0,0.0,False,unadjusted 95 percent paired graph percentile bootstrap
study-cc25ae93d418f22101d4,1,32768,no_repair,fixed_shots,capped_target_shots,24,a_minus_b,0.0,0.0,0.0,True,unadjusted 95 percent paired graph percentile bootstrap
study-cc25ae93d418f22101d4,1,32768,no_repair,fixed_shots,optimization_shots,24,a_minus_b,31047.11111111111,30997.155555555553,31111.11111111111,True,unadjusted 95 percent paired graph percentile bootstrap
study-cc25ae93d418f22101d4,1,32768,no_repair,fixed_shots,optimization_calls,24,a_minus_b,28.111111111111114,27.330555555555556,29.11111111111111,True,unadjusted 95 percent paired graph percentile bootstrap
study-cc25ae93d418f22101d4,1,32768,no_repair,fixed_shots,optimization_jobs,24,a_minus_b,12.416666666666666,12.123958333333334,12.791666666666666,True,unadjusted 95 percent paired graph percentile bootstrap
study-cc25ae93d418f22101d4,1,32768,no_repair,cobyla,objective,24,a_minus_b,-0.0006982285699051646,-0.0012547681821754018,-3.081462694943258e-05,True,unadjusted 95 percent paired graph percentile bootstrap
study-cc25ae93d418f22101d4,1,32768,no_repair,cobyla,expected_ratio,24,a_minus_b,0.000814983953807256,-6.721524514885987e-05,0.0015356619938888217,False,unadjusted 95 percent paired graph percentile bootstrap
study-cc25ae93d418f22101d4,1,32768,no_repair,cobyla,signed_reference_gap,24,a_minus_b,-0.0006982285699051646,-0.001254768182175396,-3.081462694942509e-05,True,unadjusted 95 percent paired graph percentile bootstrap
study-cc25ae93d418f22101d4,1,32768,no_repair,cobyla,success_fraction,24,a_minus_b,0.0,0.0,0.0,False,unadjusted 95 percent paired graph percentile bootstrap
study-cc25ae93d418f22101d4,1,32768,no_repair,cobyla,capped_target_shots,24,a_minus_b,0.0,0.0,0.0,True,unadjusted 95 percent paired graph percentile bootstrap
study-cc25ae93d418f22101d4,1,32768,no_repair,cobyla,optimization_shots,24,a_minus_b,15175.11111111111,14670.222222222224,15651.733333333332,True,unadjusted 95 percent paired graph percentile bootstrap
study-cc25ae93d418f22101d4,1,32768,no_repair,cobyla,optimization_calls,24,a_minus_b,14.861111111111112,13.916666666666666,15.972222222222221,True,unadjusted 95 percent paired graph percentile bootstrap
study-cc25ae93d418f22101d4,1,32768,no_repair,cobyla,optimization_jobs,24,a_minus_b,-2.8333333333333326,-3.4027777777777772,-2.235763888888893,True,unadjusted 95 percent paired graph percentile bootstrap
study-cc25ae93d418f22101d4,1,32768,no_repair,spsa,objective,24,a_minus_b,0.0003337940619024075,0.00012144524321831308,0.0006635665321148978,True,unadjusted 95 percent paired graph percentile bootstrap
study-cc25ae93d418f22101d4,1,32768,no_repair,spsa,expected_ratio,24,a_minus_b,-0.00044512193015093515,-0.0008986164417169625,-0.00015517547079365833,False,unadjusted 95 percent paired graph percentile bootstrap
study-cc25ae93d418f22101d4,1,32768,no_repair,spsa,signed_reference_gap,24,a_minus_b,0.0003337940619024244,0.00012144524321832062,0.000663566532114909,True,unadjusted 95 percent paired graph percentile bootstrap
study-cc25ae93d418f22101d4,1,32768,no_repair,spsa,success_fraction,24,a_minus_b,0.0,0.0,0.0,False,unadjusted 95 percent paired graph percentile bootstrap
study-cc25ae93d418f22101d4,1,32768,no_repair,spsa,capped_target_shots,24,a_minus_b,0.0,0.0,0.0,True,unadjusted 95 percent paired graph percentile bootstrap
study-cc25ae93d418f22101d4,1,32768,no_repair,spsa,optimization_shots,24,a_minus_b,1095.111111111111,1045.1555555555556,1159.1111111111109,True,unadjusted 95 percent paired graph percentile bootstrap
study-cc25ae93d418f22101d4,1,32768,no_repair,spsa,optimization_calls,24,a_minus_b,1.1111111111111114,0.3305555555555578,2.111111111111111,True,unadjusted 95 percent paired graph percentile bootstrap
study-cc25ae93d418f22101d4,1,32768,no_repair,spsa,optimization_jobs,24,a_minus_b,-6.583333333333333,-6.876041666666666,-6.208333333333333,True,unadjusted 95 percent paired graph percentile bootstrap
study-cc25ae93d418f22101d4,1,32768,fixed_radius,fixed_shots,objective,24,a_minus_b,0.0,0.0,0.0,True,unadjusted 95 percent paired graph percentile bootstrap
study-cc25ae93d418f22101d4,1,32768,fixed_radius,fixed_shots,expected_ratio,24,a_minus_b,0.0,0.0,0.0,False,unadjusted 95 percent paired graph percentile bootstrap
study-cc25ae93d418f22101d4,1,32768,fixed_radius,fixed_shots,signed_reference_gap,24,a_minus_b,0.0,0.0,0.0,True,unadjusted 95 percent paired graph percentile bootstrap
study-cc25ae93d418f22101d4,1,32768,fixed_radius,fixed_shots,success_fraction,24,a_minus_b,0.0,0.0,0.0,False,unadjusted 95 percent paired graph percentile bootstrap
study-cc25ae93d418f22101d4,1,32768,fixed_radius,fixed_shots,capped_target_shots,24,a_minus_b,0.0,0.0,0.0,True,unadjusted 95 percent paired graph percentile bootstrap
study-cc25ae93d418f22101d4,1,32768,fixed_radius,fixed_shots,optimization_shots,24,a_minus_b,31708.44444444444,31523.55555555556,31864.88888888889,True,unadjusted 95 percent paired graph percentile bootstrap
study-cc25ae93d418f22101d4,1,32768,fixed_radius,fixed_shots,optimization_calls,24,a_minus_b,56.583333333333336,52.0,61.833333333333336,True,unadjusted 95 percent paired graph percentile bootstrap
study-cc25ae93d418f22101d4,1,32768,fixed_radius,fixed_shots,optimization_jobs,24,a_minus_b,23.777777777777775,22.097222222222218,25.708333333333332,True,unadjusted 95 percent paired graph percentile bootstrap
study-cc25ae93d418f22101d4,1,32768,fixed_radius,cobyla,objective,24,a_minus_b,-0.0006982285699051646,-0.0012547681821754018,-3.081462694943258e-05,True,unadjusted 95 percent paired graph percentile bootstrap
study-cc25ae93d418f22101d4,1,32768,fixed_radius,cobyla,expected_ratio,24,a_minus_b,0.000814983953807256,-6.721524514885987e-05,0.0015356619938888217,False,unadjusted 95 percent paired graph percentile bootstrap
study-cc25ae93d418f22101d4,1,32768,fixed_radius,cobyla,signed_reference_gap,24,a_minus_b,-0.0006982285699051646,-0.001254768182175396,-3.081462694942509e-05,True,unadjusted 95 percent paired graph percentile bootstrap
study-cc25ae93d418f22101d4,1,32768,fixed_radius,cobyla,success_fraction,24,a_minus_b,0.0,0.0,0.0,False,unadjusted 95 percent paired graph percentile bootstrap
study-cc25ae93d418f22101d4,1,32768,fixed_radius,cobyla,capped_target_shots,24,a_minus_b,0.0,0.0,0.0,True,unadjusted 95 percent paired graph percentile bootstrap
study-cc25ae93d418f22101d4,1,32768,fixed_radius,cobyla,optimization_shots,24,a_minus_b,15836.444444444445,15363.555555555555,16298.666666666666,True,unadjusted 95 percent paired graph percentile bootstrap
study-cc25ae93d418f22101d4,1,32768,fixed_radius,cobyla,optimization_calls,24,a_minus_b,43.333333333333336,38.583333333333336,48.66701388888888,True,unadjusted 95 percent paired graph percentile bootstrap
study-cc25ae93d418f22101d4,1,32768,fixed_radius,cobyla,optimization_jobs,24,a_minus_b,8.527777777777777,6.666666666666667,10.597222222222223,True,unadjusted 95 percent paired graph percentile bootstrap
study-cc25ae93d418f22101d4,1,32768,fixed_radius,spsa,objective,24,a_minus_b,0.0003337940619024075,0.00012144524321831308,0.0006635665321148978,True,unadjusted 95 percent paired graph percentile bootstrap
study-cc25ae93d418f22101d4,1,32768,fixed_radius,spsa,expected_ratio,24,a_minus_b,-0.00044512193015093515,-0.0008986164417169625,-0.00015517547079365833,False,unadjusted 95 percent paired graph percentile bootstrap
study-cc25ae93d418f22101d4,1,32768,fixed_radius,spsa,signed_reference_gap,24,a_minus_b,0.0003337940619024244,0.00012144524321832062,0.000663566532114909,True,unadjusted 95 percent paired graph percentile bootstrap
study-cc25ae93d418f22101d4,1,32768,fixed_radius,spsa,success_fraction,24,a_minus_b,0.0,0.0,0.0,False,unadjusted 95 percent paired graph percentile bootstrap
study-cc25ae93d418f22101d4,1,32768,fixed_radius,spsa,capped_target_shots,24,a_minus_b,0.0,0.0,0.0,True,unadjusted 95 percent paired graph percentile bootstrap
study-cc25ae93d418f22101d4,1,32768,fixed_radius,spsa,optimization_shots,24,a_minus_b,1756.4444444444441,1571.5555555555554,1912.8888888888887,True,unadjusted 95 percent paired graph percentile bootstrap
study-cc25ae93d418f22101d4,1,32768,fixed_radius,spsa,optimization_calls,24,a_minus_b,29.583333333333332,25.0,34.833333333333336,True,unadjusted 95 percent paired graph percentile bootstrap
study-cc25ae93d418f22101d4,1,32768,fixed_radius,spsa,optimization_jobs,24,a_minus_b,4.777777777777778,3.097222222222222,6.708333333333333,True,unadjusted 95 percent paired graph percentile bootstrap
study-cc25ae93d418f22101d4,1,32768,fixed_shots,cobyla,objective,24,a_minus_b,-0.0006982285699051646,-0.0012547681821754018,-3.081462694943258e-05,True,unadjusted 95 percent paired graph percentile bootstrap
study-cc25ae93d418f22101d4,1,32768,fixed_shots,cobyla,expected_ratio,24,a_minus_b,0.000814983953807256,-6.721524514885987e-05,0.0015356619938888217,False,unadjusted 95 percent paired graph percentile bootstrap
study-cc25ae93d418f22101d4,1,32768,fixed_shots,cobyla,signed_reference_gap,24,a_minus_b,-0.0006982285699051646,-0.001254768182175396,-3.081462694942509e-05,True,unadjusted 95 percent paired graph percentile bootstrap
study-cc25ae93d418f22101d4,1,32768,fixed_shots,cobyla,success_fraction,24,a_minus_b,0.0,0.0,0.0,False,unadjusted 95 percent paired graph percentile bootstrap
study-cc25ae93d418f22101d4,1,32768,fixed_shots,cobyla,capped_target_shots,24,a_minus_b,0.0,0.0,0.0,True,unadjusted 95 percent paired graph percentile bootstrap
study-cc25ae93d418f22101d4,1,32768,fixed_shots,cobyla,optimization_shots,24,a_minus_b,-15872.0,-16384.0,-15402.666666666666,True,unadjusted 95 percent paired graph percentile bootstrap
study-cc25ae93d418f22101d4,1,32768,fixed_shots,cobyla,optimization_calls,24,a_minus_b,-13.25,-13.75,-12.791666666666666,True,unadjusted 95 percent paired graph percentile bootstrap
study-cc25ae93d418f22101d4,1,32768,fixed_shots,cobyla,optimization_jobs,24,a_minus_b,-15.25,-15.75,-14.791666666666666,True,unadjusted 95 percent paired graph percentile bootstrap
study-cc25ae93d418f22101d4,1,32768,fixed_shots,spsa,objective,24,a_minus_b,0.0003337940619024075,0.00012144524321831308,0.0006635665321148978,True,unadjusted 95 percent paired graph percentile bootstrap
study-cc25ae93d418f22101d4,1,32768,fixed_shots,spsa,expected_ratio,24,a_minus_b,-0.00044512193015093515,-0.0008986164417169625,-0.00015517547079365833,False,unadjusted 95 percent paired graph percentile bootstrap
study-cc25ae93d418f22101d4,1,32768,fixed_shots,spsa,signed_reference_gap,24,a_minus_b,0.0003337940619024244,0.00012144524321832062,0.000663566532114909,True,unadjusted 95 percent paired graph percentile bootstrap
study-cc25ae93d418f22101d4,1,32768,fixed_shots,spsa,success_fraction,24,a_minus_b,0.0,0.0,0.0,False,unadjusted 95 percent paired graph percentile bootstrap
study-cc25ae93d418f22101d4,1,32768,fixed_shots,spsa,capped_target_shots,24,a_minus_b,0.0,0.0,0.0,True,unadjusted 95 percent paired graph percentile bootstrap
study-cc25ae93d418f22101d4,1,32768,fixed_shots,spsa,optimization_shots,24,a_minus_b,-29952.0,-29952.0,-29952.0,True,unadjusted 95 percent paired graph percentile bootstrap
study-cc25ae93d418f22101d4,1,32768,fixed_shots,spsa,optimization_calls,24,a_minus_b,-27.0,-27.0,-27.0,True,unadjusted 95 percent paired graph percentile bootstrap
study-cc25ae93d418f22101d4,1,32768,fixed_shots,spsa,optimization_jobs,24,a_minus_b,-19.0,-19.0,-19.0,True,unadjusted 95 percent paired graph percentile bootstrap
study-cc25ae93d418f22101d4,1,32768,cobyla,spsa,objective,24,a_minus_b,0.001032022631807572,0.0006145518358170807,0.0014648979049488229,True,unadjusted 95 percent paired graph percentile bootstrap
study-cc25ae93d418f22101d4,1,32768,cobyla,spsa,expected_ratio,24,a_minus_b,-0.0012601058839581912,-0.0018132736301928196,-0.0007296473130939039,False,unadjusted 95 percent paired graph percentile bootstrap
study-cc25ae93d418f22101d4,1,32768,cobyla,spsa,signed_reference_gap,24,a_minus_b,0.001032022631807589,0.0006145518358170944,0.0014648979049488465,True,unadjusted 95 percent paired graph percentile bootstrap
study-cc25ae93d418f22101d4,1,32768,cobyla,spsa,success_fraction,24,a_minus_b,0.0,0.0,0.0,False,unadjusted 95 percent paired graph percentile bootstrap
study-cc25ae93d418f22101d4,1,32768,cobyla,spsa,capped_target_shots,24,a_minus_b,0.0,0.0,0.0,True,unadjusted 95 percent paired graph percentile bootstrap
study-cc25ae93d418f22101d4,1,32768,cobyla,spsa,optimization_shots,24,a_minus_b,-14080.0,-14549.333333333334,-13568.0,True,unadjusted 95 percent paired graph percentile bootstrap
study-cc25ae93d418f22101d4,1,32768,cobyla,spsa,optimization_calls,24,a_minus_b,-13.75,-14.208333333333334,-13.25,True,unadjusted 95 percent paired graph percentile bootstrap
study-cc25ae93d418f22101d4,1,32768,cobyla,spsa,optimization_jobs,24,a_minus_b,-3.7500000000000004,-4.208333333333334,-3.25,True,unadjusted 95 percent paired graph percentile bootstrap
study-cc25ae93d418f22101d4,1,131072,uniform_iso,random_iso,objective,24,a_minus_b,-0.07920559256379207,-0.09058569346704853,-0.06847835488568152,True,unadjusted 95 percent paired graph percentile bootstrap
study-cc25ae93d418f22101d4,1,131072,uniform_iso,random_iso,expected_ratio,24,a_minus_b,0.09810413524025469,0.08511478741743057,0.11160679075062203,False,unadjusted 95 percent paired graph percentile bootstrap
study-cc25ae93d418f22101d4,1,131072,uniform_iso,random_iso,signed_reference_gap,24,a_minus_b,-0.07920559256379206,-0.09058569346704853,-0.0684783548856815,True,unadjusted 95 percent paired graph percentile bootstrap
study-cc25ae93d418f22101d4,1,131072,uniform_iso,random_iso,success_fraction,24,a_minus_b,0.8055555555555557,0.7222222222222223,0.888888888888889,False,unadjusted 95 percent paired graph percentile bootstrap
study-cc25ae93d418f22101d4,1,131072,uniform_iso,random_iso,capped_target_shots,24,a_minus_b,-114848.0,-123054.31111111112,-105642.57777777778,True,unadjusted 95 percent paired graph percentile bootstrap
study-cc25ae93d418f22101d4,1,131072,uniform_iso,random_iso,optimization_shots,24,a_minus_b,21.333333333333332,0.0,53.333333333333336,True,unadjusted 95 percent paired graph percentile bootstrap
study-cc25ae93d418f22101d4,1,131072,uniform_iso,random_iso,optimization_calls,24,a_minus_b,-0.4722222222222226,-1.1805555555555565,0.0,True,unadjusted 95 percent paired graph percentile bootstrap
study-cc25ae93d418f22101d4,1,131072,uniform_iso,random_iso,optimization_jobs,24,a_minus_b,-0.19444444444444434,-0.4861111111111109,0.0,True,unadjusted 95 percent paired graph percentile bootstrap
study-cc25ae93d418f22101d4,1,131072,uniform_iso,descriptor_iso,objective,24,a_minus_b,0.003929125131946483,0.0023063649797121786,0.005676538487022353,True,unadjusted 95 percent paired graph percentile bootstrap
study-cc25ae93d418f22101d4,1,131072,uniform_iso,descriptor_iso,expected_ratio,24,a_minus_b,-0.005257429888077934,-0.007691531636269835,-0.002997973044936897,False,unadjusted 95 percent paired graph percentile bootstrap
study-cc25ae93d418f22101d4,1,131072,uniform_iso,descriptor_iso,signed_reference_gap,24,a_minus_b,0.003929125131946483,0.0023063649797121786,0.005676538487022353,True,unadjusted 95 percent paired graph percentile bootstrap
study-cc25ae93d418f22101d4,1,131072,uniform_iso,descriptor_iso,success_fraction,24,a_minus_b,0.0,0.0,0.0,False,unadjusted 95 percent paired graph percentile bootstrap
study-cc25ae93d418f22101d4,1,131072,uniform_iso,descriptor_iso,capped_target_shots,24,a_minus_b,0.0,0.0,0.0,True,unadjusted 95 percent paired graph percentile bootstrap
study-cc25ae93d418f22101d4,1,131072,uniform_iso,descriptor_iso,optimization_shots,24,a_minus_b,0.0,0.0,0.0,True,unadjusted 95 percent paired graph percentile bootstrap
study-cc25ae93d418f22101d4,1,131072,uniform_iso,descriptor_iso,optimization_calls,24,a_minus_b,0.0,0.0,0.0,True,unadjusted 95 percent paired graph percentile bootstrap
study-cc25ae93d418f22101d4,1,131072,uniform_iso,descriptor_iso,optimization_jobs,24,a_minus_b,0.0,0.0,0.0,True,unadjusted 95 percent paired graph percentile bootstrap
study-cc25ae93d418f22101d4,1,131072,uniform_iso,descriptor_shape,objective,24,a_minus_b,0.003929125131946483,0.0023063649797121786,0.005676538487022353,True,unadjusted 95 percent paired graph percentile bootstrap
study-cc25ae93d418f22101d4,1,131072,uniform_iso,descriptor_shape,expected_ratio,24,a_minus_b,-0.005257429888077934,-0.007691531636269835,-0.002997973044936897,False,unadjusted 95 percent paired graph percentile bootstrap
study-cc25ae93d418f22101d4,1,131072,uniform_iso,descriptor_shape,signed_reference_gap,24,a_minus_b,0.003929125131946483,0.0023063649797121786,0.005676538487022353,True,unadjusted 95 percent paired graph percentile bootstrap
study-cc25ae93d418f22101d4,1,131072,uniform_iso,descriptor_shape,success_fraction,24,a_minus_b,0.0,0.0,0.0,False,unadjusted 95 percent paired graph percentile bootstrap
study-cc25ae93d418f22101d4,1,131072,uniform_iso,descriptor_shape,capped_target_shots,24,a_minus_b,0.0,0.0,0.0,True,unadjusted 95 percent paired graph percentile bootstrap
study-cc25ae93d418f22101d4,1,131072,uniform_iso,descriptor_shape,optimization_shots,24,a_minus_b,0.0,0.0,0.0,True,unadjusted 95 percent paired graph percentile bootstrap
study-cc25ae93d418f22101d4,1,131072,uniform_iso,descriptor_shape,optimization_calls,24,a_minus_b,0.0,0.0,0.0,True,unadjusted 95 percent paired graph percentile bootstrap
study-cc25ae93d418f22101d4,1,131072,uniform_iso,descriptor_shape,optimization_jobs,24,a_minus_b,0.0,0.0,0.0,True,unadjusted 95 percent paired graph percentile bootstrap
study-cc25ae93d418f22101d4,1,131072,uniform_iso,gw_iso,objective,24,a_minus_b,0.0018637736486721336,-0.00043150428991773357,0.004145998136692511,True,unadjusted 95 percent paired graph percentile bootstrap
study-cc25ae93d418f22101d4,1,131072,uniform_iso,gw_iso,expected_ratio,24,a_minus_b,-0.002782691127990756,-0.005787637778771991,0.00016609592083371606,False,unadjusted 95 percent paired graph percentile bootstrap
study-cc25ae93d418f22101d4,1,131072,uniform_iso,gw_iso,signed_reference_gap,24,a_minus_b,0.0018637736486721383,-0.0004315042899177195,0.0041459981366925155,True,unadjusted 95 percent paired graph percentile bootstrap
study-cc25ae93d418f22101d4,1,131072,uniform_iso,gw_iso,success_fraction,24,a_minus_b,0.0,0.0,0.0,False,unadjusted 95 percent paired graph percentile bootstrap
study-cc25ae93d418f22101d4,1,131072,uniform_iso,gw_iso,capped_target_shots,24,a_minus_b,0.0,0.0,0.0,True,unadjusted 95 percent paired graph percentile bootstrap
study-cc25ae93d418f22101d4,1,131072,uniform_iso,gw_iso,optimization_shots,24,a_minus_b,0.0,0.0,0.0,True,unadjusted 95 percent paired graph percentile bootstrap
study-cc25ae93d418f22101d4,1,131072,uniform_iso,gw_iso,optimization_calls,24,a_minus_b,0.0,0.0,0.0,True,unadjusted 95 percent paired graph percentile bootstrap
study-cc25ae93d418f22101d4,1,131072,uniform_iso,gw_iso,optimization_jobs,24,a_minus_b,0.0,0.0,0.0,True,unadjusted 95 percent paired graph percentile bootstrap
study-cc25ae93d418f22101d4,1,131072,uniform_iso,gw_shape,objective,24,a_minus_b,0.0018637736486721336,-0.00043150428991773357,0.004145998136692511,True,unadjusted 95 percent paired graph percentile bootstrap
study-cc25ae93d418f22101d4,1,131072,uniform_iso,gw_shape,expected_ratio,24,a_minus_b,-0.002782691127990756,-0.005787637778771991,0.00016609592083371606,False,unadjusted 95 percent paired graph percentile bootstrap
study-cc25ae93d418f22101d4,1,131072,uniform_iso,gw_shape,signed_reference_gap,24,a_minus_b,0.0018637736486721383,-0.0004315042899177195,0.0041459981366925155,True,unadjusted 95 percent paired graph percentile bootstrap
study-cc25ae93d418f22101d4,1,131072,uniform_iso,gw_shape,success_fraction,24,a_minus_b,0.0,0.0,0.0,False,unadjusted 95 percent paired graph percentile bootstrap
study-cc25ae93d418f22101d4,1,131072,uniform_iso,gw_shape,capped_target_shots,24,a_minus_b,0.0,0.0,0.0,True,unadjusted 95 percent paired graph percentile bootstrap
study-cc25ae93d418f22101d4,1,131072,uniform_iso,gw_shape,optimization_shots,24,a_minus_b,0.0,0.0,0.0,True,unadjusted 95 percent paired graph percentile bootstrap
study-cc25ae93d418f22101d4,1,131072,uniform_iso,gw_shape,optimization_calls,24,a_minus_b,0.0,0.0,0.0,True,unadjusted 95 percent paired graph percentile bootstrap
study-cc25ae93d418f22101d4,1,131072,uniform_iso,gw_shape,optimization_jobs,24,a_minus_b,0.0,0.0,0.0,True,unadjusted 95 percent paired graph percentile bootstrap
study-cc25ae93d418f22101d4,1,131072,uniform_iso,local_iso,objective,24,a_minus_b,0.0008122390101975482,0.00028428148973742574,0.0014886531106587531,True,unadjusted 95 percent paired graph percentile bootstrap
study-cc25ae93d418f22101d4,1,131072,uniform_iso,local_iso,expected_ratio,24,a_minus_b,-0.0010692092739280623,-0.0019754909293327135,-0.00036349721039528567,False,unadjusted 95 percent paired graph percentile bootstrap
study-cc25ae93d418f22101d4,1,131072,uniform_iso,local_iso,signed_reference_gap,24,a_minus_b,0.0008122390101975482,0.00028428148973742547,0.0014886531106587531,True,unadjusted 95 percent paired graph percentile bootstrap
study-cc25ae93d418f22101d4,1,131072,uniform_iso,local_iso,success_fraction,24,a_minus_b,0.0,0.0,0.0,False,unadjusted 95 percent paired graph percentile bootstrap
study-cc25ae93d418f22101d4,1,131072,uniform_iso,local_iso,capped_target_shots,24,a_minus_b,0.0,0.0,0.0,True,unadjusted 95 percent paired graph percentile bootstrap
study-cc25ae93d418f22101d4,1,131072,uniform_iso,local_iso,optimization_shots,24,a_minus_b,0.0,0.0,0.0,True,unadjusted 95 percent paired graph percentile bootstrap
study-cc25ae93d418f22101d4,1,131072,uniform_iso,local_iso,optimization_calls,24,a_minus_b,0.0,0.0,0.0,True,unadjusted 95 percent paired graph percentile bootstrap
study-cc25ae93d418f22101d4,1,131072,uniform_iso,local_iso,optimization_jobs,24,a_minus_b,0.0,0.0,0.0,True,unadjusted 95 percent paired graph percentile bootstrap
study-cc25ae93d418f22101d4,1,131072,uniform_iso,shuffled_gw,objective,24,a_minus_b,-0.004072720532734876,-0.016711738927595886,0.003036670191672126,True,unadjusted 95 percent paired graph percentile bootstrap
study-cc25ae93d418f22101d4,1,131072,uniform_iso,shuffled_gw,expected_ratio,24,a_minus_b,0.004378414408192889,-0.004205825522432457,0.01943545928429361,False,unadjusted 95 percent paired graph percentile bootstrap
study-cc25ae93d418f22101d4,1,131072,uniform_iso,shuffled_gw,signed_reference_gap,24,a_minus_b,-0.004072720532734872,-0.01671173892759588,0.0030366701916721304,True,unadjusted 95 percent paired graph percentile bootstrap
study-cc25ae93d418f22101d4,1,131072,uniform_iso,shuffled_gw,success_fraction,24,a_minus_b,0.041666666666666664,0.0,0.125,False,unadjusted 95 percent paired graph percentile bootstrap
study-cc25ae93d418f22101d4,1,131072,uniform_iso,shuffled_gw,capped_target_shots,24,a_minus_b,-5461.333333333333,-16384.0,0.0,True,unadjusted 95 percent paired graph percentile bootstrap
study-cc25ae93d418f22101d4,1,131072,uniform_iso,shuffled_gw,optimization_shots,24,a_minus_b,0.0,0.0,0.0,True,unadjusted 95 percent paired graph percentile bootstrap
study-cc25ae93d418f22101d4,1,131072,uniform_iso,shuffled_gw,optimization_calls,24,a_minus_b,0.0,0.0,0.0,True,unadjusted 95 percent paired graph percentile bootstrap
study-cc25ae93d418f22101d4,1,131072,uniform_iso,shuffled_gw,optimization_jobs,24,a_minus_b,0.0,0.0,0.0,True,unadjusted 95 percent paired graph percentile bootstrap
study-cc25ae93d418f22101d4,1,131072,uniform_iso,bad_prior,objective,24,a_minus_b,-0.08600834006519609,-0.11129926799777384,-0.06058369436191882,True,unadjusted 95 percent paired graph percentile bootstrap
study-cc25ae93d418f22101d4,1,131072,uniform_iso,bad_prior,expected_ratio,24,a_minus_b,0.1071254174944727,0.07616333968552826,0.1376350832234429,False,unadjusted 95 percent paired graph percentile bootstrap
study-cc25ae93d418f22101d4,1,131072,uniform_iso,bad_prior,signed_reference_gap,24,a_minus_b,-0.08600834006519609,-0.11129926799777387,-0.06058369436191882,True,unadjusted 95 percent paired graph percentile bootstrap
study-cc25ae93d418f22101d4,1,131072,uniform_iso,bad_prior,success_fraction,24,a_minus_b,0.6666666666666666,0.4583333333333333,0.8333333333333334,False,unadjusted 95 percent paired graph percentile bootstrap
study-cc25ae93d418f22101d4,1,131072,uniform_iso,bad_prior,capped_target_shots,24,a_minus_b,-89002.66666666667,-110037.33333333333,-62709.333333333336,True,unadjusted 95 percent paired graph percentile bootstrap
study-cc25ae93d418f22101d4,1,131072,uniform_iso,bad_prior,optimization_shots,24,a_minus_b,0.0,0.0,0.0,True,unadjusted 95 percent paired graph percentile bootstrap
study-cc25ae93d418f22101d4,1,131072,uniform_iso,bad_prior,optimization_calls,24,a_minus_b,0.0,0.0,0.0,True,unadjusted 95 percent paired graph percentile bootstrap
study-cc25ae93d418f22101d4,1,131072,uniform_iso,bad_prior,optimization_jobs,24,a_minus_b,0.0,0.0,0.0,True,unadjusted 95 percent paired graph percentile bootstrap
study-cc25ae93d418f22101d4,1,131072,uniform_iso,no_repair,objective,24,a_minus_b,0.003929125131946483,0.0023063649797121786,0.005676538487022353,True,unadjusted 95 percent paired graph percentile bootstrap
study-cc25ae93d418f22101d4,1,131072,uniform_iso,no_repair,expected_ratio,24,a_minus_b,-0.005257429888077934,-0.007691531636269835,-0.002997973044936897,False,unadjusted 95 percent paired graph percentile bootstrap
study-cc25ae93d418f22101d4,1,131072,uniform_iso,no_repair,signed_reference_gap,24,a_minus_b,0.003929125131946483,0.0023063649797121786,0.005676538487022353,True,unadjusted 95 percent paired graph percentile bootstrap
study-cc25ae93d418f22101d4,1,131072,uniform_iso,no_repair,success_fraction,24,a_minus_b,0.0,0.0,0.0,False,unadjusted 95 percent paired graph percentile bootstrap
study-cc25ae93d418f22101d4,1,131072,uniform_iso,no_repair,capped_target_shots,24,a_minus_b,0.0,0.0,0.0,True,unadjusted 95 percent paired graph percentile bootstrap
study-cc25ae93d418f22101d4,1,131072,uniform_iso,no_repair,optimization_shots,24,a_minus_b,0.0,0.0,0.0,True,unadjusted 95 percent paired graph percentile bootstrap
study-cc25ae93d418f22101d4,1,131072,uniform_iso,no_repair,optimization_calls,24,a_minus_b,0.0,0.0,0.0,True,unadjusted 95 percent paired graph percentile bootstrap
study-cc25ae93d418f22101d4,1,131072,uniform_iso,no_repair,optimization_jobs,24,a_minus_b,0.0,0.0,0.0,True,unadjusted 95 percent paired graph percentile bootstrap
study-cc25ae93d418f22101d4,1,131072,uniform_iso,fixed_radius,objective,24,a_minus_b,0.003929125131946483,0.0023063649797121786,0.005676538487022353,True,unadjusted 95 percent paired graph percentile bootstrap
study-cc25ae93d418f22101d4,1,131072,uniform_iso,fixed_radius,expected_ratio,24,a_minus_b,-0.005257429888077934,-0.007691531636269835,-0.002997973044936897,False,unadjusted 95 percent paired graph percentile bootstrap
study-cc25ae93d418f22101d4,1,131072,uniform_iso,fixed_radius,signed_reference_gap,24,a_minus_b,0.003929125131946483,0.0023063649797121786,0.005676538487022353,True,unadjusted 95 percent paired graph percentile bootstrap
study-cc25ae93d418f22101d4,1,131072,uniform_iso,fixed_radius,success_fraction,24,a_minus_b,0.0,0.0,0.0,False,unadjusted 95 percent paired graph percentile bootstrap
study-cc25ae93d418f22101d4,1,131072,uniform_iso,fixed_radius,capped_target_shots,24,a_minus_b,0.0,0.0,0.0,True,unadjusted 95 percent paired graph percentile bootstrap
study-cc25ae93d418f22101d4,1,131072,uniform_iso,fixed_radius,optimization_shots,24,a_minus_b,1792.0,778.6666666666661,3402.755555555554,True,unadjusted 95 percent paired graph percentile bootstrap
study-cc25ae93d418f22101d4,1,131072,uniform_iso,fixed_radius,optimization_calls,24,a_minus_b,-166.55555555555554,-188.69513888888886,-146.29131944444444,True,unadjusted 95 percent paired graph percentile bootstrap
study-cc25ae93d418f22101d4,1,131072,uniform_iso,fixed_radius,optimization_jobs,24,a_minus_b,-68.44444444444444,-76.56944444444444,-61.013888888888886,True,unadjusted 95 percent paired graph percentile bootstrap
study-cc25ae93d418f22101d4,1,131072,uniform_iso,fixed_shots,objective,24,a_minus_b,0.003929125131946483,0.0023063649797121786,0.005676538487022353,True,unadjusted 95 percent paired graph percentile bootstrap
study-cc25ae93d418f22101d4,1,131072,uniform_iso,fixed_shots,expected_ratio,24,a_minus_b,-0.005257429888077934,-0.007691531636269835,-0.002997973044936897,False,unadjusted 95 percent paired graph percentile bootstrap
study-cc25ae93d418f22101d4,1,131072,uniform_iso,fixed_shots,signed_reference_gap,24,a_minus_b,0.003929125131946483,0.0023063649797121786,0.005676538487022353,True,unadjusted 95 percent paired graph percentile bootstrap
study-cc25ae93d418f22101d4,1,131072,uniform_iso,fixed_shots,success_fraction,24,a_minus_b,0.0,0.0,0.0,False,unadjusted 95 percent paired graph percentile bootstrap
study-cc25ae93d418f22101d4,1,131072,uniform_iso,fixed_shots,capped_target_shots,24,a_minus_b,0.0,0.0,0.0,True,unadjusted 95 percent paired graph percentile bootstrap
study-cc25ae93d418f22101d4,1,131072,uniform_iso,fixed_shots,optimization_shots,24,a_minus_b,64768.0,64768.0,64768.0,True,unadjusted 95 percent paired graph percentile bootstrap
study-cc25ae93d418f22101d4,1,131072,uniform_iso,fixed_shots,optimization_calls,24,a_minus_b,57.0,57.0,57.0,True,unadjusted 95 percent paired graph percentile bootstrap
study-cc25ae93d418f22101d4,1,131072,uniform_iso,fixed_shots,optimization_jobs,24,a_minus_b,25.0,25.0,25.0,True,unadjusted 95 percent paired graph percentile bootstrap
study-cc25ae93d418f22101d4,1,131072,uniform_iso,cobyla,objective,24,a_minus_b,0.003230896562041318,0.0012434546874116055,0.005451262690902587,True,unadjusted 95 percent paired graph percentile bootstrap
study-cc25ae93d418f22101d4,1,131072,uniform_iso,cobyla,expected_ratio,24,a_minus_b,-0.004442445934270678,-0.007468379934243271,-0.0017228414305306718,False,unadjusted 95 percent paired graph percentile bootstrap
study-cc25ae93d418f22101d4,1,131072,uniform_iso,cobyla,signed_reference_gap,24,a_minus_b,0.003230896562041318,0.001243454687411607,0.0054512626909025905,True,unadjusted 95 percent paired graph percentile bootstrap
study-cc25ae93d418f22101d4,1,131072,uniform_iso,cobyla,success_fraction,24,a_minus_b,0.0,0.0,0.0,False,unadjusted 95 percent paired graph percentile bootstrap
study-cc25ae93d418f22101d4,1,131072,uniform_iso,cobyla,capped_target_shots,24,a_minus_b,0.0,0.0,0.0,True,unadjusted 95 percent paired graph percentile bootstrap
study-cc25ae93d418f22101d4,1,131072,uniform_iso,cobyla,optimization_shots,24,a_minus_b,114432.0,113920.0,114901.33333333333,True,unadjusted 95 percent paired graph percentile bootstrap
study-cc25ae93d418f22101d4,1,131072,uniform_iso,cobyla,optimization_calls,24,a_minus_b,45.75,45.25,46.208333333333336,True,unadjusted 95 percent paired graph percentile bootstrap
study-cc25ae93d418f22101d4,1,131072,uniform_iso,cobyla,optimization_jobs,24,a_minus_b,10.75,10.25,11.208333333333334,True,unadjusted 95 percent paired graph percentile bootstrap
study-cc25ae93d418f22101d4,1,131072,uniform_iso,spsa,objective,24,a_minus_b,0.0045633011463056955,0.0026273282679000758,0.006714825107916083,True,unadjusted 95 percent paired graph percentile bootstrap
study-cc25ae93d418f22101d4,1,131072,uniform_iso,spsa,expected_ratio,24,a_minus_b,-0.0061080473669384945,-0.009120550613724842,-0.003437845249984515,False,unadjusted 95 percent paired graph percentile bootstrap
study-cc25ae93d418f22101d4,1,131072,uniform_iso,spsa,signed_reference_gap,24,a_minus_b,0.004563301146305695,0.0026273282679000792,0.006714825107916085,True,unadjusted 95 percent paired graph percentile bootstrap
study-cc25ae93d418f22101d4,1,131072,uniform_iso,spsa,success_fraction,24,a_minus_b,0.0,0.0,0.0,False,unadjusted 95 percent paired graph percentile bootstrap
study-cc25ae93d418f22101d4,1,131072,uniform_iso,spsa,capped_target_shots,24,a_minus_b,0.0,0.0,0.0,True,unadjusted 95 percent paired graph percentile bootstrap
study-cc25ae93d418f22101d4,1,131072,uniform_iso,spsa,optimization_shots,24,a_minus_b,2048.0,2048.0,2048.0,True,unadjusted 95 percent paired graph percentile bootstrap
study-cc25ae93d418f22101d4,1,131072,uniform_iso,spsa,optimization_calls,24,a_minus_b,-64.0,-64.0,-64.0,True,unadjusted 95 percent paired graph percentile bootstrap
study-cc25ae93d418f22101d4,1,131072,uniform_iso,spsa,optimization_jobs,24,a_minus_b,-57.0,-57.0,-57.0,True,unadjusted 95 percent paired graph percentile bootstrap
study-cc25ae93d418f22101d4,1,131072,random_iso,descriptor_iso,objective,24,a_minus_b,0.08313471769573856,0.072931294569971,0.09396126474081029,True,unadjusted 95 percent paired graph percentile bootstrap
study-cc25ae93d418f22101d4,1,131072,random_iso,descriptor_iso,expected_ratio,24,a_minus_b,-0.10336156512833261,-0.11650686442208932,-0.090865201749063,False,unadjusted 95 percent paired graph percentile bootstrap
study-cc25ae93d418f22101d4,1,131072,random_iso,descriptor_iso,signed_reference_gap,24,a_minus_b,0.08313471769573856,0.072931294569971,0.09396126474081029,True,unadjusted 95 percent paired graph percentile bootstrap
study-cc25ae93d418f22101d4,1,131072,random_iso,descriptor_iso,success_fraction,24,a_minus_b,-0.8055555555555557,-0.888888888888889,-0.7222222222222223,False,unadjusted 95 percent paired graph percentile bootstrap
study-cc25ae93d418f22101d4,1,131072,random_iso,descriptor_iso,capped_target_shots,24,a_minus_b,114848.0,105642.57777777778,123054.31111111112,True,unadjusted 95 percent paired graph percentile bootstrap
study-cc25ae93d418f22101d4,1,131072,random_iso,descriptor_iso,optimization_shots,24,a_minus_b,-21.333333333333332,-53.333333333333336,0.0,True,unadjusted 95 percent paired graph percentile bootstrap
study-cc25ae93d418f22101d4,1,131072,random_iso,descriptor_iso,optimization_calls,24,a_minus_b,0.4722222222222226,0.0,1.1805555555555565,True,unadjusted 95 percent paired graph percentile bootstrap
study-cc25ae93d418f22101d4,1,131072,random_iso,descriptor_iso,optimization_jobs,24,a_minus_b,0.19444444444444434,0.0,0.4861111111111109,True,unadjusted 95 percent paired graph percentile bootstrap
study-cc25ae93d418f22101d4,1,131072,random_iso,descriptor_shape,objective,24,a_minus_b,0.08313471769573856,0.072931294569971,0.09396126474081029,True,unadjusted 95 percent paired graph percentile bootstrap
study-cc25ae93d418f22101d4,1,131072,random_iso,descriptor_shape,expected_ratio,24,a_minus_b,-0.10336156512833261,-0.11650686442208932,-0.090865201749063,False,unadjusted 95 percent paired graph percentile bootstrap
study-cc25ae93d418f22101d4,1,131072,random_iso,descriptor_shape,signed_reference_gap,24,a_minus_b,0.08313471769573856,0.072931294569971,0.09396126474081029,True,unadjusted 95 percent paired graph percentile bootstrap
study-cc25ae93d418f22101d4,1,131072,random_iso,descriptor_shape,success_fraction,24,a_minus_b,-0.8055555555555557,-0.888888888888889,-0.7222222222222223,False,unadjusted 95 percent paired graph percentile bootstrap
study-cc25ae93d418f22101d4,1,131072,random_iso,descriptor_shape,capped_target_shots,24,a_minus_b,114848.0,105642.57777777778,123054.31111111112,True,unadjusted 95 percent paired graph percentile bootstrap
study-cc25ae93d418f22101d4,1,131072,random_iso,descriptor_shape,optimization_shots,24,a_minus_b,-21.333333333333332,-53.333333333333336,0.0,True,unadjusted 95 percent paired graph percentile bootstrap
study-cc25ae93d418f22101d4,1,131072,random_iso,descriptor_shape,optimization_calls,24,a_minus_b,0.4722222222222226,0.0,1.1805555555555565,True,unadjusted 95 percent paired graph percentile bootstrap
study-cc25ae93d418f22101d4,1,131072,random_iso,descriptor_shape,optimization_jobs,24,a_minus_b,0.19444444444444434,0.0,0.4861111111111109,True,unadjusted 95 percent paired graph percentile bootstrap
study-cc25ae93d418f22101d4,1,131072,random_iso,gw_iso,objective,24,a_minus_b,0.08106936621246422,0.07064134536191186,0.09212790846437245,True,unadjusted 95 percent paired graph percentile bootstrap
study-cc25ae93d418f22101d4,1,131072,random_iso,gw_iso,expected_ratio,24,a_minus_b,-0.10088682636824546,-0.11424638961923879,-0.08805765192175673,False,unadjusted 95 percent paired graph percentile bootstrap
study-cc25ae93d418f22101d4,1,131072,random_iso,gw_iso,signed_reference_gap,24,a_minus_b,0.0810693662124642,0.07064134536191184,0.09212790846437244,True,unadjusted 95 percent paired graph percentile bootstrap
study-cc25ae93d418f22101d4,1,131072,random_iso,gw_iso,success_fraction,24,a_minus_b,-0.8055555555555557,-0.888888888888889,-0.7222222222222223,False,unadjusted 95 percent paired graph percentile bootstrap
study-cc25ae93d418f22101d4,1,131072,random_iso,gw_iso,capped_target_shots,24,a_minus_b,114848.0,105642.57777777778,123054.31111111112,True,unadjusted 95 percent paired graph percentile bootstrap
study-cc25ae93d418f22101d4,1,131072,random_iso,gw_iso,optimization_shots,24,a_minus_b,-21.333333333333332,-53.333333333333336,0.0,True,unadjusted 95 percent paired graph percentile bootstrap
study-cc25ae93d418f22101d4,1,131072,random_iso,gw_iso,optimization_calls,24,a_minus_b,0.4722222222222226,0.0,1.1805555555555565,True,unadjusted 95 percent paired graph percentile bootstrap
study-cc25ae93d418f22101d4,1,131072,random_iso,gw_iso,optimization_jobs,24,a_minus_b,0.19444444444444434,0.0,0.4861111111111109,True,unadjusted 95 percent paired graph percentile bootstrap
study-cc25ae93d418f22101d4,1,131072,random_iso,gw_shape,objective,24,a_minus_b,0.08106936621246422,0.07064134536191186,0.09212790846437245,True,unadjusted 95 percent paired graph percentile bootstrap
study-cc25ae93d418f22101d4,1,131072,random_iso,gw_shape,expected_ratio,24,a_minus_b,-0.10088682636824546,-0.11424638961923879,-0.08805765192175673,False,unadjusted 95 percent paired graph percentile bootstrap
study-cc25ae93d418f22101d4,1,131072,random_iso,gw_shape,signed_reference_gap,24,a_minus_b,0.0810693662124642,0.07064134536191184,0.09212790846437244,True,unadjusted 95 percent paired graph percentile bootstrap
study-cc25ae93d418f22101d4,1,131072,random_iso,gw_shape,success_fraction,24,a_minus_b,-0.8055555555555557,-0.888888888888889,-0.7222222222222223,False,unadjusted 95 percent paired graph percentile bootstrap
study-cc25ae93d418f22101d4,1,131072,random_iso,gw_shape,capped_target_shots,24,a_minus_b,114848.0,105642.57777777778,123054.31111111112,True,unadjusted 95 percent paired graph percentile bootstrap
study-cc25ae93d418f22101d4,1,131072,random_iso,gw_shape,optimization_shots,24,a_minus_b,-21.333333333333332,-53.333333333333336,0.0,True,unadjusted 95 percent paired graph percentile bootstrap
study-cc25ae93d418f22101d4,1,131072,random_iso,gw_shape,optimization_calls,24,a_minus_b,0.4722222222222226,0.0,1.1805555555555565,True,unadjusted 95 percent paired graph percentile bootstrap
study-cc25ae93d418f22101d4,1,131072,random_iso,gw_shape,optimization_jobs,24,a_minus_b,0.19444444444444434,0.0,0.4861111111111109,True,unadjusted 95 percent paired graph percentile bootstrap
study-cc25ae93d418f22101d4,1,131072,random_iso,local_iso,objective,24,a_minus_b,0.08001783157398963,0.06926051969284894,0.09144902273594102,True,unadjusted 95 percent paired graph percentile bootstrap
study-cc25ae93d418f22101d4,1,131072,random_iso,local_iso,expected_ratio,24,a_minus_b,-0.09917334451418275,-0.11282681696206803,-0.08605124332931469,False,unadjusted 95 percent paired graph percentile bootstrap
study-cc25ae93d418f22101d4,1,131072,random_iso,local_iso,signed_reference_gap,24,a_minus_b,0.08001783157398962,0.06926051969284894,0.09144902273594102,True,unadjusted 95 percent paired graph percentile bootstrap
study-cc25ae93d418f22101d4,1,131072,random_iso,local_iso,success_fraction,24,a_minus_b,-0.8055555555555557,-0.888888888888889,-0.7222222222222223,False,unadjusted 95 percent paired graph percentile bootstrap
study-cc25ae93d418f22101d4,1,131072,random_iso,local_iso,capped_target_shots,24,a_minus_b,114848.0,105642.57777777778,123054.31111111112,True,unadjusted 95 percent paired graph percentile bootstrap
study-cc25ae93d418f22101d4,1,131072,random_iso,local_iso,optimization_shots,24,a_minus_b,-21.333333333333332,-53.333333333333336,0.0,True,unadjusted 95 percent paired graph percentile bootstrap
study-cc25ae93d418f22101d4,1,131072,random_iso,local_iso,optimization_calls,24,a_minus_b,0.4722222222222226,0.0,1.1805555555555565,True,unadjusted 95 percent paired graph percentile bootstrap
study-cc25ae93d418f22101d4,1,131072,random_iso,local_iso,optimization_jobs,24,a_minus_b,0.19444444444444434,0.0,0.4861111111111109,True,unadjusted 95 percent paired graph percentile bootstrap
study-cc25ae93d418f22101d4,1,131072,random_iso,shuffled_gw,objective,24,a_minus_b,0.07513287203105722,0.06437632581081147,0.08577221575778969,True,unadjusted 95 percent paired graph percentile bootstrap
study-cc25ae93d418f22101d4,1,131072,random_iso,shuffled_gw,expected_ratio,24,a_minus_b,-0.0937257208320618,-0.1073767317953516,-0.08018053660503123,False,unadjusted 95 percent paired graph percentile bootstrap
study-cc25ae93d418f22101d4,1,131072,random_iso,shuffled_gw,signed_reference_gap,24,a_minus_b,0.0751328720310572,0.06437632581081146,0.08577221575778969,True,unadjusted 95 percent paired graph percentile bootstrap
study-cc25ae93d418f22101d4,1,131072,random_iso,shuffled_gw,success_fraction,24,a_minus_b,-0.763888888888889,-0.8611111111111112,-0.6527777777777778,False,unadjusted 95 percent paired graph percentile bootstrap
study-cc25ae93d418f22101d4,1,131072,random_iso,shuffled_gw,capped_target_shots,24,a_minus_b,109386.66666666667,95330.93333333332,120728.97777777776,True,unadjusted 95 percent paired graph percentile bootstrap
study-cc25ae93d418f22101d4,1,131072,random_iso,shuffled_gw,optimization_shots,24,a_minus_b,-21.333333333333332,-53.333333333333336,0.0,True,unadjusted 95 percent paired graph percentile bootstrap
study-cc25ae93d418f22101d4,1,131072,random_iso,shuffled_gw,optimization_calls,24,a_minus_b,0.4722222222222226,0.0,1.1805555555555565,True,unadjusted 95 percent paired graph percentile bootstrap
study-cc25ae93d418f22101d4,1,131072,random_iso,shuffled_gw,optimization_jobs,24,a_minus_b,0.19444444444444434,0.0,0.4861111111111109,True,unadjusted 95 percent paired graph percentile bootstrap
study-cc25ae93d418f22101d4,1,131072,random_iso,bad_prior,objective,24,a_minus_b,-0.006802747501403997,-0.0378892971080321,0.02505801663957737,True,unadjusted 95 percent paired graph percentile bootstrap
study-cc25ae93d418f22101d4,1,131072,random_iso,bad_prior,expected_ratio,24,a_minus_b,0.009021282254218018,-0.029855720578361025,0.0469320327256463,False,unadjusted 95 percent paired graph percentile bootstrap
study-cc25ae93d418f22101d4,1,131072,random_iso,bad_prior,signed_reference_gap,24,a_minus_b,-0.00680274750140401,-0.03788929710803211,0.02505801663957735,True,unadjusted 95 percent paired graph percentile bootstrap
study-cc25ae93d418f22101d4,1,131072,random_iso,bad_prior,success_fraction,24,a_minus_b,-0.1388888888888889,-0.36111111111111116,0.06944444444444443,False,unadjusted 95 percent paired graph percentile bootstrap
study-cc25ae93d418f22101d4,1,131072,random_iso,bad_prior,capped_target_shots,24,a_minus_b,25845.333333333332,980.8888888888905,52232.79999999998,True,unadjusted 95 percent paired graph percentile bootstrap
study-cc25ae93d418f22101d4,1,131072,random_iso,bad_prior,optimization_shots,24,a_minus_b,-21.333333333333332,-53.333333333333336,0.0,True,unadjusted 95 percent paired graph percentile bootstrap
study-cc25ae93d418f22101d4,1,131072,random_iso,bad_prior,optimization_calls,24,a_minus_b,0.4722222222222226,0.0,1.1805555555555565,True,unadjusted 95 percent paired graph percentile bootstrap
study-cc25ae93d418f22101d4,1,131072,random_iso,bad_prior,optimization_jobs,24,a_minus_b,0.19444444444444434,0.0,0.4861111111111109,True,unadjusted 95 percent paired graph percentile bootstrap
study-cc25ae93d418f22101d4,1,131072,random_iso,no_repair,objective,24,a_minus_b,0.08313471769573856,0.072931294569971,0.09396126474081029,True,unadjusted 95 percent paired graph percentile bootstrap
study-cc25ae93d418f22101d4,1,131072,random_iso,no_repair,expected_ratio,24,a_minus_b,-0.10336156512833261,-0.11650686442208932,-0.090865201749063,False,unadjusted 95 percent paired graph percentile bootstrap
study-cc25ae93d418f22101d4,1,131072,random_iso,no_repair,signed_reference_gap,24,a_minus_b,0.08313471769573856,0.072931294569971,0.09396126474081029,True,unadjusted 95 percent paired graph percentile bootstrap
study-cc25ae93d418f22101d4,1,131072,random_iso,no_repair,success_fraction,24,a_minus_b,-0.8055555555555557,-0.888888888888889,-0.7222222222222223,False,unadjusted 95 percent paired graph percentile bootstrap
study-cc25ae93d418f22101d4,1,131072,random_iso,no_repair,capped_target_shots,24,a_minus_b,114848.0,105642.57777777778,123054.31111111112,True,unadjusted 95 percent paired graph percentile bootstrap
study-cc25ae93d418f22101d4,1,131072,random_iso,no_repair,optimization_shots,24,a_minus_b,-21.333333333333332,-53.333333333333336,0.0,True,unadjusted 95 percent paired graph percentile bootstrap
study-cc25ae93d418f22101d4,1,131072,random_iso,no_repair,optimization_calls,24,a_minus_b,0.4722222222222226,0.0,1.1805555555555565,True,unadjusted 95 percent paired graph percentile bootstrap
study-cc25ae93d418f22101d4,1,131072,random_iso,no_repair,optimization_jobs,24,a_minus_b,0.19444444444444434,0.0,0.4861111111111109,True,unadjusted 95 percent paired graph percentile bootstrap
study-cc25ae93d418f22101d4,1,131072,random_iso,fixed_radius,objective,24,a_minus_b,0.08313471769573856,0.072931294569971,0.09396126474081029,True,unadjusted 95 percent paired graph percentile bootstrap
study-cc25ae93d418f22101d4,1,131072,random_iso,fixed_radius,expected_ratio,24,a_minus_b,-0.10336156512833261,-0.11650686442208932,-0.090865201749063,False,unadjusted 95 percent paired graph percentile bootstrap
study-cc25ae93d418f22101d4,1,131072,random_iso,fixed_radius,signed_reference_gap,24,a_minus_b,0.08313471769573856,0.072931294569971,0.09396126474081029,True,unadjusted 95 percent paired graph percentile bootstrap
study-cc25ae93d418f22101d4,1,131072,random_iso,fixed_radius,success_fraction,24,a_minus_b,-0.8055555555555557,-0.888888888888889,-0.7222222222222223,False,unadjusted 95 percent paired graph percentile bootstrap
study-cc25ae93d418f22101d4,1,131072,random_iso,fixed_radius,capped_target_shots,24,a_minus_b,114848.0,105642.57777777778,123054.31111111112,True,unadjusted 95 percent paired graph percentile bootstrap
study-cc25ae93d418f22101d4,1,131072,random_iso,fixed_radius,optimization_shots,24,a_minus_b,1770.6666666666667,746.6666666666673,3388.444444444445,True,unadjusted 95 percent paired graph percentile bootstrap
study-cc25ae93d418f22101d4,1,131072,random_iso,fixed_radius,optimization_calls,24,a_minus_b,-166.08333333333334,-188.25034722222222,-145.875,True,unadjusted 95 percent paired graph percentile bootstrap
study-cc25ae93d418f22101d4,1,131072,random_iso,fixed_radius,optimization_jobs,24,a_minus_b,-68.25,-76.38888888888887,-60.833333333333336,True,unadjusted 95 percent paired graph percentile bootstrap
study-cc25ae93d418f22101d4,1,131072,random_iso,fixed_shots,objective,24,a_minus_b,0.08313471769573856,0.072931294569971,0.09396126474081029,True,unadjusted 95 percent paired graph percentile bootstrap
study-cc25ae93d418f22101d4,1,131072,random_iso,fixed_shots,expected_ratio,24,a_minus_b,-0.10336156512833261,-0.11650686442208932,-0.090865201749063,False,unadjusted 95 percent paired graph percentile bootstrap
study-cc25ae93d418f22101d4,1,131072,random_iso,fixed_shots,signed_reference_gap,24,a_minus_b,0.08313471769573856,0.072931294569971,0.09396126474081029,True,unadjusted 95 percent paired graph percentile bootstrap
study-cc25ae93d418f22101d4,1,131072,random_iso,fixed_shots,success_fraction,24,a_minus_b,-0.8055555555555557,-0.888888888888889,-0.7222222222222223,False,unadjusted 95 percent paired graph percentile bootstrap
study-cc25ae93d418f22101d4,1,131072,random_iso,fixed_shots,capped_target_shots,24,a_minus_b,114848.0,105642.57777777778,123054.31111111112,True,unadjusted 95 percent paired graph percentile bootstrap
study-cc25ae93d418f22101d4,1,131072,random_iso,fixed_shots,optimization_shots,24,a_minus_b,64746.666666666664,64714.666666666664,64768.0,True,unadjusted 95 percent paired graph percentile bootstrap
study-cc25ae93d418f22101d4,1,131072,random_iso,fixed_shots,optimization_calls,24,a_minus_b,57.47222222222223,57.0,58.180555555555564,True,unadjusted 95 percent paired graph percentile bootstrap
study-cc25ae93d418f22101d4,1,131072,random_iso,fixed_shots,optimization_jobs,24,a_minus_b,25.194444444444443,25.0,25.48611111111111,True,unadjusted 95 percent paired graph percentile bootstrap
study-cc25ae93d418f22101d4,1,131072,random_iso,cobyla,objective,24,a_minus_b,0.0824364891258334,0.07242769743183461,0.09309890462200368,True,unadjusted 95 percent paired graph percentile bootstrap
study-cc25ae93d418f22101d4,1,131072,random_iso,cobyla,expected_ratio,24,a_minus_b,-0.10254658117452536,-0.11554209550145166,-0.09021542085220484,False,unadjusted 95 percent paired graph percentile bootstrap
study-cc25ae93d418f22101d4,1,131072,random_iso,cobyla,signed_reference_gap,24,a_minus_b,0.08243648912583339,0.07242769743183461,0.09309890462200368,True,unadjusted 95 percent paired graph percentile bootstrap
study-cc25ae93d418f22101d4,1,131072,random_iso,cobyla,success_fraction,24,a_minus_b,-0.8055555555555557,-0.888888888888889,-0.7222222222222223,False,unadjusted 95 percent paired graph percentile bootstrap
study-cc25ae93d418f22101d4,1,131072,random_iso,cobyla,capped_target_shots,24,a_minus_b,114848.0,105642.57777777778,123054.31111111112,True,unadjusted 95 percent paired graph percentile bootstrap
study-cc25ae93d418f22101d4,1,131072,random_iso,cobyla,optimization_shots,24,a_minus_b,114410.66666666667,113888.0,114890.75555555556,True,unadjusted 95 percent paired graph percentile bootstrap
study-cc25ae93d418f22101d4,1,131072,random_iso,cobyla,optimization_calls,24,a_minus_b,46.22222222222223,45.65277777777778,46.861111111111114,True,unadjusted 95 percent paired graph percentile bootstrap
study-cc25ae93d418f22101d4,1,131072,random_iso,cobyla,optimization_jobs,24,a_minus_b,10.944444444444445,10.5,11.375,True,unadjusted 95 percent paired graph percentile bootstrap
study-cc25ae93d418f22101d4,1,131072,random_iso,spsa,objective,24,a_minus_b,0.08376889371009777,0.07362282910125904,0.0945219792921329,True,unadjusted 95 percent paired graph percentile bootstrap
study-cc25ae93d418f22101d4,1,131072,random_iso,spsa,expected_ratio,24,a_minus_b,-0.10421218260719319,-0.11736465416342262,-0.09182044146045357,False,unadjusted 95 percent paired graph percentile bootstrap
study-cc25ae93d418f22101d4,1,131072,random_iso,spsa,signed_reference_gap,24,a_minus_b,0.08376889371009777,0.07362282910125903,0.09452197929213285,True,unadjusted 95 percent paired graph percentile bootstrap
study-cc25ae93d418f22101d4,1,131072,random_iso,spsa,success_fraction,24,a_minus_b,-0.8055555555555557,-0.888888888888889,-0.7222222222222223,False,unadjusted 95 percent paired graph percentile bootstrap
study-cc25ae93d418f22101d4,1,131072,random_iso,spsa,capped_target_shots,24,a_minus_b,114848.0,105642.57777777778,123054.31111111112,True,unadjusted 95 percent paired graph percentile bootstrap
study-cc25ae93d418f22101d4,1,131072,random_iso,spsa,optimization_shots,24,a_minus_b,2026.6666666666667,1994.6666666666667,2048.0,True,unadjusted 95 percent paired graph percentile bootstrap
study-cc25ae93d418f22101d4,1,131072,random_iso,spsa,optimization_calls,24,a_minus_b,-63.52777777777777,-64.0,-62.819444444444436,True,unadjusted 95 percent paired graph percentile bootstrap
study-cc25ae93d418f22101d4,1,131072,random_iso,spsa,optimization_jobs,24,a_minus_b,-56.805555555555564,-57.0,-56.51388888888889,True,unadjusted 95 percent paired graph percentile bootstrap
study-cc25ae93d418f22101d4,1,131072,descriptor_iso,descriptor_shape,objective,24,a_minus_b,0.0,0.0,0.0,True,unadjusted 95 percent paired graph percentile bootstrap
study-cc25ae93d418f22101d4,1,131072,descriptor_iso,descriptor_shape,expected_ratio,24,a_minus_b,0.0,0.0,0.0,False,unadjusted 95 percent paired graph percentile bootstrap
study-cc25ae93d418f22101d4,1,131072,descriptor_iso,descriptor_shape,signed_reference_gap,24,a_minus_b,0.0,0.0,0.0,True,unadjusted 95 percent paired graph percentile bootstrap
study-cc25ae93d418f22101d4,1,131072,descriptor_iso,descriptor_shape,success_fraction,24,a_minus_b,0.0,0.0,0.0,False,unadjusted 95 percent paired graph percentile bootstrap
study-cc25ae93d418f22101d4,1,131072,descriptor_iso,descriptor_shape,capped_target_shots,24,a_minus_b,0.0,0.0,0.0,True,unadjusted 95 percent paired graph percentile bootstrap
study-cc25ae93d418f22101d4,1,131072,descriptor_iso,descriptor_shape,optimization_shots,24,a_minus_b,0.0,0.0,0.0,True,unadjusted 95 percent paired graph percentile bootstrap
study-cc25ae93d418f22101d4,1,131072,descriptor_iso,descriptor_shape,optimization_calls,24,a_minus_b,0.0,0.0,0.0,True,unadjusted 95 percent paired graph percentile bootstrap
study-cc25ae93d418f22101d4,1,131072,descriptor_iso,descriptor_shape,optimization_jobs,24,a_minus_b,0.0,0.0,0.0,True,unadjusted 95 percent paired graph percentile bootstrap
study-cc25ae93d418f22101d4,1,131072,descriptor_iso,gw_iso,objective,24,a_minus_b,-0.002065351483274349,-0.003525836482698041,-0.0008211826149397229,True,unadjusted 95 percent paired graph percentile bootstrap
study-cc25ae93d418f22101d4,1,131072,descriptor_iso,gw_iso,expected_ratio,24,a_minus_b,0.002474738760087178,0.0009596963900171207,0.0042351737035684085,False,unadjusted 95 percent paired graph percentile bootstrap
study-cc25ae93d418f22101d4,1,131072,descriptor_iso,gw_iso,signed_reference_gap,24,a_minus_b,-0.002065351483274344,-0.003525836482698041,-0.0008211826149397184,True,unadjusted 95 percent paired graph percentile bootstrap
study-cc25ae93d418f22101d4,1,131072,descriptor_iso,gw_iso,success_fraction,24,a_minus_b,0.0,0.0,0.0,False,unadjusted 95 percent paired graph percentile bootstrap
study-cc25ae93d418f22101d4,1,131072,descriptor_iso,gw_iso,capped_target_shots,24,a_minus_b,0.0,0.0,0.0,True,unadjusted 95 percent paired graph percentile bootstrap
study-cc25ae93d418f22101d4,1,131072,descriptor_iso,gw_iso,optimization_shots,24,a_minus_b,0.0,0.0,0.0,True,unadjusted 95 percent paired graph percentile bootstrap
study-cc25ae93d418f22101d4,1,131072,descriptor_iso,gw_iso,optimization_calls,24,a_minus_b,0.0,0.0,0.0,True,unadjusted 95 percent paired graph percentile bootstrap
study-cc25ae93d418f22101d4,1,131072,descriptor_iso,gw_iso,optimization_jobs,24,a_minus_b,0.0,0.0,0.0,True,unadjusted 95 percent paired graph percentile bootstrap
study-cc25ae93d418f22101d4,1,131072,descriptor_iso,gw_shape,objective,24,a_minus_b,-0.002065351483274349,-0.003525836482698041,-0.0008211826149397229,True,unadjusted 95 percent paired graph percentile bootstrap
study-cc25ae93d418f22101d4,1,131072,descriptor_iso,gw_shape,expected_ratio,24,a_minus_b,0.002474738760087178,0.0009596963900171207,0.0042351737035684085,False,unadjusted 95 percent paired graph percentile bootstrap
study-cc25ae93d418f22101d4,1,131072,descriptor_iso,gw_shape,signed_reference_gap,24,a_minus_b,-0.002065351483274344,-0.003525836482698041,-0.0008211826149397184,True,unadjusted 95 percent paired graph percentile bootstrap
study-cc25ae93d418f22101d4,1,131072,descriptor_iso,gw_shape,success_fraction,24,a_minus_b,0.0,0.0,0.0,False,unadjusted 95 percent paired graph percentile bootstrap
study-cc25ae93d418f22101d4,1,131072,descriptor_iso,gw_shape,capped_target_shots,24,a_minus_b,0.0,0.0,0.0,True,unadjusted 95 percent paired graph percentile bootstrap
study-cc25ae93d418f22101d4,1,131072,descriptor_iso,gw_shape,optimization_shots,24,a_minus_b,0.0,0.0,0.0,True,unadjusted 95 percent paired graph percentile bootstrap
study-cc25ae93d418f22101d4,1,131072,descriptor_iso,gw_shape,optimization_calls,24,a_minus_b,0.0,0.0,0.0,True,unadjusted 95 percent paired graph percentile bootstrap
study-cc25ae93d418f22101d4,1,131072,descriptor_iso,gw_shape,optimization_jobs,24,a_minus_b,0.0,0.0,0.0,True,unadjusted 95 percent paired graph percentile bootstrap
study-cc25ae93d418f22101d4,1,131072,descriptor_iso,local_iso,objective,24,a_minus_b,-0.0031168861217489344,-0.004923630309505414,-0.001527565486755827,True,unadjusted 95 percent paired graph percentile bootstrap
study-cc25ae93d418f22101d4,1,131072,descriptor_iso,local_iso,expected_ratio,24,a_minus_b,0.004188220614149872,0.0019942464189029747,0.006693557860237454,False,unadjusted 95 percent paired graph percentile bootstrap
study-cc25ae93d418f22101d4,1,131072,descriptor_iso,local_iso,signed_reference_gap,24,a_minus_b,-0.0031168861217489344,-0.004923630309505411,-0.0015275654867558225,True,unadjusted 95 percent paired graph percentile bootstrap
study-cc25ae93d418f22101d4,1,131072,descriptor_iso,local_iso,success_fraction,24,a_minus_b,0.0,0.0,0.0,False,unadjusted 95 percent paired graph percentile bootstrap
study-cc25ae93d418f22101d4,1,131072,descriptor_iso,local_iso,capped_target_shots,24,a_minus_b,0.0,0.0,0.0,True,unadjusted 95 percent paired graph percentile bootstrap
study-cc25ae93d418f22101d4,1,131072,descriptor_iso,local_iso,optimization_shots,24,a_minus_b,0.0,0.0,0.0,True,unadjusted 95 percent paired graph percentile bootstrap
study-cc25ae93d418f22101d4,1,131072,descriptor_iso,local_iso,optimization_calls,24,a_minus_b,0.0,0.0,0.0,True,unadjusted 95 percent paired graph percentile bootstrap
study-cc25ae93d418f22101d4,1,131072,descriptor_iso,local_iso,optimization_jobs,24,a_minus_b,0.0,0.0,0.0,True,unadjusted 95 percent paired graph percentile bootstrap
study-cc25ae93d418f22101d4,1,131072,descriptor_iso,shuffled_gw,objective,24,a_minus_b,-0.008001845664681359,-0.020266487719906374,-0.0014193151669182184,True,unadjusted 95 percent paired graph percentile bootstrap
study-cc25ae93d418f22101d4,1,131072,descriptor_iso,shuffled_gw,expected_ratio,24,a_minus_b,0.009635844296270823,0.0017861543393857494,0.024151662269221854,False,unadjusted 95 percent paired graph percentile bootstrap
study-cc25ae93d418f22101d4,1,131072,descriptor_iso,shuffled_gw,signed_reference_gap,24,a_minus_b,-0.008001845664681354,-0.020266487719906374,-0.0014193151669182184,True,unadjusted 95 percent paired graph percentile bootstrap
study-cc25ae93d418f22101d4,1,131072,descriptor_iso,shuffled_gw,success_fraction,24,a_minus_b,0.041666666666666664,0.0,0.125,False,unadjusted 95 percent paired graph percentile bootstrap
study-cc25ae93d418f22101d4,1,131072,descriptor_iso,shuffled_gw,capped_target_shots,24,a_minus_b,-5461.333333333333,-16384.0,0.0,True,unadjusted 95 percent paired graph percentile bootstrap
study-cc25ae93d418f22101d4,1,131072,descriptor_iso,shuffled_gw,optimization_shots,24,a_minus_b,0.0,0.0,0.0,True,unadjusted 95 percent paired graph percentile bootstrap
study-cc25ae93d418f22101d4,1,131072,descriptor_iso,shuffled_gw,optimization_calls,24,a_minus_b,0.0,0.0,0.0,True,unadjusted 95 percent paired graph percentile bootstrap
study-cc25ae93d418f22101d4,1,131072,descriptor_iso,shuffled_gw,optimization_jobs,24,a_minus_b,0.0,0.0,0.0,True,unadjusted 95 percent paired graph percentile bootstrap
study-cc25ae93d418f22101d4,1,131072,descriptor_iso,bad_prior,objective,24,a_minus_b,-0.08993746519714256,-0.11525657398189827,-0.06404261246636068,True,unadjusted 95 percent paired graph percentile bootstrap
study-cc25ae93d418f22101d4,1,131072,descriptor_iso,bad_prior,expected_ratio,24,a_minus_b,0.11238284738255062,0.080843736907667,0.14325009939846578,False,unadjusted 95 percent paired graph percentile bootstrap
study-cc25ae93d418f22101d4,1,131072,descriptor_iso,bad_prior,signed_reference_gap,24,a_minus_b,-0.08993746519714256,-0.11525657398189827,-0.0640426124663607,True,unadjusted 95 percent paired graph percentile bootstrap
study-cc25ae93d418f22101d4,1,131072,descriptor_iso,bad_prior,success_fraction,24,a_minus_b,0.6666666666666666,0.4583333333333333,0.8333333333333334,False,unadjusted 95 percent paired graph percentile bootstrap
study-cc25ae93d418f22101d4,1,131072,descriptor_iso,bad_prior,capped_target_shots,24,a_minus_b,-89002.66666666667,-110037.33333333333,-62709.333333333336,True,unadjusted 95 percent paired graph percentile bootstrap
study-cc25ae93d418f22101d4,1,131072,descriptor_iso,bad_prior,optimization_shots,24,a_minus_b,0.0,0.0,0.0,True,unadjusted 95 percent paired graph percentile bootstrap
study-cc25ae93d418f22101d4,1,131072,descriptor_iso,bad_prior,optimization_calls,24,a_minus_b,0.0,0.0,0.0,True,unadjusted 95 percent paired graph percentile bootstrap
study-cc25ae93d418f22101d4,1,131072,descriptor_iso,bad_prior,optimization_jobs,24,a_minus_b,0.0,0.0,0.0,True,unadjusted 95 percent paired graph percentile bootstrap
study-cc25ae93d418f22101d4,1,131072,descriptor_iso,no_repair,objective,24,a_minus_b,0.0,0.0,0.0,True,unadjusted 95 percent paired graph percentile bootstrap
study-cc25ae93d418f22101d4,1,131072,descriptor_iso,no_repair,expected_ratio,24,a_minus_b,0.0,0.0,0.0,False,unadjusted 95 percent paired graph percentile bootstrap
study-cc25ae93d418f22101d4,1,131072,descriptor_iso,no_repair,signed_reference_gap,24,a_minus_b,0.0,0.0,0.0,True,unadjusted 95 percent paired graph percentile bootstrap
study-cc25ae93d418f22101d4,1,131072,descriptor_iso,no_repair,success_fraction,24,a_minus_b,0.0,0.0,0.0,False,unadjusted 95 percent paired graph percentile bootstrap
study-cc25ae93d418f22101d4,1,131072,descriptor_iso,no_repair,capped_target_shots,24,a_minus_b,0.0,0.0,0.0,True,unadjusted 95 percent paired graph percentile bootstrap
study-cc25ae93d418f22101d4,1,131072,descriptor_iso,no_repair,optimization_shots,24,a_minus_b,0.0,0.0,0.0,True,unadjusted 95 percent paired graph percentile bootstrap
study-cc25ae93d418f22101d4,1,131072,descriptor_iso,no_repair,optimization_calls,24,a_minus_b,0.0,0.0,0.0,True,unadjusted 95 percent paired graph percentile bootstrap
study-cc25ae93d418f22101d4,1,131072,descriptor_iso,no_repair,optimization_jobs,24,a_minus_b,0.0,0.0,0.0,True,unadjusted 95 percent paired graph percentile bootstrap
study-cc25ae93d418f22101d4,1,131072,descriptor_iso,fixed_radius,objective,24,a_minus_b,0.0,0.0,0.0,True,unadjusted 95 percent paired graph percentile bootstrap
study-cc25ae93d418f22101d4,1,131072,descriptor_iso,fixed_radius,expected_ratio,24,a_minus_b,0.0,0.0,0.0,False,unadjusted 95 percent paired graph percentile bootstrap
study-cc25ae93d418f22101d4,1,131072,descriptor_iso,fixed_radius,signed_reference_gap,24,a_minus_b,0.0,0.0,0.0,True,unadjusted 95 percent paired graph percentile bootstrap
study-cc25ae93d418f22101d4,1,131072,descriptor_iso,fixed_radius,success_fraction,24,a_minus_b,0.0,0.0,0.0,False,unadjusted 95 percent paired graph percentile bootstrap
study-cc25ae93d418f22101d4,1,131072,descriptor_iso,fixed_radius,capped_target_shots,24,a_minus_b,0.0,0.0,0.0,True,unadjusted 95 percent paired graph percentile bootstrap
study-cc25ae93d418f22101d4,1,131072,descriptor_iso,fixed_radius,optimization_shots,24,a_minus_b,1792.0,778.6666666666661,3402.755555555554,True,unadjusted 95 percent paired graph percentile bootstrap
study-cc25ae93d418f22101d4,1,131072,descriptor_iso,fixed_radius,optimization_calls,24,a_minus_b,-166.55555555555554,-188.69513888888886,-146.29131944444444,True,unadjusted 95 percent paired graph percentile bootstrap
study-cc25ae93d418f22101d4,1,131072,descriptor_iso,fixed_radius,optimization_jobs,24,a_minus_b,-68.44444444444444,-76.56944444444444,-61.013888888888886,True,unadjusted 95 percent paired graph percentile bootstrap
study-cc25ae93d418f22101d4,1,131072,descriptor_iso,fixed_shots,objective,24,a_minus_b,0.0,0.0,0.0,True,unadjusted 95 percent paired graph percentile bootstrap
study-cc25ae93d418f22101d4,1,131072,descriptor_iso,fixed_shots,expected_ratio,24,a_minus_b,0.0,0.0,0.0,False,unadjusted 95 percent paired graph percentile bootstrap
study-cc25ae93d418f22101d4,1,131072,descriptor_iso,fixed_shots,signed_reference_gap,24,a_minus_b,0.0,0.0,0.0,True,unadjusted 95 percent paired graph percentile bootstrap
study-cc25ae93d418f22101d4,1,131072,descriptor_iso,fixed_shots,success_fraction,24,a_minus_b,0.0,0.0,0.0,False,unadjusted 95 percent paired graph percentile bootstrap
study-cc25ae93d418f22101d4,1,131072,descriptor_iso,fixed_shots,capped_target_shots,24,a_minus_b,0.0,0.0,0.0,True,unadjusted 95 percent paired graph percentile bootstrap
study-cc25ae93d418f22101d4,1,131072,descriptor_iso,fixed_shots,optimization_shots,24,a_minus_b,64768.0,64768.0,64768.0,True,unadjusted 95 percent paired graph percentile bootstrap
study-cc25ae93d418f22101d4,1,131072,descriptor_iso,fixed_shots,optimization_calls,24,a_minus_b,57.0,57.0,57.0,True,unadjusted 95 percent paired graph percentile bootstrap
study-cc25ae93d418f22101d4,1,131072,descriptor_iso,fixed_shots,optimization_jobs,24,a_minus_b,25.0,25.0,25.0,True,unadjusted 95 percent paired graph percentile bootstrap
study-cc25ae93d418f22101d4,1,131072,descriptor_iso,cobyla,objective,24,a_minus_b,-0.0006982285699051646,-0.0012547681821754018,-3.081462694943258e-05,True,unadjusted 95 percent paired graph percentile bootstrap
study-cc25ae93d418f22101d4,1,131072,descriptor_iso,cobyla,expected_ratio,24,a_minus_b,0.000814983953807256,-6.721524514885987e-05,0.0015356619938888217,False,unadjusted 95 percent paired graph percentile bootstrap
study-cc25ae93d418f22101d4,1,131072,descriptor_iso,cobyla,signed_reference_gap,24,a_minus_b,-0.0006982285699051646,-0.001254768182175396,-3.081462694942509e-05,True,unadjusted 95 percent paired graph percentile bootstrap
study-cc25ae93d418f22101d4,1,131072,descriptor_iso,cobyla,success_fraction,24,a_minus_b,0.0,0.0,0.0,False,unadjusted 95 percent paired graph percentile bootstrap
study-cc25ae93d418f22101d4,1,131072,descriptor_iso,cobyla,capped_target_shots,24,a_minus_b,0.0,0.0,0.0,True,unadjusted 95 percent paired graph percentile bootstrap
study-cc25ae93d418f22101d4,1,131072,descriptor_iso,cobyla,optimization_shots,24,a_minus_b,114432.0,113920.0,114901.33333333333,True,unadjusted 95 percent paired graph percentile bootstrap
study-cc25ae93d418f22101d4,1,131072,descriptor_iso,cobyla,optimization_calls,24,a_minus_b,45.75,45.25,46.208333333333336,True,unadjusted 95 percent paired graph percentile bootstrap
study-cc25ae93d418f22101d4,1,131072,descriptor_iso,cobyla,optimization_jobs,24,a_minus_b,10.75,10.25,11.208333333333334,True,unadjusted 95 percent paired graph percentile bootstrap
study-cc25ae93d418f22101d4,1,131072,descriptor_iso,spsa,objective,24,a_minus_b,0.0006341760143592131,0.00024347183298448612,0.0011433515630656704,True,unadjusted 95 percent paired graph percentile bootstrap
study-cc25ae93d418f22101d4,1,131072,descriptor_iso,spsa,expected_ratio,24,a_minus_b,-0.0008506174788605603,-0.0015514387706108573,-0.00031402545564557975,False,unadjusted 95 percent paired graph percentile bootstrap
study-cc25ae93d418f22101d4,1,131072,descriptor_iso,spsa,signed_reference_gap,24,a_minus_b,0.0006341760143592115,0.00024347183298447208,0.0011433515630656797,True,unadjusted 95 percent paired graph percentile bootstrap
study-cc25ae93d418f22101d4,1,131072,descriptor_iso,spsa,success_fraction,24,a_minus_b,0.0,0.0,0.0,False,unadjusted 95 percent paired graph percentile bootstrap
study-cc25ae93d418f22101d4,1,131072,descriptor_iso,spsa,capped_target_shots,24,a_minus_b,0.0,0.0,0.0,True,unadjusted 95 percent paired graph percentile bootstrap
study-cc25ae93d418f22101d4,1,131072,descriptor_iso,spsa,optimization_shots,24,a_minus_b,2048.0,2048.0,2048.0,True,unadjusted 95 percent paired graph percentile bootstrap
study-cc25ae93d418f22101d4,1,131072,descriptor_iso,spsa,optimization_calls,24,a_minus_b,-64.0,-64.0,-64.0,True,unadjusted 95 percent paired graph percentile bootstrap
study-cc25ae93d418f22101d4,1,131072,descriptor_iso,spsa,optimization_jobs,24,a_minus_b,-57.0,-57.0,-57.0,True,unadjusted 95 percent paired graph percentile bootstrap
study-cc25ae93d418f22101d4,1,131072,descriptor_shape,gw_iso,objective,24,a_minus_b,-0.002065351483274349,-0.003525836482698041,-0.0008211826149397229,True,unadjusted 95 percent paired graph percentile bootstrap
study-cc25ae93d418f22101d4,1,131072,descriptor_shape,gw_iso,expected_ratio,24,a_minus_b,0.002474738760087178,0.0009596963900171207,0.0042351737035684085,False,unadjusted 95 percent paired graph percentile bootstrap
study-cc25ae93d418f22101d4,1,131072,descriptor_shape,gw_iso,signed_reference_gap,24,a_minus_b,-0.002065351483274344,-0.003525836482698041,-0.0008211826149397184,True,unadjusted 95 percent paired graph percentile bootstrap
study-cc25ae93d418f22101d4,1,131072,descriptor_shape,gw_iso,success_fraction,24,a_minus_b,0.0,0.0,0.0,False,unadjusted 95 percent paired graph percentile bootstrap
study-cc25ae93d418f22101d4,1,131072,descriptor_shape,gw_iso,capped_target_shots,24,a_minus_b,0.0,0.0,0.0,True,unadjusted 95 percent paired graph percentile bootstrap
study-cc25ae93d418f22101d4,1,131072,descriptor_shape,gw_iso,optimization_shots,24,a_minus_b,0.0,0.0,0.0,True,unadjusted 95 percent paired graph percentile bootstrap
study-cc25ae93d418f22101d4,1,131072,descriptor_shape,gw_iso,optimization_calls,24,a_minus_b,0.0,0.0,0.0,True,unadjusted 95 percent paired graph percentile bootstrap
study-cc25ae93d418f22101d4,1,131072,descriptor_shape,gw_iso,optimization_jobs,24,a_minus_b,0.0,0.0,0.0,True,unadjusted 95 percent paired graph percentile bootstrap
study-cc25ae93d418f22101d4,1,131072,descriptor_shape,gw_shape,objective,24,a_minus_b,-0.002065351483274349,-0.003525836482698041,-0.0008211826149397229,True,unadjusted 95 percent paired graph percentile bootstrap
study-cc25ae93d418f22101d4,1,131072,descriptor_shape,gw_shape,expected_ratio,24,a_minus_b,0.002474738760087178,0.0009596963900171207,0.0042351737035684085,False,unadjusted 95 percent paired graph percentile bootstrap
study-cc25ae93d418f22101d4,1,131072,descriptor_shape,gw_shape,signed_reference_gap,24,a_minus_b,-0.002065351483274344,-0.003525836482698041,-0.0008211826149397184,True,unadjusted 95 percent paired graph percentile bootstrap
study-cc25ae93d418f22101d4,1,131072,descriptor_shape,gw_shape,success_fraction,24,a_minus_b,0.0,0.0,0.0,False,unadjusted 95 percent paired graph percentile bootstrap
study-cc25ae93d418f22101d4,1,131072,descriptor_shape,gw_shape,capped_target_shots,24,a_minus_b,0.0,0.0,0.0,True,unadjusted 95 percent paired graph percentile bootstrap
study-cc25ae93d418f22101d4,1,131072,descriptor_shape,gw_shape,optimization_shots,24,a_minus_b,0.0,0.0,0.0,True,unadjusted 95 percent paired graph percentile bootstrap
study-cc25ae93d418f22101d4,1,131072,descriptor_shape,gw_shape,optimization_calls,24,a_minus_b,0.0,0.0,0.0,True,unadjusted 95 percent paired graph percentile bootstrap
study-cc25ae93d418f22101d4,1,131072,descriptor_shape,gw_shape,optimization_jobs,24,a_minus_b,0.0,0.0,0.0,True,unadjusted 95 percent paired graph percentile bootstrap
study-cc25ae93d418f22101d4,1,131072,descriptor_shape,local_iso,objective,24,a_minus_b,-0.0031168861217489344,-0.004923630309505414,-0.001527565486755827,True,unadjusted 95 percent paired graph percentile bootstrap
study-cc25ae93d418f22101d4,1,131072,descriptor_shape,local_iso,expected_ratio,24,a_minus_b,0.004188220614149872,0.0019942464189029747,0.006693557860237454,False,unadjusted 95 percent paired graph percentile bootstrap
study-cc25ae93d418f22101d4,1,131072,descriptor_shape,local_iso,signed_reference_gap,24,a_minus_b,-0.0031168861217489344,-0.004923630309505411,-0.0015275654867558225,True,unadjusted 95 percent paired graph percentile bootstrap
study-cc25ae93d418f22101d4,1,131072,descriptor_shape,local_iso,success_fraction,24,a_minus_b,0.0,0.0,0.0,False,unadjusted 95 percent paired graph percentile bootstrap
study-cc25ae93d418f22101d4,1,131072,descriptor_shape,local_iso,capped_target_shots,24,a_minus_b,0.0,0.0,0.0,True,unadjusted 95 percent paired graph percentile bootstrap
study-cc25ae93d418f22101d4,1,131072,descriptor_shape,local_iso,optimization_shots,24,a_minus_b,0.0,0.0,0.0,True,unadjusted 95 percent paired graph percentile bootstrap
study-cc25ae93d418f22101d4,1,131072,descriptor_shape,local_iso,optimization_calls,24,a_minus_b,0.0,0.0,0.0,True,unadjusted 95 percent paired graph percentile bootstrap
study-cc25ae93d418f22101d4,1,131072,descriptor_shape,local_iso,optimization_jobs,24,a_minus_b,0.0,0.0,0.0,True,unadjusted 95 percent paired graph percentile bootstrap
study-cc25ae93d418f22101d4,1,131072,descriptor_shape,shuffled_gw,objective,24,a_minus_b,-0.008001845664681359,-0.020266487719906374,-0.0014193151669182184,True,unadjusted 95 percent paired graph percentile bootstrap
study-cc25ae93d418f22101d4,1,131072,descriptor_shape,shuffled_gw,expected_ratio,24,a_minus_b,0.009635844296270823,0.0017861543393857494,0.024151662269221854,False,unadjusted 95 percent paired graph percentile bootstrap
study-cc25ae93d418f22101d4,1,131072,descriptor_shape,shuffled_gw,signed_reference_gap,24,a_minus_b,-0.008001845664681354,-0.020266487719906374,-0.0014193151669182184,True,unadjusted 95 percent paired graph percentile bootstrap
study-cc25ae93d418f22101d4,1,131072,descriptor_shape,shuffled_gw,success_fraction,24,a_minus_b,0.041666666666666664,0.0,0.125,False,unadjusted 95 percent paired graph percentile bootstrap
study-cc25ae93d418f22101d4,1,131072,descriptor_shape,shuffled_gw,capped_target_shots,24,a_minus_b,-5461.333333333333,-16384.0,0.0,True,unadjusted 95 percent paired graph percentile bootstrap
study-cc25ae93d418f22101d4,1,131072,descriptor_shape,shuffled_gw,optimization_shots,24,a_minus_b,0.0,0.0,0.0,True,unadjusted 95 percent paired graph percentile bootstrap
study-cc25ae93d418f22101d4,1,131072,descriptor_shape,shuffled_gw,optimization_calls,24,a_minus_b,0.0,0.0,0.0,True,unadjusted 95 percent paired graph percentile bootstrap
study-cc25ae93d418f22101d4,1,131072,descriptor_shape,shuffled_gw,optimization_jobs,24,a_minus_b,0.0,0.0,0.0,True,unadjusted 95 percent paired graph percentile bootstrap
study-cc25ae93d418f22101d4,1,131072,descriptor_shape,bad_prior,objective,24,a_minus_b,-0.08993746519714256,-0.11525657398189827,-0.06404261246636068,True,unadjusted 95 percent paired graph percentile bootstrap
study-cc25ae93d418f22101d4,1,131072,descriptor_shape,bad_prior,expected_ratio,24,a_minus_b,0.11238284738255062,0.080843736907667,0.14325009939846578,False,unadjusted 95 percent paired graph percentile bootstrap
study-cc25ae93d418f22101d4,1,131072,descriptor_shape,bad_prior,signed_reference_gap,24,a_minus_b,-0.08993746519714256,-0.11525657398189827,-0.0640426124663607,True,unadjusted 95 percent paired graph percentile bootstrap
study-cc25ae93d418f22101d4,1,131072,descriptor_shape,bad_prior,success_fraction,24,a_minus_b,0.6666666666666666,0.4583333333333333,0.8333333333333334,False,unadjusted 95 percent paired graph percentile bootstrap
study-cc25ae93d418f22101d4,1,131072,descriptor_shape,bad_prior,capped_target_shots,24,a_minus_b,-89002.66666666667,-110037.33333333333,-62709.333333333336,True,unadjusted 95 percent paired graph percentile bootstrap
study-cc25ae93d418f22101d4,1,131072,descriptor_shape,bad_prior,optimization_shots,24,a_minus_b,0.0,0.0,0.0,True,unadjusted 95 percent paired graph percentile bootstrap
study-cc25ae93d418f22101d4,1,131072,descriptor_shape,bad_prior,optimization_calls,24,a_minus_b,0.0,0.0,0.0,True,unadjusted 95 percent paired graph percentile bootstrap
study-cc25ae93d418f22101d4,1,131072,descriptor_shape,bad_prior,optimization_jobs,24,a_minus_b,0.0,0.0,0.0,True,unadjusted 95 percent paired graph percentile bootstrap
study-cc25ae93d418f22101d4,1,131072,descriptor_shape,no_repair,objective,24,a_minus_b,0.0,0.0,0.0,True,unadjusted 95 percent paired graph percentile bootstrap
study-cc25ae93d418f22101d4,1,131072,descriptor_shape,no_repair,expected_ratio,24,a_minus_b,0.0,0.0,0.0,False,unadjusted 95 percent paired graph percentile bootstrap
study-cc25ae93d418f22101d4,1,131072,descriptor_shape,no_repair,signed_reference_gap,24,a_minus_b,0.0,0.0,0.0,True,unadjusted 95 percent paired graph percentile bootstrap
study-cc25ae93d418f22101d4,1,131072,descriptor_shape,no_repair,success_fraction,24,a_minus_b,0.0,0.0,0.0,False,unadjusted 95 percent paired graph percentile bootstrap
study-cc25ae93d418f22101d4,1,131072,descriptor_shape,no_repair,capped_target_shots,24,a_minus_b,0.0,0.0,0.0,True,unadjusted 95 percent paired graph percentile bootstrap
study-cc25ae93d418f22101d4,1,131072,descriptor_shape,no_repair,optimization_shots,24,a_minus_b,0.0,0.0,0.0,True,unadjusted 95 percent paired graph percentile bootstrap
study-cc25ae93d418f22101d4,1,131072,descriptor_shape,no_repair,optimization_calls,24,a_minus_b,0.0,0.0,0.0,True,unadjusted 95 percent paired graph percentile bootstrap
study-cc25ae93d418f22101d4,1,131072,descriptor_shape,no_repair,optimization_jobs,24,a_minus_b,0.0,0.0,0.0,True,unadjusted 95 percent paired graph percentile bootstrap
study-cc25ae93d418f22101d4,1,131072,descriptor_shape,fixed_radius,objective,24,a_minus_b,0.0,0.0,0.0,True,unadjusted 95 percent paired graph percentile bootstrap
study-cc25ae93d418f22101d4,1,131072,descriptor_shape,fixed_radius,expected_ratio,24,a_minus_b,0.0,0.0,0.0,False,unadjusted 95 percent paired graph percentile bootstrap
study-cc25ae93d418f22101d4,1,131072,descriptor_shape,fixed_radius,signed_reference_gap,24,a_minus_b,0.0,0.0,0.0,True,unadjusted 95 percent paired graph percentile bootstrap
study-cc25ae93d418f22101d4,1,131072,descriptor_shape,fixed_radius,success_fraction,24,a_minus_b,0.0,0.0,0.0,False,unadjusted 95 percent paired graph percentile bootstrap
study-cc25ae93d418f22101d4,1,131072,descriptor_shape,fixed_radius,capped_target_shots,24,a_minus_b,0.0,0.0,0.0,True,unadjusted 95 percent paired graph percentile bootstrap
study-cc25ae93d418f22101d4,1,131072,descriptor_shape,fixed_radius,optimization_shots,24,a_minus_b,1792.0,778.6666666666661,3402.755555555554,True,unadjusted 95 percent paired graph percentile bootstrap
study-cc25ae93d418f22101d4,1,131072,descriptor_shape,fixed_radius,optimization_calls,24,a_minus_b,-166.55555555555554,-188.69513888888886,-146.29131944444444,True,unadjusted 95 percent paired graph percentile bootstrap
study-cc25ae93d418f22101d4,1,131072,descriptor_shape,fixed_radius,optimization_jobs,24,a_minus_b,-68.44444444444444,-76.56944444444444,-61.013888888888886,True,unadjusted 95 percent paired graph percentile bootstrap
study-cc25ae93d418f22101d4,1,131072,descriptor_shape,fixed_shots,objective,24,a_minus_b,0.0,0.0,0.0,True,unadjusted 95 percent paired graph percentile bootstrap
study-cc25ae93d418f22101d4,1,131072,descriptor_shape,fixed_shots,expected_ratio,24,a_minus_b,0.0,0.0,0.0,False,unadjusted 95 percent paired graph percentile bootstrap
study-cc25ae93d418f22101d4,1,131072,descriptor_shape,fixed_shots,signed_reference_gap,24,a_minus_b,0.0,0.0,0.0,True,unadjusted 95 percent paired graph percentile bootstrap
study-cc25ae93d418f22101d4,1,131072,descriptor_shape,fixed_shots,success_fraction,24,a_minus_b,0.0,0.0,0.0,False,unadjusted 95 percent paired graph percentile bootstrap
study-cc25ae93d418f22101d4,1,131072,descriptor_shape,fixed_shots,capped_target_shots,24,a_minus_b,0.0,0.0,0.0,True,unadjusted 95 percent paired graph percentile bootstrap
study-cc25ae93d418f22101d4,1,131072,descriptor_shape,fixed_shots,optimization_shots,24,a_minus_b,64768.0,64768.0,64768.0,True,unadjusted 95 percent paired graph percentile bootstrap
study-cc25ae93d418f22101d4,1,131072,descriptor_shape,fixed_shots,optimization_calls,24,a_minus_b,57.0,57.0,57.0,True,unadjusted 95 percent paired graph percentile bootstrap
study-cc25ae93d418f22101d4,1,131072,descriptor_shape,fixed_shots,optimization_jobs,24,a_minus_b,25.0,25.0,25.0,True,unadjusted 95 percent paired graph percentile bootstrap
study-cc25ae93d418f22101d4,1,131072,descriptor_shape,cobyla,objective,24,a_minus_b,-0.0006982285699051646,-0.0012547681821754018,-3.081462694943258e-05,True,unadjusted 95 percent paired graph percentile bootstrap
study-cc25ae93d418f22101d4,1,131072,descriptor_shape,cobyla,expected_ratio,24,a_minus_b,0.000814983953807256,-6.721524514885987e-05,0.0015356619938888217,False,unadjusted 95 percent paired graph percentile bootstrap
study-cc25ae93d418f22101d4,1,131072,descriptor_shape,cobyla,signed_reference_gap,24,a_minus_b,-0.0006982285699051646,-0.001254768182175396,-3.081462694942509e-05,True,unadjusted 95 percent paired graph percentile bootstrap
study-cc25ae93d418f22101d4,1,131072,descriptor_shape,cobyla,success_fraction,24,a_minus_b,0.0,0.0,0.0,False,unadjusted 95 percent paired graph percentile bootstrap
study-cc25ae93d418f22101d4,1,131072,descriptor_shape,cobyla,capped_target_shots,24,a_minus_b,0.0,0.0,0.0,True,unadjusted 95 percent paired graph percentile bootstrap
study-cc25ae93d418f22101d4,1,131072,descriptor_shape,cobyla,optimization_shots,24,a_minus_b,114432.0,113920.0,114901.33333333333,True,unadjusted 95 percent paired graph percentile bootstrap
study-cc25ae93d418f22101d4,1,131072,descriptor_shape,cobyla,optimization_calls,24,a_minus_b,45.75,45.25,46.208333333333336,True,unadjusted 95 percent paired graph percentile bootstrap
study-cc25ae93d418f22101d4,1,131072,descriptor_shape,cobyla,optimization_jobs,24,a_minus_b,10.75,10.25,11.208333333333334,True,unadjusted 95 percent paired graph percentile bootstrap
study-cc25ae93d418f22101d4,1,131072,descriptor_shape,spsa,objective,24,a_minus_b,0.0006341760143592131,0.00024347183298448612,0.0011433515630656704,True,unadjusted 95 percent paired graph percentile bootstrap
study-cc25ae93d418f22101d4,1,131072,descriptor_shape,spsa,expected_ratio,24,a_minus_b,-0.0008506174788605603,-0.0015514387706108573,-0.00031402545564557975,False,unadjusted 95 percent paired graph percentile bootstrap
study-cc25ae93d418f22101d4,1,131072,descriptor_shape,spsa,signed_reference_gap,24,a_minus_b,0.0006341760143592115,0.00024347183298447208,0.0011433515630656797,True,unadjusted 95 percent paired graph percentile bootstrap
study-cc25ae93d418f22101d4,1,131072,descriptor_shape,spsa,success_fraction,24,a_minus_b,0.0,0.0,0.0,False,unadjusted 95 percent paired graph percentile bootstrap
study-cc25ae93d418f22101d4,1,131072,descriptor_shape,spsa,capped_target_shots,24,a_minus_b,0.0,0.0,0.0,True,unadjusted 95 percent paired graph percentile bootstrap
study-cc25ae93d418f22101d4,1,131072,descriptor_shape,spsa,optimization_shots,24,a_minus_b,2048.0,2048.0,2048.0,True,unadjusted 95 percent paired graph percentile bootstrap
study-cc25ae93d418f22101d4,1,131072,descriptor_shape,spsa,optimization_calls,24,a_minus_b,-64.0,-64.0,-64.0,True,unadjusted 95 percent paired graph percentile bootstrap
study-cc25ae93d418f22101d4,1,131072,descriptor_shape,spsa,optimization_jobs,24,a_minus_b,-57.0,-57.0,-57.0,True,unadjusted 95 percent paired graph percentile bootstrap
study-cc25ae93d418f22101d4,1,131072,gw_iso,gw_shape,objective,24,a_minus_b,0.0,0.0,0.0,True,unadjusted 95 percent paired graph percentile bootstrap
study-cc25ae93d418f22101d4,1,131072,gw_iso,gw_shape,expected_ratio,24,a_minus_b,0.0,0.0,0.0,False,unadjusted 95 percent paired graph percentile bootstrap
study-cc25ae93d418f22101d4,1,131072,gw_iso,gw_shape,signed_reference_gap,24,a_minus_b,0.0,0.0,0.0,True,unadjusted 95 percent paired graph percentile bootstrap
study-cc25ae93d418f22101d4,1,131072,gw_iso,gw_shape,success_fraction,24,a_minus_b,0.0,0.0,0.0,False,unadjusted 95 percent paired graph percentile bootstrap
study-cc25ae93d418f22101d4,1,131072,gw_iso,gw_shape,capped_target_shots,24,a_minus_b,0.0,0.0,0.0,True,unadjusted 95 percent paired graph percentile bootstrap
study-cc25ae93d418f22101d4,1,131072,gw_iso,gw_shape,optimization_shots,24,a_minus_b,0.0,0.0,0.0,True,unadjusted 95 percent paired graph percentile bootstrap
study-cc25ae93d418f22101d4,1,131072,gw_iso,gw_shape,optimization_calls,24,a_minus_b,0.0,0.0,0.0,True,unadjusted 95 percent paired graph percentile bootstrap
study-cc25ae93d418f22101d4,1,131072,gw_iso,gw_shape,optimization_jobs,24,a_minus_b,0.0,0.0,0.0,True,unadjusted 95 percent paired graph percentile bootstrap
study-cc25ae93d418f22101d4,1,131072,gw_iso,local_iso,objective,24,a_minus_b,-0.0010515346384745855,-0.0033437425867697997,0.0011533104040579705,True,unadjusted 95 percent paired graph percentile bootstrap
study-cc25ae93d418f22101d4,1,131072,gw_iso,local_iso,expected_ratio,24,a_minus_b,0.0017134818540626938,-0.001102174542984868,0.004748992154713642,False,unadjusted 95 percent paired graph percentile bootstrap
study-cc25ae93d418f22101d4,1,131072,gw_iso,local_iso,signed_reference_gap,24,a_minus_b,-0.00105153463847459,-0.003343742586769809,0.0011533104040579657,True,unadjusted 95 percent paired graph percentile bootstrap
study-cc25ae93d418f22101d4,1,131072,gw_iso,local_iso,success_fraction,24,a_minus_b,0.0,0.0,0.0,False,unadjusted 95 percent paired graph percentile bootstrap
study-cc25ae93d418f22101d4,1,131072,gw_iso,local_iso,capped_target_shots,24,a_minus_b,0.0,0.0,0.0,True,unadjusted 95 percent paired graph percentile bootstrap
study-cc25ae93d418f22101d4,1,131072,gw_iso,local_iso,optimization_shots,24,a_minus_b,0.0,0.0,0.0,True,unadjusted 95 percent paired graph percentile bootstrap
study-cc25ae93d418f22101d4,1,131072,gw_iso,local_iso,optimization_calls,24,a_minus_b,0.0,0.0,0.0,True,unadjusted 95 percent paired graph percentile bootstrap
study-cc25ae93d418f22101d4,1,131072,gw_iso,local_iso,optimization_jobs,24,a_minus_b,0.0,0.0,0.0,True,unadjusted 95 percent paired graph percentile bootstrap
study-cc25ae93d418f22101d4,1,131072,gw_iso,shuffled_gw,objective,24,a_minus_b,-0.0059364941814070106,-0.018377909701673266,0.0009866019415900001,True,unadjusted 95 percent paired graph percentile bootstrap
study-cc25ae93d418f22101d4,1,131072,gw_iso,shuffled_gw,expected_ratio,24,a_minus_b,0.007161105536183644,-0.0010934951875249796,0.021902906046258164,False,unadjusted 95 percent paired graph percentile bootstrap
study-cc25ae93d418f22101d4,1,131072,gw_iso,shuffled_gw,signed_reference_gap,24,a_minus_b,-0.0059364941814070106,-0.018377909701673266,0.00098660194159,True,unadjusted 95 percent paired graph percentile bootstrap
study-cc25ae93d418f22101d4,1,131072,gw_iso,shuffled_gw,success_fraction,24,a_minus_b,0.041666666666666664,0.0,0.125,False,unadjusted 95 percent paired graph percentile bootstrap
study-cc25ae93d418f22101d4,1,131072,gw_iso,shuffled_gw,capped_target_shots,24,a_minus_b,-5461.333333333333,-16384.0,0.0,True,unadjusted 95 percent paired graph percentile bootstrap
study-cc25ae93d418f22101d4,1,131072,gw_iso,shuffled_gw,optimization_shots,24,a_minus_b,0.0,0.0,0.0,True,unadjusted 95 percent paired graph percentile bootstrap
study-cc25ae93d418f22101d4,1,131072,gw_iso,shuffled_gw,optimization_calls,24,a_minus_b,0.0,0.0,0.0,True,unadjusted 95 percent paired graph percentile bootstrap
study-cc25ae93d418f22101d4,1,131072,gw_iso,shuffled_gw,optimization_jobs,24,a_minus_b,0.0,0.0,0.0,True,unadjusted 95 percent paired graph percentile bootstrap
study-cc25ae93d418f22101d4,1,131072,gw_iso,bad_prior,objective,24,a_minus_b,-0.08787211371386822,-0.11300089531292999,-0.06251416661753488,True,unadjusted 95 percent paired graph percentile bootstrap
study-cc25ae93d418f22101d4,1,131072,gw_iso,bad_prior,expected_ratio,24,a_minus_b,0.10990810862246347,0.07870124771209833,0.14046811452199756,False,unadjusted 95 percent paired graph percentile bootstrap
study-cc25ae93d418f22101d4,1,131072,gw_iso,bad_prior,signed_reference_gap,24,a_minus_b,-0.08787211371386823,-0.11300089531292999,-0.06251416661753488,True,unadjusted 95 percent paired graph percentile bootstrap
study-cc25ae93d418f22101d4,1,131072,gw_iso,bad_prior,success_fraction,24,a_minus_b,0.6666666666666666,0.4583333333333333,0.8333333333333334,False,unadjusted 95 percent paired graph percentile bootstrap
study-cc25ae93d418f22101d4,1,131072,gw_iso,bad_prior,capped_target_shots,24,a_minus_b,-89002.66666666667,-110037.33333333333,-62709.333333333336,True,unadjusted 95 percent paired graph percentile bootstrap
study-cc25ae93d418f22101d4,1,131072,gw_iso,bad_prior,optimization_shots,24,a_minus_b,0.0,0.0,0.0,True,unadjusted 95 percent paired graph percentile bootstrap
study-cc25ae93d418f22101d4,1,131072,gw_iso,bad_prior,optimization_calls,24,a_minus_b,0.0,0.0,0.0,True,unadjusted 95 percent paired graph percentile bootstrap
study-cc25ae93d418f22101d4,1,131072,gw_iso,bad_prior,optimization_jobs,24,a_minus_b,0.0,0.0,0.0,True,unadjusted 95 percent paired graph percentile bootstrap
study-cc25ae93d418f22101d4,1,131072,gw_iso,no_repair,objective,24,a_minus_b,0.002065351483274349,0.0008211826149397227,0.00352583648269804,True,unadjusted 95 percent paired graph percentile bootstrap
study-cc25ae93d418f22101d4,1,131072,gw_iso,no_repair,expected_ratio,24,a_minus_b,-0.002474738760087178,-0.0042351737035684085,-0.0009596963900171208,False,unadjusted 95 percent paired graph percentile bootstrap
study-cc25ae93d418f22101d4,1,131072,gw_iso,no_repair,signed_reference_gap,24,a_minus_b,0.002065351483274344,0.0008211826149397182,0.0035258364826980396,True,unadjusted 95 percent paired graph percentile bootstrap
study-cc25ae93d418f22101d4,1,131072,gw_iso,no_repair,success_fraction,24,a_minus_b,0.0,0.0,0.0,False,unadjusted 95 percent paired graph percentile bootstrap
study-cc25ae93d418f22101d4,1,131072,gw_iso,no_repair,capped_target_shots,24,a_minus_b,0.0,0.0,0.0,True,unadjusted 95 percent paired graph percentile bootstrap
study-cc25ae93d418f22101d4,1,131072,gw_iso,no_repair,optimization_shots,24,a_minus_b,0.0,0.0,0.0,True,unadjusted 95 percent paired graph percentile bootstrap
study-cc25ae93d418f22101d4,1,131072,gw_iso,no_repair,optimization_calls,24,a_minus_b,0.0,0.0,0.0,True,unadjusted 95 percent paired graph percentile bootstrap
study-cc25ae93d418f22101d4,1,131072,gw_iso,no_repair,optimization_jobs,24,a_minus_b,0.0,0.0,0.0,True,unadjusted 95 percent paired graph percentile bootstrap
study-cc25ae93d418f22101d4,1,131072,gw_iso,fixed_radius,objective,24,a_minus_b,0.002065351483274349,0.0008211826149397227,0.00352583648269804,True,unadjusted 95 percent paired graph percentile bootstrap
study-cc25ae93d418f22101d4,1,131072,gw_iso,fixed_radius,expected_ratio,24,a_minus_b,-0.002474738760087178,-0.0042351737035684085,-0.0009596963900171208,False,unadjusted 95 percent paired graph percentile bootstrap
study-cc25ae93d418f22101d4,1,131072,gw_iso,fixed_radius,signed_reference_gap,24,a_minus_b,0.002065351483274344,0.0008211826149397182,0.0035258364826980396,True,unadjusted 95 percent paired graph percentile bootstrap
study-cc25ae93d418f22101d4,1,131072,gw_iso,fixed_radius,success_fraction,24,a_minus_b,0.0,0.0,0.0,False,unadjusted 95 percent paired graph percentile bootstrap
study-cc25ae93d418f22101d4,1,131072,gw_iso,fixed_radius,capped_target_shots,24,a_minus_b,0.0,0.0,0.0,True,unadjusted 95 percent paired graph percentile bootstrap
study-cc25ae93d418f22101d4,1,131072,gw_iso,fixed_radius,optimization_shots,24,a_minus_b,1792.0,778.6666666666661,3402.755555555554,True,unadjusted 95 percent paired graph percentile bootstrap
study-cc25ae93d418f22101d4,1,131072,gw_iso,fixed_radius,optimization_calls,24,a_minus_b,-166.55555555555554,-188.69513888888886,-146.29131944444444,True,unadjusted 95 percent paired graph percentile bootstrap
study-cc25ae93d418f22101d4,1,131072,gw_iso,fixed_radius,optimization_jobs,24,a_minus_b,-68.44444444444444,-76.56944444444444,-61.013888888888886,True,unadjusted 95 percent paired graph percentile bootstrap
study-cc25ae93d418f22101d4,1,131072,gw_iso,fixed_shots,objective,24,a_minus_b,0.002065351483274349,0.0008211826149397227,0.00352583648269804,True,unadjusted 95 percent paired graph percentile bootstrap
study-cc25ae93d418f22101d4,1,131072,gw_iso,fixed_shots,expected_ratio,24,a_minus_b,-0.002474738760087178,-0.0042351737035684085,-0.0009596963900171208,False,unadjusted 95 percent paired graph percentile bootstrap
study-cc25ae93d418f22101d4,1,131072,gw_iso,fixed_shots,signed_reference_gap,24,a_minus_b,0.002065351483274344,0.0008211826149397182,0.0035258364826980396,True,unadjusted 95 percent paired graph percentile bootstrap
study-cc25ae93d418f22101d4,1,131072,gw_iso,fixed_shots,success_fraction,24,a_minus_b,0.0,0.0,0.0,False,unadjusted 95 percent paired graph percentile bootstrap
study-cc25ae93d418f22101d4,1,131072,gw_iso,fixed_shots,capped_target_shots,24,a_minus_b,0.0,0.0,0.0,True,unadjusted 95 percent paired graph percentile bootstrap
study-cc25ae93d418f22101d4,1,131072,gw_iso,fixed_shots,optimization_shots,24,a_minus_b,64768.0,64768.0,64768.0,True,unadjusted 95 percent paired graph percentile bootstrap
study-cc25ae93d418f22101d4,1,131072,gw_iso,fixed_shots,optimization_calls,24,a_minus_b,57.0,57.0,57.0,True,unadjusted 95 percent paired graph percentile bootstrap
study-cc25ae93d418f22101d4,1,131072,gw_iso,fixed_shots,optimization_jobs,24,a_minus_b,25.0,25.0,25.0,True,unadjusted 95 percent paired graph percentile bootstrap
study-cc25ae93d418f22101d4,1,131072,gw_iso,cobyla,objective,24,a_minus_b,0.0013671229133691842,9.139605891733868e-05,0.002836481852196994,True,unadjusted 95 percent paired graph percentile bootstrap
study-cc25ae93d418f22101d4,1,131072,gw_iso,cobyla,expected_ratio,24,a_minus_b,-0.0016597548062799218,-0.0034201107863579532,-0.00010565831087089528,False,unadjusted 95 percent paired graph percentile bootstrap
study-cc25ae93d418f22101d4,1,131072,gw_iso,cobyla,signed_reference_gap,24,a_minus_b,0.0013671229133691797,9.139605891735998e-05,0.0028364818521969793,True,unadjusted 95 percent paired graph percentile bootstrap
study-cc25ae93d418f22101d4,1,131072,gw_iso,cobyla,success_fraction,24,a_minus_b,0.0,0.0,0.0,False,unadjusted 95 percent paired graph percentile bootstrap
study-cc25ae93d418f22101d4,1,131072,gw_iso,cobyla,capped_target_shots,24,a_minus_b,0.0,0.0,0.0,True,unadjusted 95 percent paired graph percentile bootstrap
study-cc25ae93d418f22101d4,1,131072,gw_iso,cobyla,optimization_shots,24,a_minus_b,114432.0,113920.0,114901.33333333333,True,unadjusted 95 percent paired graph percentile bootstrap
study-cc25ae93d418f22101d4,1,131072,gw_iso,cobyla,optimization_calls,24,a_minus_b,45.75,45.25,46.208333333333336,True,unadjusted 95 percent paired graph percentile bootstrap
study-cc25ae93d418f22101d4,1,131072,gw_iso,cobyla,optimization_jobs,24,a_minus_b,10.75,10.25,11.208333333333334,True,unadjusted 95 percent paired graph percentile bootstrap
study-cc25ae93d418f22101d4,1,131072,gw_iso,spsa,objective,24,a_minus_b,0.0026995274976335617,0.001382716307705607,0.0042259436545326184,True,unadjusted 95 percent paired graph percentile bootstrap
study-cc25ae93d418f22101d4,1,131072,gw_iso,spsa,expected_ratio,24,a_minus_b,-0.003325356238947738,-0.0051981993781832925,-0.001701584815200618,False,unadjusted 95 percent paired graph percentile bootstrap
study-cc25ae93d418f22101d4,1,131072,gw_iso,spsa,signed_reference_gap,24,a_minus_b,0.0026995274976335556,0.0013827163077056166,0.004225943654532603,True,unadjusted 95 percent paired graph percentile bootstrap
study-cc25ae93d418f22101d4,1,131072,gw_iso,spsa,success_fraction,24,a_minus_b,0.0,0.0,0.0,False,unadjusted 95 percent paired graph percentile bootstrap
study-cc25ae93d418f22101d4,1,131072,gw_iso,spsa,capped_target_shots,24,a_minus_b,0.0,0.0,0.0,True,unadjusted 95 percent paired graph percentile bootstrap
study-cc25ae93d418f22101d4,1,131072,gw_iso,spsa,optimization_shots,24,a_minus_b,2048.0,2048.0,2048.0,True,unadjusted 95 percent paired graph percentile bootstrap
study-cc25ae93d418f22101d4,1,131072,gw_iso,spsa,optimization_calls,24,a_minus_b,-64.0,-64.0,-64.0,True,unadjusted 95 percent paired graph percentile bootstrap
study-cc25ae93d418f22101d4,1,131072,gw_iso,spsa,optimization_jobs,24,a_minus_b,-57.0,-57.0,-57.0,True,unadjusted 95 percent paired graph percentile bootstrap
study-cc25ae93d418f22101d4,1,131072,gw_shape,local_iso,objective,24,a_minus_b,-0.0010515346384745855,-0.0033437425867697997,0.0011533104040579705,True,unadjusted 95 percent paired graph percentile bootstrap
study-cc25ae93d418f22101d4,1,131072,gw_shape,local_iso,expected_ratio,24,a_minus_b,0.0017134818540626938,-0.001102174542984868,0.004748992154713642,False,unadjusted 95 percent paired graph percentile bootstrap
study-cc25ae93d418f22101d4,1,131072,gw_shape,local_iso,signed_reference_gap,24,a_minus_b,-0.00105153463847459,-0.003343742586769809,0.0011533104040579657,True,unadjusted 95 percent paired graph percentile bootstrap
study-cc25ae93d418f22101d4,1,131072,gw_shape,local_iso,success_fraction,24,a_minus_b,0.0,0.0,0.0,False,unadjusted 95 percent paired graph percentile bootstrap
study-cc25ae93d418f22101d4,1,131072,gw_shape,local_iso,capped_target_shots,24,a_minus_b,0.0,0.0,0.0,True,unadjusted 95 percent paired graph percentile bootstrap
study-cc25ae93d418f22101d4,1,131072,gw_shape,local_iso,optimization_shots,24,a_minus_b,0.0,0.0,0.0,True,unadjusted 95 percent paired graph percentile bootstrap
study-cc25ae93d418f22101d4,1,131072,gw_shape,local_iso,optimization_calls,24,a_minus_b,0.0,0.0,0.0,True,unadjusted 95 percent paired graph percentile bootstrap
study-cc25ae93d418f22101d4,1,131072,gw_shape,local_iso,optimization_jobs,24,a_minus_b,0.0,0.0,0.0,True,unadjusted 95 percent paired graph percentile bootstrap
study-cc25ae93d418f22101d4,1,131072,gw_shape,shuffled_gw,objective,24,a_minus_b,-0.0059364941814070106,-0.018377909701673266,0.0009866019415900001,True,unadjusted 95 percent paired graph percentile bootstrap
study-cc25ae93d418f22101d4,1,131072,gw_shape,shuffled_gw,expected_ratio,24,a_minus_b,0.007161105536183644,-0.0010934951875249796,0.021902906046258164,False,unadjusted 95 percent paired graph percentile bootstrap
study-cc25ae93d418f22101d4,1,131072,gw_shape,shuffled_gw,signed_reference_gap,24,a_minus_b,-0.0059364941814070106,-0.018377909701673266,0.00098660194159,True,unadjusted 95 percent paired graph percentile bootstrap
study-cc25ae93d418f22101d4,1,131072,gw_shape,shuffled_gw,success_fraction,24,a_minus_b,0.041666666666666664,0.0,0.125,False,unadjusted 95 percent paired graph percentile bootstrap
study-cc25ae93d418f22101d4,1,131072,gw_shape,shuffled_gw,capped_target_shots,24,a_minus_b,-5461.333333333333,-16384.0,0.0,True,unadjusted 95 percent paired graph percentile bootstrap
study-cc25ae93d418f22101d4,1,131072,gw_shape,shuffled_gw,optimization_shots,24,a_minus_b,0.0,0.0,0.0,True,unadjusted 95 percent paired graph percentile bootstrap
study-cc25ae93d418f22101d4,1,131072,gw_shape,shuffled_gw,optimization_calls,24,a_minus_b,0.0,0.0,0.0,True,unadjusted 95 percent paired graph percentile bootstrap
study-cc25ae93d418f22101d4,1,131072,gw_shape,shuffled_gw,optimization_jobs,24,a_minus_b,0.0,0.0,0.0,True,unadjusted 95 percent paired graph percentile bootstrap
study-cc25ae93d418f22101d4,1,131072,gw_shape,bad_prior,objective,24,a_minus_b,-0.08787211371386822,-0.11300089531292999,-0.06251416661753488,True,unadjusted 95 percent paired graph percentile bootstrap
study-cc25ae93d418f22101d4,1,131072,gw_shape,bad_prior,expected_ratio,24,a_minus_b,0.10990810862246347,0.07870124771209833,0.14046811452199756,False,unadjusted 95 percent paired graph percentile bootstrap
study-cc25ae93d418f22101d4,1,131072,gw_shape,bad_prior,signed_reference_gap,24,a_minus_b,-0.08787211371386823,-0.11300089531292999,-0.06251416661753488,True,unadjusted 95 percent paired graph percentile bootstrap
study-cc25ae93d418f22101d4,1,131072,gw_shape,bad_prior,success_fraction,24,a_minus_b,0.6666666666666666,0.4583333333333333,0.8333333333333334,False,unadjusted 95 percent paired graph percentile bootstrap
study-cc25ae93d418f22101d4,1,131072,gw_shape,bad_prior,capped_target_shots,24,a_minus_b,-89002.66666666667,-110037.33333333333,-62709.333333333336,True,unadjusted 95 percent paired graph percentile bootstrap
study-cc25ae93d418f22101d4,1,131072,gw_shape,bad_prior,optimization_shots,24,a_minus_b,0.0,0.0,0.0,True,unadjusted 95 percent paired graph percentile bootstrap
study-cc25ae93d418f22101d4,1,131072,gw_shape,bad_prior,optimization_calls,24,a_minus_b,0.0,0.0,0.0,True,unadjusted 95 percent paired graph percentile bootstrap
study-cc25ae93d418f22101d4,1,131072,gw_shape,bad_prior,optimization_jobs,24,a_minus_b,0.0,0.0,0.0,True,unadjusted 95 percent paired graph percentile bootstrap
study-cc25ae93d418f22101d4,1,131072,gw_shape,no_repair,objective,24,a_minus_b,0.002065351483274349,0.0008211826149397227,0.00352583648269804,True,unadjusted 95 percent paired graph percentile bootstrap
study-cc25ae93d418f22101d4,1,131072,gw_shape,no_repair,expected_ratio,24,a_minus_b,-0.002474738760087178,-0.0042351737035684085,-0.0009596963900171208,False,unadjusted 95 percent paired graph percentile bootstrap
study-cc25ae93d418f22101d4,1,131072,gw_shape,no_repair,signed_reference_gap,24,a_minus_b,0.002065351483274344,0.0008211826149397182,0.0035258364826980396,True,unadjusted 95 percent paired graph percentile bootstrap
study-cc25ae93d418f22101d4,1,131072,gw_shape,no_repair,success_fraction,24,a_minus_b,0.0,0.0,0.0,False,unadjusted 95 percent paired graph percentile bootstrap
study-cc25ae93d418f22101d4,1,131072,gw_shape,no_repair,capped_target_shots,24,a_minus_b,0.0,0.0,0.0,True,unadjusted 95 percent paired graph percentile bootstrap
study-cc25ae93d418f22101d4,1,131072,gw_shape,no_repair,optimization_shots,24,a_minus_b,0.0,0.0,0.0,True,unadjusted 95 percent paired graph percentile bootstrap
study-cc25ae93d418f22101d4,1,131072,gw_shape,no_repair,optimization_calls,24,a_minus_b,0.0,0.0,0.0,True,unadjusted 95 percent paired graph percentile bootstrap
study-cc25ae93d418f22101d4,1,131072,gw_shape,no_repair,optimization_jobs,24,a_minus_b,0.0,0.0,0.0,True,unadjusted 95 percent paired graph percentile bootstrap
study-cc25ae93d418f22101d4,1,131072,gw_shape,fixed_radius,objective,24,a_minus_b,0.002065351483274349,0.0008211826149397227,0.00352583648269804,True,unadjusted 95 percent paired graph percentile bootstrap
study-cc25ae93d418f22101d4,1,131072,gw_shape,fixed_radius,expected_ratio,24,a_minus_b,-0.002474738760087178,-0.0042351737035684085,-0.0009596963900171208,False,unadjusted 95 percent paired graph percentile bootstrap
study-cc25ae93d418f22101d4,1,131072,gw_shape,fixed_radius,signed_reference_gap,24,a_minus_b,0.002065351483274344,0.0008211826149397182,0.0035258364826980396,True,unadjusted 95 percent paired graph percentile bootstrap
study-cc25ae93d418f22101d4,1,131072,gw_shape,fixed_radius,success_fraction,24,a_minus_b,0.0,0.0,0.0,False,unadjusted 95 percent paired graph percentile bootstrap
study-cc25ae93d418f22101d4,1,131072,gw_shape,fixed_radius,capped_target_shots,24,a_minus_b,0.0,0.0,0.0,True,unadjusted 95 percent paired graph percentile bootstrap
study-cc25ae93d418f22101d4,1,131072,gw_shape,fixed_radius,optimization_shots,24,a_minus_b,1792.0,778.6666666666661,3402.755555555554,True,unadjusted 95 percent paired graph percentile bootstrap
study-cc25ae93d418f22101d4,1,131072,gw_shape,fixed_radius,optimization_calls,24,a_minus_b,-166.55555555555554,-188.69513888888886,-146.29131944444444,True,unadjusted 95 percent paired graph percentile bootstrap
study-cc25ae93d418f22101d4,1,131072,gw_shape,fixed_radius,optimization_jobs,24,a_minus_b,-68.44444444444444,-76.56944444444444,-61.013888888888886,True,unadjusted 95 percent paired graph percentile bootstrap
study-cc25ae93d418f22101d4,1,131072,gw_shape,fixed_shots,objective,24,a_minus_b,0.002065351483274349,0.0008211826149397227,0.00352583648269804,True,unadjusted 95 percent paired graph percentile bootstrap
study-cc25ae93d418f22101d4,1,131072,gw_shape,fixed_shots,expected_ratio,24,a_minus_b,-0.002474738760087178,-0.0042351737035684085,-0.0009596963900171208,False,unadjusted 95 percent paired graph percentile bootstrap
study-cc25ae93d418f22101d4,1,131072,gw_shape,fixed_shots,signed_reference_gap,24,a_minus_b,0.002065351483274344,0.0008211826149397182,0.0035258364826980396,True,unadjusted 95 percent paired graph percentile bootstrap
study-cc25ae93d418f22101d4,1,131072,gw_shape,fixed_shots,success_fraction,24,a_minus_b,0.0,0.0,0.0,False,unadjusted 95 percent paired graph percentile bootstrap
study-cc25ae93d418f22101d4,1,131072,gw_shape,fixed_shots,capped_target_shots,24,a_minus_b,0.0,0.0,0.0,True,unadjusted 95 percent paired graph percentile bootstrap
study-cc25ae93d418f22101d4,1,131072,gw_shape,fixed_shots,optimization_shots,24,a_minus_b,64768.0,64768.0,64768.0,True,unadjusted 95 percent paired graph percentile bootstrap
study-cc25ae93d418f22101d4,1,131072,gw_shape,fixed_shots,optimization_calls,24,a_minus_b,57.0,57.0,57.0,True,unadjusted 95 percent paired graph percentile bootstrap
study-cc25ae93d418f22101d4,1,131072,gw_shape,fixed_shots,optimization_jobs,24,a_minus_b,25.0,25.0,25.0,True,unadjusted 95 percent paired graph percentile bootstrap
study-cc25ae93d418f22101d4,1,131072,gw_shape,cobyla,objective,24,a_minus_b,0.0013671229133691842,9.139605891733868e-05,0.002836481852196994,True,unadjusted 95 percent paired graph percentile bootstrap
study-cc25ae93d418f22101d4,1,131072,gw_shape,cobyla,expected_ratio,24,a_minus_b,-0.0016597548062799218,-0.0034201107863579532,-0.00010565831087089528,False,unadjusted 95 percent paired graph percentile bootstrap
study-cc25ae93d418f22101d4,1,131072,gw_shape,cobyla,signed_reference_gap,24,a_minus_b,0.0013671229133691797,9.139605891735998e-05,0.0028364818521969793,True,unadjusted 95 percent paired graph percentile bootstrap
study-cc25ae93d418f22101d4,1,131072,gw_shape,cobyla,success_fraction,24,a_minus_b,0.0,0.0,0.0,False,unadjusted 95 percent paired graph percentile bootstrap
study-cc25ae93d418f22101d4,1,131072,gw_shape,cobyla,capped_target_shots,24,a_minus_b,0.0,0.0,0.0,True,unadjusted 95 percent paired graph percentile bootstrap
study-cc25ae93d418f22101d4,1,131072,gw_shape,cobyla,optimization_shots,24,a_minus_b,114432.0,113920.0,114901.33333333333,True,unadjusted 95 percent paired graph percentile bootstrap
study-cc25ae93d418f22101d4,1,131072,gw_shape,cobyla,optimization_calls,24,a_minus_b,45.75,45.25,46.208333333333336,True,unadjusted 95 percent paired graph percentile bootstrap
study-cc25ae93d418f22101d4,1,131072,gw_shape,cobyla,optimization_jobs,24,a_minus_b,10.75,10.25,11.208333333333334,True,unadjusted 95 percent paired graph percentile bootstrap
study-cc25ae93d418f22101d4,1,131072,gw_shape,spsa,objective,24,a_minus_b,0.0026995274976335617,0.001382716307705607,0.0042259436545326184,True,unadjusted 95 percent paired graph percentile bootstrap
study-cc25ae93d418f22101d4,1,131072,gw_shape,spsa,expected_ratio,24,a_minus_b,-0.003325356238947738,-0.0051981993781832925,-0.001701584815200618,False,unadjusted 95 percent paired graph percentile bootstrap
study-cc25ae93d418f22101d4,1,131072,gw_shape,spsa,signed_reference_gap,24,a_minus_b,0.0026995274976335556,0.0013827163077056166,0.004225943654532603,True,unadjusted 95 percent paired graph percentile bootstrap
study-cc25ae93d418f22101d4,1,131072,gw_shape,spsa,success_fraction,24,a_minus_b,0.0,0.0,0.0,False,unadjusted 95 percent paired graph percentile bootstrap
study-cc25ae93d418f22101d4,1,131072,gw_shape,spsa,capped_target_shots,24,a_minus_b,0.0,0.0,0.0,True,unadjusted 95 percent paired graph percentile bootstrap
study-cc25ae93d418f22101d4,1,131072,gw_shape,spsa,optimization_shots,24,a_minus_b,2048.0,2048.0,2048.0,True,unadjusted 95 percent paired graph percentile bootstrap
study-cc25ae93d418f22101d4,1,131072,gw_shape,spsa,optimization_calls,24,a_minus_b,-64.0,-64.0,-64.0,True,unadjusted 95 percent paired graph percentile bootstrap
study-cc25ae93d418f22101d4,1,131072,gw_shape,spsa,optimization_jobs,24,a_minus_b,-57.0,-57.0,-57.0,True,unadjusted 95 percent paired graph percentile bootstrap
study-cc25ae93d418f22101d4,1,131072,local_iso,shuffled_gw,objective,24,a_minus_b,-0.004884959542932425,-0.017416020810811002,0.0021927650969158392,True,unadjusted 95 percent paired graph percentile bootstrap
study-cc25ae93d418f22101d4,1,131072,local_iso,shuffled_gw,expected_ratio,24,a_minus_b,0.005447623682120951,-0.0030921921145421268,0.02034066478080189,False,unadjusted 95 percent paired graph percentile bootstrap
study-cc25ae93d418f22101d4,1,131072,local_iso,shuffled_gw,signed_reference_gap,24,a_minus_b,-0.00488495954293242,-0.01741602081081099,0.0021927650969158392,True,unadjusted 95 percent paired graph percentile bootstrap
study-cc25ae93d418f22101d4,1,131072,local_iso,shuffled_gw,success_fraction,24,a_minus_b,0.041666666666666664,0.0,0.125,False,unadjusted 95 percent paired graph percentile bootstrap
study-cc25ae93d418f22101d4,1,131072,local_iso,shuffled_gw,capped_target_shots,24,a_minus_b,-5461.333333333333,-16384.0,0.0,True,unadjusted 95 percent paired graph percentile bootstrap
study-cc25ae93d418f22101d4,1,131072,local_iso,shuffled_gw,optimization_shots,24,a_minus_b,0.0,0.0,0.0,True,unadjusted 95 percent paired graph percentile bootstrap
study-cc25ae93d418f22101d4,1,131072,local_iso,shuffled_gw,optimization_calls,24,a_minus_b,0.0,0.0,0.0,True,unadjusted 95 percent paired graph percentile bootstrap
study-cc25ae93d418f22101d4,1,131072,local_iso,shuffled_gw,optimization_jobs,24,a_minus_b,0.0,0.0,0.0,True,unadjusted 95 percent paired graph percentile bootstrap
study-cc25ae93d418f22101d4,1,131072,local_iso,bad_prior,objective,24,a_minus_b,-0.08682057907539363,-0.11211536035052931,-0.061500463225209474,True,unadjusted 95 percent paired graph percentile bootstrap
study-cc25ae93d418f22101d4,1,131072,local_iso,bad_prior,expected_ratio,24,a_minus_b,0.10819462676840079,0.07723021617203693,0.13886263387834272,False,unadjusted 95 percent paired graph percentile bootstrap
study-cc25ae93d418f22101d4,1,131072,local_iso,bad_prior,signed_reference_gap,24,a_minus_b,-0.08682057907539364,-0.1121153603505293,-0.06150046322520948,True,unadjusted 95 percent paired graph percentile bootstrap
study-cc25ae93d418f22101d4,1,131072,local_iso,bad_prior,success_fraction,24,a_minus_b,0.6666666666666666,0.4583333333333333,0.8333333333333334,False,unadjusted 95 percent paired graph percentile bootstrap
study-cc25ae93d418f22101d4,1,131072,local_iso,bad_prior,capped_target_shots,24,a_minus_b,-89002.66666666667,-110037.33333333333,-62709.333333333336,True,unadjusted 95 percent paired graph percentile bootstrap
study-cc25ae93d418f22101d4,1,131072,local_iso,bad_prior,optimization_shots,24,a_minus_b,0.0,0.0,0.0,True,unadjusted 95 percent paired graph percentile bootstrap
study-cc25ae93d418f22101d4,1,131072,local_iso,bad_prior,optimization_calls,24,a_minus_b,0.0,0.0,0.0,True,unadjusted 95 percent paired graph percentile bootstrap
study-cc25ae93d418f22101d4,1,131072,local_iso,bad_prior,optimization_jobs,24,a_minus_b,0.0,0.0,0.0,True,unadjusted 95 percent paired graph percentile bootstrap
study-cc25ae93d418f22101d4,1,131072,local_iso,no_repair,objective,24,a_minus_b,0.0031168861217489344,0.001527565486755827,0.0049236303095054135,True,unadjusted 95 percent paired graph percentile bootstrap
study-cc25ae93d418f22101d4,1,131072,local_iso,no_repair,expected_ratio,24,a_minus_b,-0.004188220614149872,-0.006693557860237454,-0.001994246418902975,False,unadjusted 95 percent paired graph percentile bootstrap
study-cc25ae93d418f22101d4,1,131072,local_iso,no_repair,signed_reference_gap,24,a_minus_b,0.0031168861217489344,0.0015275654867558223,0.004923630309505409,True,unadjusted 95 percent paired graph percentile bootstrap
study-cc25ae93d418f22101d4,1,131072,local_iso,no_repair,success_fraction,24,a_minus_b,0.0,0.0,0.0,False,unadjusted 95 percent paired graph percentile bootstrap
study-cc25ae93d418f22101d4,1,131072,local_iso,no_repair,capped_target_shots,24,a_minus_b,0.0,0.0,0.0,True,unadjusted 95 percent paired graph percentile bootstrap
study-cc25ae93d418f22101d4,1,131072,local_iso,no_repair,optimization_shots,24,a_minus_b,0.0,0.0,0.0,True,unadjusted 95 percent paired graph percentile bootstrap
study-cc25ae93d418f22101d4,1,131072,local_iso,no_repair,optimization_calls,24,a_minus_b,0.0,0.0,0.0,True,unadjusted 95 percent paired graph percentile bootstrap
study-cc25ae93d418f22101d4,1,131072,local_iso,no_repair,optimization_jobs,24,a_minus_b,0.0,0.0,0.0,True,unadjusted 95 percent paired graph percentile bootstrap
study-cc25ae93d418f22101d4,1,131072,local_iso,fixed_radius,objective,24,a_minus_b,0.0031168861217489344,0.001527565486755827,0.0049236303095054135,True,unadjusted 95 percent paired graph percentile bootstrap
study-cc25ae93d418f22101d4,1,131072,local_iso,fixed_radius,expected_ratio,24,a_minus_b,-0.004188220614149872,-0.006693557860237454,-0.001994246418902975,False,unadjusted 95 percent paired graph percentile bootstrap
study-cc25ae93d418f22101d4,1,131072,local_iso,fixed_radius,signed_reference_gap,24,a_minus_b,0.0031168861217489344,0.0015275654867558223,0.004923630309505409,True,unadjusted 95 percent paired graph percentile bootstrap
study-cc25ae93d418f22101d4,1,131072,local_iso,fixed_radius,success_fraction,24,a_minus_b,0.0,0.0,0.0,False,unadjusted 95 percent paired graph percentile bootstrap
study-cc25ae93d418f22101d4,1,131072,local_iso,fixed_radius,capped_target_shots,24,a_minus_b,0.0,0.0,0.0,True,unadjusted 95 percent paired graph percentile bootstrap
study-cc25ae93d418f22101d4,1,131072,local_iso,fixed_radius,optimization_shots,24,a_minus_b,1792.0,778.6666666666661,3402.755555555554,True,unadjusted 95 percent paired graph percentile bootstrap
study-cc25ae93d418f22101d4,1,131072,local_iso,fixed_radius,optimization_calls,24,a_minus_b,-166.55555555555554,-188.69513888888886,-146.29131944444444,True,unadjusted 95 percent paired graph percentile bootstrap
study-cc25ae93d418f22101d4,1,131072,local_iso,fixed_radius,optimization_jobs,24,a_minus_b,-68.44444444444444,-76.56944444444444,-61.013888888888886,True,unadjusted 95 percent paired graph percentile bootstrap
study-cc25ae93d418f22101d4,1,131072,local_iso,fixed_shots,objective,24,a_minus_b,0.0031168861217489344,0.001527565486755827,0.0049236303095054135,True,unadjusted 95 percent paired graph percentile bootstrap
study-cc25ae93d418f22101d4,1,131072,local_iso,fixed_shots,expected_ratio,24,a_minus_b,-0.004188220614149872,-0.006693557860237454,-0.001994246418902975,False,unadjusted 95 percent paired graph percentile bootstrap
study-cc25ae93d418f22101d4,1,131072,local_iso,fixed_shots,signed_reference_gap,24,a_minus_b,0.0031168861217489344,0.0015275654867558223,0.004923630309505409,True,unadjusted 95 percent paired graph percentile bootstrap
study-cc25ae93d418f22101d4,1,131072,local_iso,fixed_shots,success_fraction,24,a_minus_b,0.0,0.0,0.0,False,unadjusted 95 percent paired graph percentile bootstrap
study-cc25ae93d418f22101d4,1,131072,local_iso,fixed_shots,capped_target_shots,24,a_minus_b,0.0,0.0,0.0,True,unadjusted 95 percent paired graph percentile bootstrap
study-cc25ae93d418f22101d4,1,131072,local_iso,fixed_shots,optimization_shots,24,a_minus_b,64768.0,64768.0,64768.0,True,unadjusted 95 percent paired graph percentile bootstrap
study-cc25ae93d418f22101d4,1,131072,local_iso,fixed_shots,optimization_calls,24,a_minus_b,57.0,57.0,57.0,True,unadjusted 95 percent paired graph percentile bootstrap
study-cc25ae93d418f22101d4,1,131072,local_iso,fixed_shots,optimization_jobs,24,a_minus_b,25.0,25.0,25.0,True,unadjusted 95 percent paired graph percentile bootstrap
study-cc25ae93d418f22101d4,1,131072,local_iso,cobyla,objective,24,a_minus_b,0.0024186575518437697,0.00048271174408981844,0.004680428758946125,True,unadjusted 95 percent paired graph percentile bootstrap
study-cc25ae93d418f22101d4,1,131072,local_iso,cobyla,expected_ratio,24,a_minus_b,-0.0033732366603426156,-0.006474546903284164,-0.0007478779108182937,False,unadjusted 95 percent paired graph percentile bootstrap
study-cc25ae93d418f22101d4,1,131072,local_iso,cobyla,signed_reference_gap,24,a_minus_b,0.0024186575518437697,0.00048271174408980326,0.004680428758946114,True,unadjusted 95 percent paired graph percentile bootstrap
study-cc25ae93d418f22101d4,1,131072,local_iso,cobyla,success_fraction,24,a_minus_b,0.0,0.0,0.0,False,unadjusted 95 percent paired graph percentile bootstrap
study-cc25ae93d418f22101d4,1,131072,local_iso,cobyla,capped_target_shots,24,a_minus_b,0.0,0.0,0.0,True,unadjusted 95 percent paired graph percentile bootstrap
study-cc25ae93d418f22101d4,1,131072,local_iso,cobyla,optimization_shots,24,a_minus_b,114432.0,113920.0,114901.33333333333,True,unadjusted 95 percent paired graph percentile bootstrap
study-cc25ae93d418f22101d4,1,131072,local_iso,cobyla,optimization_calls,24,a_minus_b,45.75,45.25,46.208333333333336,True,unadjusted 95 percent paired graph percentile bootstrap
study-cc25ae93d418f22101d4,1,131072,local_iso,cobyla,optimization_jobs,24,a_minus_b,10.75,10.25,11.208333333333334,True,unadjusted 95 percent paired graph percentile bootstrap
study-cc25ae93d418f22101d4,1,131072,local_iso,spsa,objective,24,a_minus_b,0.003751062136108147,0.0018505192145370382,0.005964976946797584,True,unadjusted 95 percent paired graph percentile bootstrap
study-cc25ae93d418f22101d4,1,131072,local_iso,spsa,expected_ratio,24,a_minus_b,-0.005038838093010432,-0.008109776240030266,-0.0024214633440275855,False,unadjusted 95 percent paired graph percentile bootstrap
study-cc25ae93d418f22101d4,1,131072,local_iso,spsa,signed_reference_gap,24,a_minus_b,0.003751062136108145,0.0018505192145370339,0.005964976946797569,True,unadjusted 95 percent paired graph percentile bootstrap
study-cc25ae93d418f22101d4,1,131072,local_iso,spsa,success_fraction,24,a_minus_b,0.0,0.0,0.0,False,unadjusted 95 percent paired graph percentile bootstrap
study-cc25ae93d418f22101d4,1,131072,local_iso,spsa,capped_target_shots,24,a_minus_b,0.0,0.0,0.0,True,unadjusted 95 percent paired graph percentile bootstrap
study-cc25ae93d418f22101d4,1,131072,local_iso,spsa,optimization_shots,24,a_minus_b,2048.0,2048.0,2048.0,True,unadjusted 95 percent paired graph percentile bootstrap
study-cc25ae93d418f22101d4,1,131072,local_iso,spsa,optimization_calls,24,a_minus_b,-64.0,-64.0,-64.0,True,unadjusted 95 percent paired graph percentile bootstrap
study-cc25ae93d418f22101d4,1,131072,local_iso,spsa,optimization_jobs,24,a_minus_b,-57.0,-57.0,-57.0,True,unadjusted 95 percent paired graph percentile bootstrap
study-cc25ae93d418f22101d4,1,131072,shuffled_gw,bad_prior,objective,24,a_minus_b,-0.08193561953246122,-0.11148099287505069,-0.05010222858830379,True,unadjusted 95 percent paired graph percentile bootstrap
study-cc25ae93d418f22101d4,1,131072,shuffled_gw,bad_prior,expected_ratio,24,a_minus_b,0.10274700308627982,0.06405023612635909,0.1382669279560988,False,unadjusted 95 percent paired graph percentile bootstrap
study-cc25ae93d418f22101d4,1,131072,shuffled_gw,bad_prior,signed_reference_gap,24,a_minus_b,-0.08193561953246122,-0.11148099287505073,-0.05010222858830377,True,unadjusted 95 percent paired graph percentile bootstrap
study-cc25ae93d418f22101d4,1,131072,shuffled_gw,bad_prior,success_fraction,24,a_minus_b,0.625,0.375,0.8333333333333334,False,unadjusted 95 percent paired graph percentile bootstrap
study-cc25ae93d418f22101d4,1,131072,shuffled_gw,bad_prior,capped_target_shots,24,a_minus_b,-83541.33333333333,-110037.33333333333,-51786.666666666664,True,unadjusted 95 percent paired graph percentile bootstrap
study-cc25ae93d418f22101d4,1,131072,shuffled_gw,bad_prior,optimization_shots,24,a_minus_b,0.0,0.0,0.0,True,unadjusted 95 percent paired graph percentile bootstrap
study-cc25ae93d418f22101d4,1,131072,shuffled_gw,bad_prior,optimization_calls,24,a_minus_b,0.0,0.0,0.0,True,unadjusted 95 percent paired graph percentile bootstrap
study-cc25ae93d418f22101d4,1,131072,shuffled_gw,bad_prior,optimization_jobs,24,a_minus_b,0.0,0.0,0.0,True,unadjusted 95 percent paired graph percentile bootstrap
study-cc25ae93d418f22101d4,1,131072,shuffled_gw,no_repair,objective,24,a_minus_b,0.008001845664681359,0.0014193151669182182,0.02026648771990637,True,unadjusted 95 percent paired graph percentile bootstrap
study-cc25ae93d418f22101d4,1,131072,shuffled_gw,no_repair,expected_ratio,24,a_minus_b,-0.009635844296270823,-0.024151662269221854,-0.0017861543393857505,False,unadjusted 95 percent paired graph percentile bootstrap
study-cc25ae93d418f22101d4,1,131072,shuffled_gw,no_repair,signed_reference_gap,24,a_minus_b,0.008001845664681354,0.0014193151669182182,0.02026648771990637,True,unadjusted 95 percent paired graph percentile bootstrap
study-cc25ae93d418f22101d4,1,131072,shuffled_gw,no_repair,success_fraction,24,a_minus_b,-0.041666666666666664,-0.125,0.0,False,unadjusted 95 percent paired graph percentile bootstrap
study-cc25ae93d418f22101d4,1,131072,shuffled_gw,no_repair,capped_target_shots,24,a_minus_b,5461.333333333333,0.0,16384.0,True,unadjusted 95 percent paired graph percentile bootstrap
study-cc25ae93d418f22101d4,1,131072,shuffled_gw,no_repair,optimization_shots,24,a_minus_b,0.0,0.0,0.0,True,unadjusted 95 percent paired graph percentile bootstrap
study-cc25ae93d418f22101d4,1,131072,shuffled_gw,no_repair,optimization_calls,24,a_minus_b,0.0,0.0,0.0,True,unadjusted 95 percent paired graph percentile bootstrap
study-cc25ae93d418f22101d4,1,131072,shuffled_gw,no_repair,optimization_jobs,24,a_minus_b,0.0,0.0,0.0,True,unadjusted 95 percent paired graph percentile bootstrap
study-cc25ae93d418f22101d4,1,131072,shuffled_gw,fixed_radius,objective,24,a_minus_b,0.008001845664681359,0.0014193151669182182,0.02026648771990637,True,unadjusted 95 percent paired graph percentile bootstrap
study-cc25ae93d418f22101d4,1,131072,shuffled_gw,fixed_radius,expected_ratio,24,a_minus_b,-0.009635844296270823,-0.024151662269221854,-0.0017861543393857505,False,unadjusted 95 percent paired graph percentile bootstrap
study-cc25ae93d418f22101d4,1,131072,shuffled_gw,fixed_radius,signed_reference_gap,24,a_minus_b,0.008001845664681354,0.0014193151669182182,0.02026648771990637,True,unadjusted 95 percent paired graph percentile bootstrap
study-cc25ae93d418f22101d4,1,131072,shuffled_gw,fixed_radius,success_fraction,24,a_minus_b,-0.041666666666666664,-0.125,0.0,False,unadjusted 95 percent paired graph percentile bootstrap
study-cc25ae93d418f22101d4,1,131072,shuffled_gw,fixed_radius,capped_target_shots,24,a_minus_b,5461.333333333333,0.0,16384.0,True,unadjusted 95 percent paired graph percentile bootstrap
study-cc25ae93d418f22101d4,1,131072,shuffled_gw,fixed_radius,optimization_shots,24,a_minus_b,1792.0,778.6666666666661,3402.755555555554,True,unadjusted 95 percent paired graph percentile bootstrap
study-cc25ae93d418f22101d4,1,131072,shuffled_gw,fixed_radius,optimization_calls,24,a_minus_b,-166.55555555555554,-188.69513888888886,-146.29131944444444,True,unadjusted 95 percent paired graph percentile bootstrap
study-cc25ae93d418f22101d4,1,131072,shuffled_gw,fixed_radius,optimization_jobs,24,a_minus_b,-68.44444444444444,-76.56944444444444,-61.013888888888886,True,unadjusted 95 percent paired graph percentile bootstrap
study-cc25ae93d418f22101d4,1,131072,shuffled_gw,fixed_shots,objective,24,a_minus_b,0.008001845664681359,0.0014193151669182182,0.02026648771990637,True,unadjusted 95 percent paired graph percentile bootstrap
study-cc25ae93d418f22101d4,1,131072,shuffled_gw,fixed_shots,expected_ratio,24,a_minus_b,-0.009635844296270823,-0.024151662269221854,-0.0017861543393857505,False,unadjusted 95 percent paired graph percentile bootstrap
study-cc25ae93d418f22101d4,1,131072,shuffled_gw,fixed_shots,signed_reference_gap,24,a_minus_b,0.008001845664681354,0.0014193151669182182,0.02026648771990637,True,unadjusted 95 percent paired graph percentile bootstrap
study-cc25ae93d418f22101d4,1,131072,shuffled_gw,fixed_shots,success_fraction,24,a_minus_b,-0.041666666666666664,-0.125,0.0,False,unadjusted 95 percent paired graph percentile bootstrap
study-cc25ae93d418f22101d4,1,131072,shuffled_gw,fixed_shots,capped_target_shots,24,a_minus_b,5461.333333333333,0.0,16384.0,True,unadjusted 95 percent paired graph percentile bootstrap
study-cc25ae93d418f22101d4,1,131072,shuffled_gw,fixed_shots,optimization_shots,24,a_minus_b,64768.0,64768.0,64768.0,True,unadjusted 95 percent paired graph percentile bootstrap
study-cc25ae93d418f22101d4,1,131072,shuffled_gw,fixed_shots,optimization_calls,24,a_minus_b,57.0,57.0,57.0,True,unadjusted 95 percent paired graph percentile bootstrap
study-cc25ae93d418f22101d4,1,131072,shuffled_gw,fixed_shots,optimization_jobs,24,a_minus_b,25.0,25.0,25.0,True,unadjusted 95 percent paired graph percentile bootstrap
study-cc25ae93d418f22101d4,1,131072,shuffled_gw,cobyla,objective,24,a_minus_b,0.007303617094776195,0.00043446825902337385,0.01986077038235155,True,unadjusted 95 percent paired graph percentile bootstrap
study-cc25ae93d418f22101d4,1,131072,shuffled_gw,cobyla,expected_ratio,24,a_minus_b,-0.008820860342463566,-0.02374015873845623,-0.0005890225333637906,False,unadjusted 95 percent paired graph percentile bootstrap
study-cc25ae93d418f22101d4,1,131072,shuffled_gw,cobyla,signed_reference_gap,24,a_minus_b,0.00730361709477619,0.0004344682590233724,0.019860770382351532,True,unadjusted 95 percent paired graph percentile bootstrap
study-cc25ae93d418f22101d4,1,131072,shuffled_gw,cobyla,success_fraction,24,a_minus_b,-0.041666666666666664,-0.125,0.0,False,unadjusted 95 percent paired graph percentile bootstrap
study-cc25ae93d418f22101d4,1,131072,shuffled_gw,cobyla,capped_target_shots,24,a_minus_b,5461.333333333333,0.0,16384.0,True,unadjusted 95 percent paired graph percentile bootstrap
study-cc25ae93d418f22101d4,1,131072,shuffled_gw,cobyla,optimization_shots,24,a_minus_b,114432.0,113920.0,114901.33333333333,True,unadjusted 95 percent paired graph percentile bootstrap
study-cc25ae93d418f22101d4,1,131072,shuffled_gw,cobyla,optimization_calls,24,a_minus_b,45.75,45.25,46.208333333333336,True,unadjusted 95 percent paired graph percentile bootstrap
study-cc25ae93d418f22101d4,1,131072,shuffled_gw,cobyla,optimization_jobs,24,a_minus_b,10.75,10.25,11.208333333333334,True,unadjusted 95 percent paired graph percentile bootstrap
study-cc25ae93d418f22101d4,1,131072,shuffled_gw,spsa,objective,24,a_minus_b,0.008636021679040573,0.0018937487754690878,0.02103473783094386,True,unadjusted 95 percent paired graph percentile bootstrap
study-cc25ae93d418f22101d4,1,131072,shuffled_gw,spsa,expected_ratio,24,a_minus_b,-0.010486461775131383,-0.025229222809073554,-0.0024257801884760093,False,unadjusted 95 percent paired graph percentile bootstrap
study-cc25ae93d418f22101d4,1,131072,shuffled_gw,spsa,signed_reference_gap,24,a_minus_b,0.008636021679040568,0.0018937487754690978,0.02103473783094383,True,unadjusted 95 percent paired graph percentile bootstrap
study-cc25ae93d418f22101d4,1,131072,shuffled_gw,spsa,success_fraction,24,a_minus_b,-0.041666666666666664,-0.125,0.0,False,unadjusted 95 percent paired graph percentile bootstrap
study-cc25ae93d418f22101d4,1,131072,shuffled_gw,spsa,capped_target_shots,24,a_minus_b,5461.333333333333,0.0,16384.0,True,unadjusted 95 percent paired graph percentile bootstrap
study-cc25ae93d418f22101d4,1,131072,shuffled_gw,spsa,optimization_shots,24,a_minus_b,2048.0,2048.0,2048.0,True,unadjusted 95 percent paired graph percentile bootstrap
study-cc25ae93d418f22101d4,1,131072,shuffled_gw,spsa,optimization_calls,24,a_minus_b,-64.0,-64.0,-64.0,True,unadjusted 95 percent paired graph percentile bootstrap
study-cc25ae93d418f22101d4,1,131072,shuffled_gw,spsa,optimization_jobs,24,a_minus_b,-57.0,-57.0,-57.0,True,unadjusted 95 percent paired graph percentile bootstrap
study-cc25ae93d418f22101d4,1,131072,bad_prior,no_repair,objective,24,a_minus_b,0.08993746519714256,0.06404261246636066,0.11525657398189824,True,unadjusted 95 percent paired graph percentile bootstrap
study-cc25ae93d418f22101d4,1,131072,bad_prior,no_repair,expected_ratio,24,a_minus_b,-0.11238284738255062,-0.14325009939846578,-0.08084373690766701,False,unadjusted 95 percent paired graph percentile bootstrap
study-cc25ae93d418f22101d4,1,131072,bad_prior,no_repair,signed_reference_gap,24,a_minus_b,0.08993746519714256,0.06404261246636067,0.11525657398189824,True,unadjusted 95 percent paired graph percentile bootstrap
study-cc25ae93d418f22101d4,1,131072,bad_prior,no_repair,success_fraction,24,a_minus_b,-0.6666666666666666,-0.8333333333333334,-0.4583333333333333,False,unadjusted 95 percent paired graph percentile bootstrap
study-cc25ae93d418f22101d4,1,131072,bad_prior,no_repair,capped_target_shots,24,a_minus_b,89002.66666666667,62709.333333333336,110037.33333333333,True,unadjusted 95 percent paired graph percentile bootstrap
study-cc25ae93d418f22101d4,1,131072,bad_prior,no_repair,optimization_shots,24,a_minus_b,0.0,0.0,0.0,True,unadjusted 95 percent paired graph percentile bootstrap
study-cc25ae93d418f22101d4,1,131072,bad_prior,no_repair,optimization_calls,24,a_minus_b,0.0,0.0,0.0,True,unadjusted 95 percent paired graph percentile bootstrap
study-cc25ae93d418f22101d4,1,131072,bad_prior,no_repair,optimization_jobs,24,a_minus_b,0.0,0.0,0.0,True,unadjusted 95 percent paired graph percentile bootstrap
study-cc25ae93d418f22101d4,1,131072,bad_prior,fixed_radius,objective,24,a_minus_b,0.08993746519714256,0.06404261246636066,0.11525657398189824,True,unadjusted 95 percent paired graph percentile bootstrap
study-cc25ae93d418f22101d4,1,131072,bad_prior,fixed_radius,expected_ratio,24,a_minus_b,-0.11238284738255062,-0.14325009939846578,-0.08084373690766701,False,unadjusted 95 percent paired graph percentile bootstrap
study-cc25ae93d418f22101d4,1,131072,bad_prior,fixed_radius,signed_reference_gap,24,a_minus_b,0.08993746519714256,0.06404261246636067,0.11525657398189824,True,unadjusted 95 percent paired graph percentile bootstrap
study-cc25ae93d418f22101d4,1,131072,bad_prior,fixed_radius,success_fraction,24,a_minus_b,-0.6666666666666666,-0.8333333333333334,-0.4583333333333333,False,unadjusted 95 percent paired graph percentile bootstrap
study-cc25ae93d418f22101d4,1,131072,bad_prior,fixed_radius,capped_target_shots,24,a_minus_b,89002.66666666667,62709.333333333336,110037.33333333333,True,unadjusted 95 percent paired graph percentile bootstrap
study-cc25ae93d418f22101d4,1,131072,bad_prior,fixed_radius,optimization_shots,24,a_minus_b,1792.0,778.6666666666661,3402.755555555554,True,unadjusted 95 percent paired graph percentile bootstrap
study-cc25ae93d418f22101d4,1,131072,bad_prior,fixed_radius,optimization_calls,24,a_minus_b,-166.55555555555554,-188.69513888888886,-146.29131944444444,True,unadjusted 95 percent paired graph percentile bootstrap
study-cc25ae93d418f22101d4,1,131072,bad_prior,fixed_radius,optimization_jobs,24,a_minus_b,-68.44444444444444,-76.56944444444444,-61.013888888888886,True,unadjusted 95 percent paired graph percentile bootstrap
study-cc25ae93d418f22101d4,1,131072,bad_prior,fixed_shots,objective,24,a_minus_b,0.08993746519714256,0.06404261246636066,0.11525657398189824,True,unadjusted 95 percent paired graph percentile bootstrap
study-cc25ae93d418f22101d4,1,131072,bad_prior,fixed_shots,expected_ratio,24,a_minus_b,-0.11238284738255062,-0.14325009939846578,-0.08084373690766701,False,unadjusted 95 percent paired graph percentile bootstrap
study-cc25ae93d418f22101d4,1,131072,bad_prior,fixed_shots,signed_reference_gap,24,a_minus_b,0.08993746519714256,0.06404261246636067,0.11525657398189824,True,unadjusted 95 percent paired graph percentile bootstrap
study-cc25ae93d418f22101d4,1,131072,bad_prior,fixed_shots,success_fraction,24,a_minus_b,-0.6666666666666666,-0.8333333333333334,-0.4583333333333333,False,unadjusted 95 percent paired graph percentile bootstrap
study-cc25ae93d418f22101d4,1,131072,bad_prior,fixed_shots,capped_target_shots,24,a_minus_b,89002.66666666667,62709.333333333336,110037.33333333333,True,unadjusted 95 percent paired graph percentile bootstrap
study-cc25ae93d418f22101d4,1,131072,bad_prior,fixed_shots,optimization_shots,24,a_minus_b,64768.0,64768.0,64768.0,True,unadjusted 95 percent paired graph percentile bootstrap
study-cc25ae93d418f22101d4,1,131072,bad_prior,fixed_shots,optimization_calls,24,a_minus_b,57.0,57.0,57.0,True,unadjusted 95 percent paired graph percentile bootstrap
study-cc25ae93d418f22101d4,1,131072,bad_prior,fixed_shots,optimization_jobs,24,a_minus_b,25.0,25.0,25.0,True,unadjusted 95 percent paired graph percentile bootstrap
study-cc25ae93d418f22101d4,1,131072,bad_prior,cobyla,objective,24,a_minus_b,0.08923923662723739,0.06332174187617456,0.11471007141787253,True,unadjusted 95 percent paired graph percentile bootstrap
study-cc25ae93d418f22101d4,1,131072,bad_prior,cobyla,expected_ratio,24,a_minus_b,-0.1115678634287434,-0.14260926617914954,-0.07980859173409735,False,unadjusted 95 percent paired graph percentile bootstrap
study-cc25ae93d418f22101d4,1,131072,bad_prior,cobyla,signed_reference_gap,24,a_minus_b,0.08923923662723741,0.06332174187617456,0.11471007141787253,True,unadjusted 95 percent paired graph percentile bootstrap
study-cc25ae93d418f22101d4,1,131072,bad_prior,cobyla,success_fraction,24,a_minus_b,-0.6666666666666666,-0.8333333333333334,-0.4583333333333333,False,unadjusted 95 percent paired graph percentile bootstrap
study-cc25ae93d418f22101d4,1,131072,bad_prior,cobyla,capped_target_shots,24,a_minus_b,89002.66666666667,62709.333333333336,110037.33333333333,True,unadjusted 95 percent paired graph percentile bootstrap
study-cc25ae93d418f22101d4,1,131072,bad_prior,cobyla,optimization_shots,24,a_minus_b,114432.0,113920.0,114901.33333333333,True,unadjusted 95 percent paired graph percentile bootstrap
study-cc25ae93d418f22101d4,1,131072,bad_prior,cobyla,optimization_calls,24,a_minus_b,45.75,45.25,46.208333333333336,True,unadjusted 95 percent paired graph percentile bootstrap
study-cc25ae93d418f22101d4,1,131072,bad_prior,cobyla,optimization_jobs,24,a_minus_b,10.75,10.25,11.208333333333334,True,unadjusted 95 percent paired graph percentile bootstrap
study-cc25ae93d418f22101d4,1,131072,bad_prior,spsa,objective,24,a_minus_b,0.09057164121150178,0.06471125400073906,0.11598237566569587,True,unadjusted 95 percent paired graph percentile bootstrap
study-cc25ae93d418f22101d4,1,131072,bad_prior,spsa,expected_ratio,24,a_minus_b,-0.11323346486141121,-0.14419187215204649,-0.08155893155292883,False,unadjusted 95 percent paired graph percentile bootstrap
study-cc25ae93d418f22101d4,1,131072,bad_prior,spsa,signed_reference_gap,24,a_minus_b,0.09057164121150178,0.06471125400073906,0.11598237566569587,True,unadjusted 95 percent paired graph percentile bootstrap
study-cc25ae93d418f22101d4,1,131072,bad_prior,spsa,success_fraction,24,a_minus_b,-0.6666666666666666,-0.8333333333333334,-0.4583333333333333,False,unadjusted 95 percent paired graph percentile bootstrap
study-cc25ae93d418f22101d4,1,131072,bad_prior,spsa,capped_target_shots,24,a_minus_b,89002.66666666667,62709.333333333336,110037.33333333333,True,unadjusted 95 percent paired graph percentile bootstrap
study-cc25ae93d418f22101d4,1,131072,bad_prior,spsa,optimization_shots,24,a_minus_b,2048.0,2048.0,2048.0,True,unadjusted 95 percent paired graph percentile bootstrap
study-cc25ae93d418f22101d4,1,131072,bad_prior,spsa,optimization_calls,24,a_minus_b,-64.0,-64.0,-64.0,True,unadjusted 95 percent paired graph percentile bootstrap
study-cc25ae93d418f22101d4,1,131072,bad_prior,spsa,optimization_jobs,24,a_minus_b,-57.0,-57.0,-57.0,True,unadjusted 95 percent paired graph percentile bootstrap
study-cc25ae93d418f22101d4,1,131072,no_repair,fixed_radius,objective,24,a_minus_b,0.0,0.0,0.0,True,unadjusted 95 percent paired graph percentile bootstrap
study-cc25ae93d418f22101d4,1,131072,no_repair,fixed_radius,expected_ratio,24,a_minus_b,0.0,0.0,0.0,False,unadjusted 95 percent paired graph percentile bootstrap
study-cc25ae93d418f22101d4,1,131072,no_repair,fixed_radius,signed_reference_gap,24,a_minus_b,0.0,0.0,0.0,True,unadjusted 95 percent paired graph percentile bootstrap
study-cc25ae93d418f22101d4,1,131072,no_repair,fixed_radius,success_fraction,24,a_minus_b,0.0,0.0,0.0,False,unadjusted 95 percent paired graph percentile bootstrap
study-cc25ae93d418f22101d4,1,131072,no_repair,fixed_radius,capped_target_shots,24,a_minus_b,0.0,0.0,0.0,True,unadjusted 95 percent paired graph percentile bootstrap
study-cc25ae93d418f22101d4,1,131072,no_repair,fixed_radius,optimization_shots,24,a_minus_b,1792.0,778.6666666666661,3402.755555555554,True,unadjusted 95 percent paired graph percentile bootstrap
study-cc25ae93d418f22101d4,1,131072,no_repair,fixed_radius,optimization_calls,24,a_minus_b,-166.55555555555554,-188.69513888888886,-146.29131944444444,True,unadjusted 95 percent paired graph percentile bootstrap
study-cc25ae93d418f22101d4,1,131072,no_repair,fixed_radius,optimization_jobs,24,a_minus_b,-68.44444444444444,-76.56944444444444,-61.013888888888886,True,unadjusted 95 percent paired graph percentile bootstrap
study-cc25ae93d418f22101d4,1,131072,no_repair,fixed_shots,objective,24,a_minus_b,0.0,0.0,0.0,True,unadjusted 95 percent paired graph percentile bootstrap
study-cc25ae93d418f22101d4,1,131072,no_repair,fixed_shots,expected_ratio,24,a_minus_b,0.0,0.0,0.0,False,unadjusted 95 percent paired graph percentile bootstrap
study-cc25ae93d418f22101d4,1,131072,no_repair,fixed_shots,signed_reference_gap,24,a_minus_b,0.0,0.0,0.0,True,unadjusted 95 percent paired graph percentile bootstrap
study-cc25ae93d418f22101d4,1,131072,no_repair,fixed_shots,success_fraction,24,a_minus_b,0.0,0.0,0.0,False,unadjusted 95 percent paired graph percentile bootstrap
study-cc25ae93d418f22101d4,1,131072,no_repair,fixed_shots,capped_target_shots,24,a_minus_b,0.0,0.0,0.0,True,unadjusted 95 percent paired graph percentile bootstrap
study-cc25ae93d418f22101d4,1,131072,no_repair,fixed_shots,optimization_shots,24,a_minus_b,64768.0,64768.0,64768.0,True,unadjusted 95 percent paired graph percentile bootstrap
study-cc25ae93d418f22101d4,1,131072,no_repair,fixed_shots,optimization_calls,24,a_minus_b,57.0,57.0,57.0,True,unadjusted 95 percent paired graph percentile bootstrap
study-cc25ae93d418f22101d4,1,131072,no_repair,fixed_shots,optimization_jobs,24,a_minus_b,25.0,25.0,25.0,True,unadjusted 95 percent paired graph percentile bootstrap
study-cc25ae93d418f22101d4,1,131072,no_repair,cobyla,objective,24,a_minus_b,-0.0006982285699051646,-0.0012547681821754018,-3.081462694943258e-05,True,unadjusted 95 percent paired graph percentile bootstrap
study-cc25ae93d418f22101d4,1,131072,no_repair,cobyla,expected_ratio,24,a_minus_b,0.000814983953807256,-6.721524514885987e-05,0.0015356619938888217,False,unadjusted 95 percent paired graph percentile bootstrap
study-cc25ae93d418f22101d4,1,131072,no_repair,cobyla,signed_reference_gap,24,a_minus_b,-0.0006982285699051646,-0.001254768182175396,-3.081462694942509e-05,True,unadjusted 95 percent paired graph percentile bootstrap
study-cc25ae93d418f22101d4,1,131072,no_repair,cobyla,success_fraction,24,a_minus_b,0.0,0.0,0.0,False,unadjusted 95 percent paired graph percentile bootstrap
study-cc25ae93d418f22101d4,1,131072,no_repair,cobyla,capped_target_shots,24,a_minus_b,0.0,0.0,0.0,True,unadjusted 95 percent paired graph percentile bootstrap
study-cc25ae93d418f22101d4,1,131072,no_repair,cobyla,optimization_shots,24,a_minus_b,114432.0,113920.0,114901.33333333333,True,unadjusted 95 percent paired graph percentile bootstrap
study-cc25ae93d418f22101d4,1,131072,no_repair,cobyla,optimization_calls,24,a_minus_b,45.75,45.25,46.208333333333336,True,unadjusted 95 percent paired graph percentile bootstrap
study-cc25ae93d418f22101d4,1,131072,no_repair,cobyla,optimization_jobs,24,a_minus_b,10.75,10.25,11.208333333333334,True,unadjusted 95 percent paired graph percentile bootstrap
study-cc25ae93d418f22101d4,1,131072,no_repair,spsa,objective,24,a_minus_b,0.0006341760143592131,0.00024347183298448612,0.0011433515630656704,True,unadjusted 95 percent paired graph percentile bootstrap
study-cc25ae93d418f22101d4,1,131072,no_repair,spsa,expected_ratio,24,a_minus_b,-0.0008506174788605603,-0.0015514387706108573,-0.00031402545564557975,False,unadjusted 95 percent paired graph percentile bootstrap
study-cc25ae93d418f22101d4,1,131072,no_repair,spsa,signed_reference_gap,24,a_minus_b,0.0006341760143592115,0.00024347183298447208,0.0011433515630656797,True,unadjusted 95 percent paired graph percentile bootstrap
study-cc25ae93d418f22101d4,1,131072,no_repair,spsa,success_fraction,24,a_minus_b,0.0,0.0,0.0,False,unadjusted 95 percent paired graph percentile bootstrap
study-cc25ae93d418f22101d4,1,131072,no_repair,spsa,capped_target_shots,24,a_minus_b,0.0,0.0,0.0,True,unadjusted 95 percent paired graph percentile bootstrap
study-cc25ae93d418f22101d4,1,131072,no_repair,spsa,optimization_shots,24,a_minus_b,2048.0,2048.0,2048.0,True,unadjusted 95 percent paired graph percentile bootstrap
study-cc25ae93d418f22101d4,1,131072,no_repair,spsa,optimization_calls,24,a_minus_b,-64.0,-64.0,-64.0,True,unadjusted 95 percent paired graph percentile bootstrap
study-cc25ae93d418f22101d4,1,131072,no_repair,spsa,optimization_jobs,24,a_minus_b,-57.0,-57.0,-57.0,True,unadjusted 95 percent paired graph percentile bootstrap
study-cc25ae93d418f22101d4,1,131072,fixed_radius,fixed_shots,objective,24,a_minus_b,0.0,0.0,0.0,True,unadjusted 95 percent paired graph percentile bootstrap
study-cc25ae93d418f22101d4,1,131072,fixed_radius,fixed_shots,expected_ratio,24,a_minus_b,0.0,0.0,0.0,False,unadjusted 95 percent paired graph percentile bootstrap
study-cc25ae93d418f22101d4,1,131072,fixed_radius,fixed_shots,signed_reference_gap,24,a_minus_b,0.0,0.0,0.0,True,unadjusted 95 percent paired graph percentile bootstrap
study-cc25ae93d418f22101d4,1,131072,fixed_radius,fixed_shots,success_fraction,24,a_minus_b,0.0,0.0,0.0,False,unadjusted 95 percent paired graph percentile bootstrap
study-cc25ae93d418f22101d4,1,131072,fixed_radius,fixed_shots,capped_target_shots,24,a_minus_b,0.0,0.0,0.0,True,unadjusted 95 percent paired graph percentile bootstrap
study-cc25ae93d418f22101d4,1,131072,fixed_radius,fixed_shots,optimization_shots,24,a_minus_b,62976.0,61365.24444444445,63989.333333333336,True,unadjusted 95 percent paired graph percentile bootstrap
study-cc25ae93d418f22101d4,1,131072,fixed_radius,fixed_shots,optimization_calls,24,a_minus_b,223.55555555555557,203.29131944444444,245.6951388888889,True,unadjusted 95 percent paired graph percentile bootstrap
study-cc25ae93d418f22101d4,1,131072,fixed_radius,fixed_shots,optimization_jobs,24,a_minus_b,93.44444444444444,86.01388888888887,101.56944444444444,True,unadjusted 95 percent paired graph percentile bootstrap
study-cc25ae93d418f22101d4,1,131072,fixed_radius,cobyla,objective,24,a_minus_b,-0.0006982285699051646,-0.0012547681821754018,-3.081462694943258e-05,True,unadjusted 95 percent paired graph percentile bootstrap
study-cc25ae93d418f22101d4,1,131072,fixed_radius,cobyla,expected_ratio,24,a_minus_b,0.000814983953807256,-6.721524514885987e-05,0.0015356619938888217,False,unadjusted 95 percent paired graph percentile bootstrap
study-cc25ae93d418f22101d4,1,131072,fixed_radius,cobyla,signed_reference_gap,24,a_minus_b,-0.0006982285699051646,-0.001254768182175396,-3.081462694942509e-05,True,unadjusted 95 percent paired graph percentile bootstrap
study-cc25ae93d418f22101d4,1,131072,fixed_radius,cobyla,success_fraction,24,a_minus_b,0.0,0.0,0.0,False,unadjusted 95 percent paired graph percentile bootstrap
study-cc25ae93d418f22101d4,1,131072,fixed_radius,cobyla,capped_target_shots,24,a_minus_b,0.0,0.0,0.0,True,unadjusted 95 percent paired graph percentile bootstrap
study-cc25ae93d418f22101d4,1,131072,fixed_radius,cobyla,optimization_shots,24,a_minus_b,112640.0,110997.33333333333,113809.86666666668,True,unadjusted 95 percent paired graph percentile bootstrap
study-cc25ae93d418f22101d4,1,131072,fixed_radius,cobyla,optimization_calls,24,a_minus_b,212.30555555555557,191.9704861111111,234.6388888888889,True,unadjusted 95 percent paired graph percentile bootstrap
study-cc25ae93d418f22101d4,1,131072,fixed_radius,cobyla,optimization_jobs,24,a_minus_b,79.19444444444444,71.69409722222223,87.51388888888887,True,unadjusted 95 percent paired graph percentile bootstrap
study-cc25ae93d418f22101d4,1,131072,fixed_radius,spsa,objective,24,a_minus_b,0.0006341760143592131,0.00024347183298448612,0.0011433515630656704,True,unadjusted 95 percent paired graph percentile bootstrap
study-cc25ae93d418f22101d4,1,131072,fixed_radius,spsa,expected_ratio,24,a_minus_b,-0.0008506174788605603,-0.0015514387706108573,-0.00031402545564557975,False,unadjusted 95 percent paired graph percentile bootstrap
study-cc25ae93d418f22101d4,1,131072,fixed_radius,spsa,signed_reference_gap,24,a_minus_b,0.0006341760143592115,0.00024347183298447208,0.0011433515630656797,True,unadjusted 95 percent paired graph percentile bootstrap
study-cc25ae93d418f22101d4,1,131072,fixed_radius,spsa,success_fraction,24,a_minus_b,0.0,0.0,0.0,False,unadjusted 95 percent paired graph percentile bootstrap
study-cc25ae93d418f22101d4,1,131072,fixed_radius,spsa,capped_target_shots,24,a_minus_b,0.0,0.0,0.0,True,unadjusted 95 percent paired graph percentile bootstrap
study-cc25ae93d418f22101d4,1,131072,fixed_radius,spsa,optimization_shots,24,a_minus_b,256.0,-1354.7555555555555,1269.333333333334,True,unadjusted 95 percent paired graph percentile bootstrap
study-cc25ae93d418f22101d4,1,131072,fixed_radius,spsa,optimization_calls,24,a_minus_b,102.55555555555554,82.29131944444445,124.69513888888888,True,unadjusted 95 percent paired graph percentile bootstrap
study-cc25ae93d418f22101d4,1,131072,fixed_radius,spsa,optimization_jobs,24,a_minus_b,11.444444444444443,4.013888888888888,19.569444444444443,True,unadjusted 95 percent paired graph percentile bootstrap
study-cc25ae93d418f22101d4,1,131072,fixed_shots,cobyla,objective,24,a_minus_b,-0.0006982285699051646,-0.0012547681821754018,-3.081462694943258e-05,True,unadjusted 95 percent paired graph percentile bootstrap
study-cc25ae93d418f22101d4,1,131072,fixed_shots,cobyla,expected_ratio,24,a_minus_b,0.000814983953807256,-6.721524514885987e-05,0.0015356619938888217,False,unadjusted 95 percent paired graph percentile bootstrap
study-cc25ae93d418f22101d4,1,131072,fixed_shots,cobyla,signed_reference_gap,24,a_minus_b,-0.0006982285699051646,-0.001254768182175396,-3.081462694942509e-05,True,unadjusted 95 percent paired graph percentile bootstrap
study-cc25ae93d418f22101d4,1,131072,fixed_shots,cobyla,success_fraction,24,a_minus_b,0.0,0.0,0.0,False,unadjusted 95 percent paired graph percentile bootstrap
study-cc25ae93d418f22101d4,1,131072,fixed_shots,cobyla,capped_target_shots,24,a_minus_b,0.0,0.0,0.0,True,unadjusted 95 percent paired graph percentile bootstrap
study-cc25ae93d418f22101d4,1,131072,fixed_shots,cobyla,optimization_shots,24,a_minus_b,49664.0,49152.0,50133.333333333336,True,unadjusted 95 percent paired graph percentile bootstrap
study-cc25ae93d418f22101d4,1,131072,fixed_shots,cobyla,optimization_calls,24,a_minus_b,-11.25,-11.75,-10.791666666666666,True,unadjusted 95 percent paired graph percentile bootstrap
study-cc25ae93d418f22101d4,1,131072,fixed_shots,cobyla,optimization_jobs,24,a_minus_b,-14.25,-14.75,-13.791666666666666,True,unadjusted 95 percent paired graph percentile bootstrap
study-cc25ae93d418f22101d4,1,131072,fixed_shots,spsa,objective,24,a_minus_b,0.0006341760143592131,0.00024347183298448612,0.0011433515630656704,True,unadjusted 95 percent paired graph percentile bootstrap
study-cc25ae93d418f22101d4,1,131072,fixed_shots,spsa,expected_ratio,24,a_minus_b,-0.0008506174788605603,-0.0015514387706108573,-0.00031402545564557975,False,unadjusted 95 percent paired graph percentile bootstrap
study-cc25ae93d418f22101d4,1,131072,fixed_shots,spsa,signed_reference_gap,24,a_minus_b,0.0006341760143592115,0.00024347183298447208,0.0011433515630656797,True,unadjusted 95 percent paired graph percentile bootstrap
study-cc25ae93d418f22101d4,1,131072,fixed_shots,spsa,success_fraction,24,a_minus_b,0.0,0.0,0.0,False,unadjusted 95 percent paired graph percentile bootstrap
study-cc25ae93d418f22101d4,1,131072,fixed_shots,spsa,capped_target_shots,24,a_minus_b,0.0,0.0,0.0,True,unadjusted 95 percent paired graph percentile bootstrap
study-cc25ae93d418f22101d4,1,131072,fixed_shots,spsa,optimization_shots,24,a_minus_b,-62720.0,-62720.0,-62720.0,True,unadjusted 95 percent paired graph percentile bootstrap
study-cc25ae93d418f22101d4,1,131072,fixed_shots,spsa,optimization_calls,24,a_minus_b,-121.0,-121.0,-121.0,True,unadjusted 95 percent paired graph percentile bootstrap
study-cc25ae93d418f22101d4,1,131072,fixed_shots,spsa,optimization_jobs,24,a_minus_b,-82.0,-82.0,-82.0,True,unadjusted 95 percent paired graph percentile bootstrap
study-cc25ae93d418f22101d4,1,131072,cobyla,spsa,objective,24,a_minus_b,0.0013324045842643777,0.0009576790865338938,0.0017384632747103974,True,unadjusted 95 percent paired graph percentile bootstrap
study-cc25ae93d418f22101d4,1,131072,cobyla,spsa,expected_ratio,24,a_minus_b,-0.0016656014326678163,-0.002196555748329819,-0.0011859107244241466,False,unadjusted 95 percent paired graph percentile bootstrap
study-cc25ae93d418f22101d4,1,131072,cobyla,spsa,signed_reference_gap,24,a_minus_b,0.0013324045842643762,0.0009576790865338988,0.0017384632747104,True,unadjusted 95 percent paired graph percentile bootstrap
study-cc25ae93d418f22101d4,1,131072,cobyla,spsa,success_fraction,24,a_minus_b,0.0,0.0,0.0,False,unadjusted 95 percent paired graph percentile bootstrap
study-cc25ae93d418f22101d4,1,131072,cobyla,spsa,capped_target_shots,24,a_minus_b,0.0,0.0,0.0,True,unadjusted 95 percent paired graph percentile bootstrap
study-cc25ae93d418f22101d4,1,131072,cobyla,spsa,optimization_shots,24,a_minus_b,-112384.0,-112853.33333333333,-111872.0,True,unadjusted 95 percent paired graph percentile bootstrap
study-cc25ae93d418f22101d4,1,131072,cobyla,spsa,optimization_calls,24,a_minus_b,-109.75,-110.20833333333333,-109.25,True,unadjusted 95 percent paired graph percentile bootstrap
study-cc25ae93d418f22101d4,1,131072,cobyla,spsa,optimization_jobs,24,a_minus_b,-67.75,-68.20833333333333,-67.25,True,unadjusted 95 percent paired graph percentile bootstrap
study-cc25ae93d418f22101d4,2,32768,uniform_iso,random_iso,objective,24,a_minus_b,-0.14668112283894985,-0.16365368445025189,-0.1299997677234808,True,unadjusted 95 percent paired graph percentile bootstrap
study-cc25ae93d418f22101d4,2,32768,uniform_iso,random_iso,expected_ratio,24,a_minus_b,0.18233353115775452,0.16185352532141015,0.2030478833586078,False,unadjusted 95 percent paired graph percentile bootstrap
study-cc25ae93d418f22101d4,2,32768,uniform_iso,random_iso,signed_reference_gap,24,a_minus_b,-0.14668112283894985,-0.16365368445025189,-0.1299997677234808,True,unadjusted 95 percent paired graph percentile bootstrap
study-cc25ae93d418f22101d4,2,32768,uniform_iso,random_iso,success_fraction,24,a_minus_b,0.8333333333333334,0.6666666666666666,0.9583333333333334,False,unadjusted 95 percent paired graph percentile bootstrap
study-cc25ae93d418f22101d4,2,32768,uniform_iso,random_iso,capped_target_shots,24,a_minus_b,-27306.666666666668,-31402.666666666668,-21845.333333333332,True,unadjusted 95 percent paired graph percentile bootstrap
study-cc25ae93d418f22101d4,2,32768,uniform_iso,random_iso,optimization_shots,24,a_minus_b,-64.0,-128.0,0.0,True,unadjusted 95 percent paired graph percentile bootstrap
study-cc25ae93d418f22101d4,2,32768,uniform_iso,random_iso,optimization_calls,24,a_minus_b,-0.5,-1.0,0.0,True,unadjusted 95 percent paired graph percentile bootstrap
study-cc25ae93d418f22101d4,2,32768,uniform_iso,random_iso,optimization_jobs,24,a_minus_b,-0.125,-0.25,0.0,True,unadjusted 95 percent paired graph percentile bootstrap
study-cc25ae93d418f22101d4,2,32768,uniform_iso,descriptor_iso,objective,24,a_minus_b,0.010534418258539657,0.0065480429876392495,0.015129247680213552,True,unadjusted 95 percent paired graph percentile bootstrap
study-cc25ae93d418f22101d4,2,32768,uniform_iso,descriptor_iso,expected_ratio,24,a_minus_b,-0.013822552740294342,-0.020088271797421318,-0.008348159962467966,False,unadjusted 95 percent paired graph percentile bootstrap
study-cc25ae93d418f22101d4,2,32768,uniform_iso,descriptor_iso,signed_reference_gap,24,a_minus_b,0.010534418258539638,0.006548042987639222,0.015129247680213533,True,unadjusted 95 percent paired graph percentile bootstrap
study-cc25ae93d418f22101d4,2,32768,uniform_iso,descriptor_iso,success_fraction,24,a_minus_b,-0.16666666666666666,-0.3333333333333333,-0.041666666666666664,False,unadjusted 95 percent paired graph percentile bootstrap
study-cc25ae93d418f22101d4,2,32768,uniform_iso,descriptor_iso,capped_target_shots,24,a_minus_b,5461.333333333333,1365.3333333333333,10922.666666666666,True,unadjusted 95 percent paired graph percentile bootstrap
study-cc25ae93d418f22101d4,2,32768,uniform_iso,descriptor_iso,optimization_shots,24,a_minus_b,0.0,0.0,0.0,True,unadjusted 95 percent paired graph percentile bootstrap
study-cc25ae93d418f22101d4,2,32768,uniform_iso,descriptor_iso,optimization_calls,24,a_minus_b,0.0,0.0,0.0,True,unadjusted 95 percent paired graph percentile bootstrap
study-cc25ae93d418f22101d4,2,32768,uniform_iso,descriptor_iso,optimization_jobs,24,a_minus_b,0.0,0.0,0.0,True,unadjusted 95 percent paired graph percentile bootstrap
study-cc25ae93d418f22101d4,2,32768,uniform_iso,descriptor_shape,objective,24,a_minus_b,0.010534418258539657,0.0065480429876392495,0.015129247680213552,True,unadjusted 95 percent paired graph percentile bootstrap
study-cc25ae93d418f22101d4,2,32768,uniform_iso,descriptor_shape,expected_ratio,24,a_minus_b,-0.013822552740294342,-0.020088271797421318,-0.008348159962467966,False,unadjusted 95 percent paired graph percentile bootstrap
study-cc25ae93d418f22101d4,2,32768,uniform_iso,descriptor_shape,signed_reference_gap,24,a_minus_b,0.010534418258539638,0.006548042987639222,0.015129247680213533,True,unadjusted 95 percent paired graph percentile bootstrap
study-cc25ae93d418f22101d4,2,32768,uniform_iso,descriptor_shape,success_fraction,24,a_minus_b,-0.16666666666666666,-0.3333333333333333,-0.041666666666666664,False,unadjusted 95 percent paired graph percentile bootstrap
study-cc25ae93d418f22101d4,2,32768,uniform_iso,descriptor_shape,capped_target_shots,24,a_minus_b,5461.333333333333,1365.3333333333333,10922.666666666666,True,unadjusted 95 percent paired graph percentile bootstrap
study-cc25ae93d418f22101d4,2,32768,uniform_iso,descriptor_shape,optimization_shots,24,a_minus_b,0.0,0.0,0.0,True,unadjusted 95 percent paired graph percentile bootstrap
study-cc25ae93d418f22101d4,2,32768,uniform_iso,descriptor_shape,optimization_calls,24,a_minus_b,0.0,0.0,0.0,True,unadjusted 95 percent paired graph percentile bootstrap
study-cc25ae93d418f22101d4,2,32768,uniform_iso,descriptor_shape,optimization_jobs,24,a_minus_b,0.0,0.0,0.0,True,unadjusted 95 percent paired graph percentile bootstrap
study-cc25ae93d418f22101d4,2,32768,uniform_iso,gw_iso,objective,24,a_minus_b,0.005318362032282688,0.0005525801476825478,0.01019525096630761,True,unadjusted 95 percent paired graph percentile bootstrap
study-cc25ae93d418f22101d4,2,32768,uniform_iso,gw_iso,expected_ratio,24,a_minus_b,-0.0075283514029635444,-0.013878565805268429,-0.0013742695456179918,False,unadjusted 95 percent paired graph percentile bootstrap
study-cc25ae93d418f22101d4,2,32768,uniform_iso,gw_iso,signed_reference_gap,24,a_minus_b,0.00531836203228267,0.0005525801476825212,0.010195250966307596,True,unadjusted 95 percent paired graph percentile bootstrap
study-cc25ae93d418f22101d4,2,32768,uniform_iso,gw_iso,success_fraction,24,a_minus_b,-0.08333333333333333,-0.25,0.08333333333333333,False,unadjusted 95 percent paired graph percentile bootstrap
study-cc25ae93d418f22101d4,2,32768,uniform_iso,gw_iso,capped_target_shots,24,a_minus_b,2730.6666666666665,-2730.6666666666665,8192.0,True,unadjusted 95 percent paired graph percentile bootstrap
study-cc25ae93d418f22101d4,2,32768,uniform_iso,gw_iso,optimization_shots,24,a_minus_b,0.0,0.0,0.0,True,unadjusted 95 percent paired graph percentile bootstrap
study-cc25ae93d418f22101d4,2,32768,uniform_iso,gw_iso,optimization_calls,24,a_minus_b,0.0,0.0,0.0,True,unadjusted 95 percent paired graph percentile bootstrap
study-cc25ae93d418f22101d4,2,32768,uniform_iso,gw_iso,optimization_jobs,24,a_minus_b,0.0,0.0,0.0,True,unadjusted 95 percent paired graph percentile bootstrap
study-cc25ae93d418f22101d4,2,32768,uniform_iso,gw_shape,objective,24,a_minus_b,0.005318362032282688,0.0005525801476825478,0.01019525096630761,True,unadjusted 95 percent paired graph percentile bootstrap
study-cc25ae93d418f22101d4,2,32768,uniform_iso,gw_shape,expected_ratio,24,a_minus_b,-0.0075283514029635444,-0.013878565805268429,-0.0013742695456179918,False,unadjusted 95 percent paired graph percentile bootstrap
study-cc25ae93d418f22101d4,2,32768,uniform_iso,gw_shape,signed_reference_gap,24,a_minus_b,0.00531836203228267,0.0005525801476825212,0.010195250966307596,True,unadjusted 95 percent paired graph percentile bootstrap
study-cc25ae93d418f22101d4,2,32768,uniform_iso,gw_shape,success_fraction,24,a_minus_b,-0.08333333333333333,-0.25,0.08333333333333333,False,unadjusted 95 percent paired graph percentile bootstrap
study-cc25ae93d418f22101d4,2,32768,uniform_iso,gw_shape,capped_target_shots,24,a_minus_b,2730.6666666666665,-2730.6666666666665,8192.0,True,unadjusted 95 percent paired graph percentile bootstrap
study-cc25ae93d418f22101d4,2,32768,uniform_iso,gw_shape,optimization_shots,24,a_minus_b,0.0,0.0,0.0,True,unadjusted 95 percent paired graph percentile bootstrap
study-cc25ae93d418f22101d4,2,32768,uniform_iso,gw_shape,optimization_calls,24,a_minus_b,0.0,0.0,0.0,True,unadjusted 95 percent paired graph percentile bootstrap
study-cc25ae93d418f22101d4,2,32768,uniform_iso,gw_shape,optimization_jobs,24,a_minus_b,0.0,0.0,0.0,True,unadjusted 95 percent paired graph percentile bootstrap
study-cc25ae93d418f22101d4,2,32768,uniform_iso,local_iso,objective,24,a_minus_b,-0.00036728318234765617,-0.0022241583340786345,0.0013529614850917397,True,unadjusted 95 percent paired graph percentile bootstrap
study-cc25ae93d418f22101d4,2,32768,uniform_iso,local_iso,expected_ratio,24,a_minus_b,0.0002965111887179295,-0.0019784257321641407,0.0025840790545565984,False,unadjusted 95 percent paired graph percentile bootstrap
study-cc25ae93d418f22101d4,2,32768,uniform_iso,local_iso,signed_reference_gap,24,a_minus_b,-0.0003672831823476608,-0.002224158334078639,0.001352961485091735,True,unadjusted 95 percent paired graph percentile bootstrap
study-cc25ae93d418f22101d4,2,32768,uniform_iso,local_iso,success_fraction,24,a_minus_b,0.0,0.0,0.0,False,unadjusted 95 percent paired graph percentile bootstrap
study-cc25ae93d418f22101d4,2,32768,uniform_iso,local_iso,capped_target_shots,24,a_minus_b,0.0,0.0,0.0,True,unadjusted 95 percent paired graph percentile bootstrap
study-cc25ae93d418f22101d4,2,32768,uniform_iso,local_iso,optimization_shots,24,a_minus_b,0.0,0.0,0.0,True,unadjusted 95 percent paired graph percentile bootstrap
study-cc25ae93d418f22101d4,2,32768,uniform_iso,local_iso,optimization_calls,24,a_minus_b,0.0,0.0,0.0,True,unadjusted 95 percent paired graph percentile bootstrap
study-cc25ae93d418f22101d4,2,32768,uniform_iso,local_iso,optimization_jobs,24,a_minus_b,0.0,0.0,0.0,True,unadjusted 95 percent paired graph percentile bootstrap
study-cc25ae93d418f22101d4,2,32768,uniform_iso,shuffled_gw,objective,24,a_minus_b,-0.005778050495726004,-0.023459979596434383,0.0049410669745349745,True,unadjusted 95 percent paired graph percentile bootstrap
study-cc25ae93d418f22101d4,2,32768,uniform_iso,shuffled_gw,expected_ratio,24,a_minus_b,0.005992191959438051,-0.006684780449053448,0.02643886519713232,False,unadjusted 95 percent paired graph percentile bootstrap
study-cc25ae93d418f22101d4,2,32768,uniform_iso,shuffled_gw,signed_reference_gap,24,a_minus_b,-0.005778050495726018,-0.023459979596434376,0.004941066974534956,True,unadjusted 95 percent paired graph percentile bootstrap
study-cc25ae93d418f22101d4,2,32768,uniform_iso,shuffled_gw,success_fraction,24,a_minus_b,0.08333333333333333,-0.08333333333333333,0.25,False,unadjusted 95 percent paired graph percentile bootstrap
study-cc25ae93d418f22101d4,2,32768,uniform_iso,shuffled_gw,capped_target_shots,24,a_minus_b,-2730.6666666666665,-8192.0,2730.6666666666665,True,unadjusted 95 percent paired graph percentile bootstrap
study-cc25ae93d418f22101d4,2,32768,uniform_iso,shuffled_gw,optimization_shots,24,a_minus_b,0.0,0.0,0.0,True,unadjusted 95 percent paired graph percentile bootstrap
study-cc25ae93d418f22101d4,2,32768,uniform_iso,shuffled_gw,optimization_calls,24,a_minus_b,0.0,0.0,0.0,True,unadjusted 95 percent paired graph percentile bootstrap
study-cc25ae93d418f22101d4,2,32768,uniform_iso,shuffled_gw,optimization_jobs,24,a_minus_b,0.0,0.0,0.0,True,unadjusted 95 percent paired graph percentile bootstrap
study-cc25ae93d418f22101d4,2,32768,uniform_iso,bad_prior,objective,24,a_minus_b,-0.1651196545538567,-0.1914586555535173,-0.13804215345709223,True,unadjusted 95 percent paired graph percentile bootstrap
study-cc25ae93d418f22101d4,2,32768,uniform_iso,bad_prior,expected_ratio,24,a_minus_b,0.20205329231903876,0.17200339443349985,0.23036862733938826,False,unadjusted 95 percent paired graph percentile bootstrap
study-cc25ae93d418f22101d4,2,32768,uniform_iso,bad_prior,signed_reference_gap,24,a_minus_b,-0.1651196545538567,-0.1914586555535173,-0.13804215345709223,True,unadjusted 95 percent paired graph percentile bootstrap
study-cc25ae93d418f22101d4,2,32768,uniform_iso,bad_prior,success_fraction,24,a_minus_b,0.8333333333333334,0.6666666666666666,0.9583333333333334,False,unadjusted 95 percent paired graph percentile bootstrap
study-cc25ae93d418f22101d4,2,32768,uniform_iso,bad_prior,capped_target_shots,24,a_minus_b,-27306.666666666668,-31402.666666666668,-21845.333333333332,True,unadjusted 95 percent paired graph percentile bootstrap
study-cc25ae93d418f22101d4,2,32768,uniform_iso,bad_prior,optimization_shots,24,a_minus_b,-42.666666666666664,-128.0,0.0,True,unadjusted 95 percent paired graph percentile bootstrap
study-cc25ae93d418f22101d4,2,32768,uniform_iso,bad_prior,optimization_calls,24,a_minus_b,-0.3333333333333333,-1.0,0.0,True,unadjusted 95 percent paired graph percentile bootstrap
study-cc25ae93d418f22101d4,2,32768,uniform_iso,bad_prior,optimization_jobs,24,a_minus_b,-0.08333333333333333,-0.25,0.0,True,unadjusted 95 percent paired graph percentile bootstrap
study-cc25ae93d418f22101d4,2,32768,uniform_iso,no_repair,objective,24,a_minus_b,0.010534418258539657,0.0065480429876392495,0.015129247680213552,True,unadjusted 95 percent paired graph percentile bootstrap
study-cc25ae93d418f22101d4,2,32768,uniform_iso,no_repair,expected_ratio,24,a_minus_b,-0.013822552740294342,-0.020088271797421318,-0.008348159962467966,False,unadjusted 95 percent paired graph percentile bootstrap
study-cc25ae93d418f22101d4,2,32768,uniform_iso,no_repair,signed_reference_gap,24,a_minus_b,0.010534418258539638,0.006548042987639222,0.015129247680213533,True,unadjusted 95 percent paired graph percentile bootstrap
study-cc25ae93d418f22101d4,2,32768,uniform_iso,no_repair,success_fraction,24,a_minus_b,-0.16666666666666666,-0.3333333333333333,-0.041666666666666664,False,unadjusted 95 percent paired graph percentile bootstrap
study-cc25ae93d418f22101d4,2,32768,uniform_iso,no_repair,capped_target_shots,24,a_minus_b,5461.333333333333,1365.3333333333333,10922.666666666666,True,unadjusted 95 percent paired graph percentile bootstrap
study-cc25ae93d418f22101d4,2,32768,uniform_iso,no_repair,optimization_shots,24,a_minus_b,0.0,0.0,0.0,True,unadjusted 95 percent paired graph percentile bootstrap
study-cc25ae93d418f22101d4,2,32768,uniform_iso,no_repair,optimization_calls,24,a_minus_b,0.0,0.0,0.0,True,unadjusted 95 percent paired graph percentile bootstrap
study-cc25ae93d418f22101d4,2,32768,uniform_iso,no_repair,optimization_jobs,24,a_minus_b,0.0,0.0,0.0,True,unadjusted 95 percent paired graph percentile bootstrap
study-cc25ae93d418f22101d4,2,32768,uniform_iso,fixed_radius,objective,24,a_minus_b,0.010534418258539657,0.0065480429876392495,0.015129247680213552,True,unadjusted 95 percent paired graph percentile bootstrap
study-cc25ae93d418f22101d4,2,32768,uniform_iso,fixed_radius,expected_ratio,24,a_minus_b,-0.013822552740294342,-0.020088271797421318,-0.008348159962467966,False,unadjusted 95 percent paired graph percentile bootstrap
study-cc25ae93d418f22101d4,2,32768,uniform_iso,fixed_radius,signed_reference_gap,24,a_minus_b,0.010534418258539638,0.006548042987639222,0.015129247680213533,True,unadjusted 95 percent paired graph percentile bootstrap
study-cc25ae93d418f22101d4,2,32768,uniform_iso,fixed_radius,success_fraction,24,a_minus_b,-0.16666666666666666,-0.3333333333333333,-0.041666666666666664,False,unadjusted 95 percent paired graph percentile bootstrap
study-cc25ae93d418f22101d4,2,32768,uniform_iso,fixed_radius,capped_target_shots,24,a_minus_b,5461.333333333333,1365.3333333333333,10922.666666666666,True,unadjusted 95 percent paired graph percentile bootstrap
study-cc25ae93d418f22101d4,2,32768,uniform_iso,fixed_radius,optimization_shots,24,a_minus_b,-789.3333333333334,-1088.0,-490.6666666666667,True,unadjusted 95 percent paired graph percentile bootstrap
study-cc25ae93d418f22101d4,2,32768,uniform_iso,fixed_radius,optimization_calls,24,a_minus_b,-9.25,-12.75,-5.75,True,unadjusted 95 percent paired graph percentile bootstrap
study-cc25ae93d418f22101d4,2,32768,uniform_iso,fixed_radius,optimization_jobs,24,a_minus_b,-3.0833333333333335,-4.25,-1.9166666666666667,True,unadjusted 95 percent paired graph percentile bootstrap
study-cc25ae93d418f22101d4,2,32768,uniform_iso,fixed_shots,objective,24,a_minus_b,0.010534418258539657,0.0065480429876392495,0.015129247680213552,True,unadjusted 95 percent paired graph percentile bootstrap
study-cc25ae93d418f22101d4,2,32768,uniform_iso,fixed_shots,expected_ratio,24,a_minus_b,-0.013822552740294342,-0.020088271797421318,-0.008348159962467966,False,unadjusted 95 percent paired graph percentile bootstrap
study-cc25ae93d418f22101d4,2,32768,uniform_iso,fixed_shots,signed_reference_gap,24,a_minus_b,0.010534418258539638,0.006548042987639222,0.015129247680213533,True,unadjusted 95 percent paired graph percentile bootstrap
study-cc25ae93d418f22101d4,2,32768,uniform_iso,fixed_shots,success_fraction,24,a_minus_b,-0.16666666666666666,-0.3333333333333333,-0.041666666666666664,False,unadjusted 95 percent paired graph percentile bootstrap
study-cc25ae93d418f22101d4,2,32768,uniform_iso,fixed_shots,capped_target_shots,24,a_minus_b,5461.333333333333,1365.3333333333333,10922.666666666666,True,unadjusted 95 percent paired graph percentile bootstrap
study-cc25ae93d418f22101d4,2,32768,uniform_iso,fixed_shots,optimization_shots,24,a_minus_b,29440.0,29440.0,29440.0,True,unadjusted 95 percent paired graph percentile bootstrap
study-cc25ae93d418f22101d4,2,32768,uniform_iso,fixed_shots,optimization_calls,24,a_minus_b,31.0,31.0,31.0,True,unadjusted 95 percent paired graph percentile bootstrap
study-cc25ae93d418f22101d4,2,32768,uniform_iso,fixed_shots,optimization_jobs,24,a_minus_b,11.0,11.0,11.0,True,unadjusted 95 percent paired graph percentile bootstrap
study-cc25ae93d418f22101d4,2,32768,uniform_iso,cobyla,objective,24,a_minus_b,0.010944745882065074,0.006368939484146269,0.01635026058206211,True,unadjusted 95 percent paired graph percentile bootstrap
study-cc25ae93d418f22101d4,2,32768,uniform_iso,cobyla,expected_ratio,24,a_minus_b,-0.01445240851704368,-0.021845722918645966,-0.008195869320213258,False,unadjusted 95 percent paired graph percentile bootstrap
study-cc25ae93d418f22101d4,2,32768,uniform_iso,cobyla,signed_reference_gap,24,a_minus_b,0.010944745882065057,0.006368939484146237,0.01635026058206209,True,unadjusted 95 percent paired graph percentile bootstrap
study-cc25ae93d418f22101d4,2,32768,uniform_iso,cobyla,success_fraction,24,a_minus_b,-0.16666666666666666,-0.3333333333333333,-0.041666666666666664,False,unadjusted 95 percent paired graph percentile bootstrap
study-cc25ae93d418f22101d4,2,32768,uniform_iso,cobyla,capped_target_shots,24,a_minus_b,5461.333333333333,1365.3333333333333,10922.666666666666,True,unadjusted 95 percent paired graph percentile bootstrap
study-cc25ae93d418f22101d4,2,32768,uniform_iso,cobyla,optimization_shots,24,a_minus_b,7438.222222222223,7025.777777777778,7850.666666666667,True,unadjusted 95 percent paired graph percentile bootstrap
study-cc25ae93d418f22101d4,2,32768,uniform_iso,cobyla,optimization_calls,24,a_minus_b,13.263888888888891,12.861111111111109,13.666666666666666,True,unadjusted 95 percent paired graph percentile bootstrap
study-cc25ae93d418f22101d4,2,32768,uniform_iso,cobyla,optimization_jobs,24,a_minus_b,-10.736111111111109,-11.138888888888891,-10.333333333333334,True,unadjusted 95 percent paired graph percentile bootstrap
study-cc25ae93d418f22101d4,2,32768,uniform_iso,spsa,objective,24,a_minus_b,0.01198934610528391,0.007555874638822173,0.01716961451402559,True,unadjusted 95 percent paired graph percentile bootstrap
study-cc25ae93d418f22101d4,2,32768,uniform_iso,spsa,expected_ratio,24,a_minus_b,-0.015744923817910244,-0.022873307454778623,-0.009620791485967003,False,unadjusted 95 percent paired graph percentile bootstrap
study-cc25ae93d418f22101d4,2,32768,uniform_iso,spsa,signed_reference_gap,24,a_minus_b,0.011989346105283906,0.007555874638822187,0.01716961451402559,True,unadjusted 95 percent paired graph percentile bootstrap
study-cc25ae93d418f22101d4,2,32768,uniform_iso,spsa,success_fraction,24,a_minus_b,-0.16666666666666666,-0.3333333333333333,-0.041666666666666664,False,unadjusted 95 percent paired graph percentile bootstrap
study-cc25ae93d418f22101d4,2,32768,uniform_iso,spsa,capped_target_shots,24,a_minus_b,5461.333333333333,1365.3333333333333,10922.666666666666,True,unadjusted 95 percent paired graph percentile bootstrap
study-cc25ae93d418f22101d4,2,32768,uniform_iso,spsa,optimization_shots,24,a_minus_b,0.0,0.0,0.0,True,unadjusted 95 percent paired graph percentile bootstrap
study-cc25ae93d418f22101d4,2,32768,uniform_iso,spsa,optimization_calls,24,a_minus_b,6.0,6.0,6.0,True,unadjusted 95 percent paired graph percentile bootstrap
study-cc25ae93d418f22101d4,2,32768,uniform_iso,spsa,optimization_jobs,24,a_minus_b,-8.0,-8.0,-8.0,True,unadjusted 95 percent paired graph percentile bootstrap
study-cc25ae93d418f22101d4,2,32768,random_iso,descriptor_iso,objective,24,a_minus_b,0.1572155410974895,0.14113860299025696,0.1730488099609813,True,unadjusted 95 percent paired graph percentile bootstrap
study-cc25ae93d418f22101d4,2,32768,random_iso,descriptor_iso,expected_ratio,24,a_minus_b,-0.19615608389804887,-0.2161347197424409,-0.17570136924989035,False,unadjusted 95 percent paired graph percentile bootstrap
study-cc25ae93d418f22101d4,2,32768,random_iso,descriptor_iso,signed_reference_gap,24,a_minus_b,0.1572155410974895,0.14113860299025693,0.17304880996098124,True,unadjusted 95 percent paired graph percentile bootstrap
study-cc25ae93d418f22101d4,2,32768,random_iso,descriptor_iso,success_fraction,24,a_minus_b,-1.0,-1.0,-1.0,False,unadjusted 95 percent paired graph percentile bootstrap
study-cc25ae93d418f22101d4,2,32768,random_iso,descriptor_iso,capped_target_shots,24,a_minus_b,32768.0,32768.0,32768.0,True,unadjusted 95 percent paired graph percentile bootstrap
study-cc25ae93d418f22101d4,2,32768,random_iso,descriptor_iso,optimization_shots,24,a_minus_b,64.0,0.0,128.0,True,unadjusted 95 percent paired graph percentile bootstrap
study-cc25ae93d418f22101d4,2,32768,random_iso,descriptor_iso,optimization_calls,24,a_minus_b,0.5,0.0,1.0,True,unadjusted 95 percent paired graph percentile bootstrap
study-cc25ae93d418f22101d4,2,32768,random_iso,descriptor_iso,optimization_jobs,24,a_minus_b,0.125,0.0,0.25,True,unadjusted 95 percent paired graph percentile bootstrap
study-cc25ae93d418f22101d4,2,32768,random_iso,descriptor_shape,objective,24,a_minus_b,0.1572155410974895,0.14113860299025696,0.1730488099609813,True,unadjusted 95 percent paired graph percentile bootstrap
study-cc25ae93d418f22101d4,2,32768,random_iso,descriptor_shape,expected_ratio,24,a_minus_b,-0.19615608389804887,-0.2161347197424409,-0.17570136924989035,False,unadjusted 95 percent paired graph percentile bootstrap
study-cc25ae93d418f22101d4,2,32768,random_iso,descriptor_shape,signed_reference_gap,24,a_minus_b,0.1572155410974895,0.14113860299025693,0.17304880996098124,True,unadjusted 95 percent paired graph percentile bootstrap
study-cc25ae93d418f22101d4,2,32768,random_iso,descriptor_shape,success_fraction,24,a_minus_b,-1.0,-1.0,-1.0,False,unadjusted 95 percent paired graph percentile bootstrap
study-cc25ae93d418f22101d4,2,32768,random_iso,descriptor_shape,capped_target_shots,24,a_minus_b,32768.0,32768.0,32768.0,True,unadjusted 95 percent paired graph percentile bootstrap
study-cc25ae93d418f22101d4,2,32768,random_iso,descriptor_shape,optimization_shots,24,a_minus_b,64.0,0.0,128.0,True,unadjusted 95 percent paired graph percentile bootstrap
study-cc25ae93d418f22101d4,2,32768,random_iso,descriptor_shape,optimization_calls,24,a_minus_b,0.5,0.0,1.0,True,unadjusted 95 percent paired graph percentile bootstrap
study-cc25ae93d418f22101d4,2,32768,random_iso,descriptor_shape,optimization_jobs,24,a_minus_b,0.125,0.0,0.25,True,unadjusted 95 percent paired graph percentile bootstrap
study-cc25ae93d418f22101d4,2,32768,random_iso,gw_iso,objective,24,a_minus_b,0.15199948487123255,0.13450461834849842,0.1692679387062989,True,unadjusted 95 percent paired graph percentile bootstrap
study-cc25ae93d418f22101d4,2,32768,random_iso,gw_iso,expected_ratio,24,a_minus_b,-0.18986188256071804,-0.21193280918308988,-0.1674576705707134,False,unadjusted 95 percent paired graph percentile bootstrap
study-cc25ae93d418f22101d4,2,32768,random_iso,gw_iso,signed_reference_gap,24,a_minus_b,0.15199948487123252,0.1345046183484984,0.16926793870629886,True,unadjusted 95 percent paired graph percentile bootstrap
study-cc25ae93d418f22101d4,2,32768,random_iso,gw_iso,success_fraction,24,a_minus_b,-0.9166666666666666,-1.0,-0.7916666666666666,False,unadjusted 95 percent paired graph percentile bootstrap
study-cc25ae93d418f22101d4,2,32768,random_iso,gw_iso,capped_target_shots,24,a_minus_b,30037.333333333332,25941.333333333332,32768.0,True,unadjusted 95 percent paired graph percentile bootstrap
study-cc25ae93d418f22101d4,2,32768,random_iso,gw_iso,optimization_shots,24,a_minus_b,64.0,0.0,128.0,True,unadjusted 95 percent paired graph percentile bootstrap
study-cc25ae93d418f22101d4,2,32768,random_iso,gw_iso,optimization_calls,24,a_minus_b,0.5,0.0,1.0,True,unadjusted 95 percent paired graph percentile bootstrap
study-cc25ae93d418f22101d4,2,32768,random_iso,gw_iso,optimization_jobs,24,a_minus_b,0.125,0.0,0.25,True,unadjusted 95 percent paired graph percentile bootstrap
study-cc25ae93d418f22101d4,2,32768,random_iso,gw_shape,objective,24,a_minus_b,0.15199948487123255,0.13450461834849842,0.1692679387062989,True,unadjusted 95 percent paired graph percentile bootstrap
study-cc25ae93d418f22101d4,2,32768,random_iso,gw_shape,expected_ratio,24,a_minus_b,-0.18986188256071804,-0.21193280918308988,-0.1674576705707134,False,unadjusted 95 percent paired graph percentile bootstrap
study-cc25ae93d418f22101d4,2,32768,random_iso,gw_shape,signed_reference_gap,24,a_minus_b,0.15199948487123252,0.1345046183484984,0.16926793870629886,True,unadjusted 95 percent paired graph percentile bootstrap
study-cc25ae93d418f22101d4,2,32768,random_iso,gw_shape,success_fraction,24,a_minus_b,-0.9166666666666666,-1.0,-0.7916666666666666,False,unadjusted 95 percent paired graph percentile bootstrap
study-cc25ae93d418f22101d4,2,32768,random_iso,gw_shape,capped_target_shots,24,a_minus_b,30037.333333333332,25941.333333333332,32768.0,True,unadjusted 95 percent paired graph percentile bootstrap
study-cc25ae93d418f22101d4,2,32768,random_iso,gw_shape,optimization_shots,24,a_minus_b,64.0,0.0,128.0,True,unadjusted 95 percent paired graph percentile bootstrap
study-cc25ae93d418f22101d4,2,32768,random_iso,gw_shape,optimization_calls,24,a_minus_b,0.5,0.0,1.0,True,unadjusted 95 percent paired graph percentile bootstrap
study-cc25ae93d418f22101d4,2,32768,random_iso,gw_shape,optimization_jobs,24,a_minus_b,0.125,0.0,0.25,True,unadjusted 95 percent paired graph percentile bootstrap
study-cc25ae93d418f22101d4,2,32768,random_iso,local_iso,objective,24,a_minus_b,0.1463138396566022,0.12864414333436142,0.1638614072668021,True,unadjusted 95 percent paired graph percentile bootstrap
study-cc25ae93d418f22101d4,2,32768,random_iso,local_iso,expected_ratio,24,a_minus_b,-0.18203701996903662,-0.2036327815281224,-0.16049542646160217,False,unadjusted 95 percent paired graph percentile bootstrap
study-cc25ae93d418f22101d4,2,32768,random_iso,local_iso,signed_reference_gap,24,a_minus_b,0.1463138396566022,0.12864414333436142,0.1638614072668021,True,unadjusted 95 percent paired graph percentile bootstrap
study-cc25ae93d418f22101d4,2,32768,random_iso,local_iso,success_fraction,24,a_minus_b,-0.8333333333333334,-0.9583333333333334,-0.6666666666666666,False,unadjusted 95 percent paired graph percentile bootstrap
study-cc25ae93d418f22101d4,2,32768,random_iso,local_iso,capped_target_shots,24,a_minus_b,27306.666666666668,21845.333333333332,31402.666666666668,True,unadjusted 95 percent paired graph percentile bootstrap
study-cc25ae93d418f22101d4,2,32768,random_iso,local_iso,optimization_shots,24,a_minus_b,64.0,0.0,128.0,True,unadjusted 95 percent paired graph percentile bootstrap
study-cc25ae93d418f22101d4,2,32768,random_iso,local_iso,optimization_calls,24,a_minus_b,0.5,0.0,1.0,True,unadjusted 95 percent paired graph percentile bootstrap
study-cc25ae93d418f22101d4,2,32768,random_iso,local_iso,optimization_jobs,24,a_minus_b,0.125,0.0,0.25,True,unadjusted 95 percent paired graph percentile bootstrap
study-cc25ae93d418f22101d4,2,32768,random_iso,shuffled_gw,objective,24,a_minus_b,0.14090307234322386,0.11923415038115096,0.16151446271897296,True,unadjusted 95 percent paired graph percentile bootstrap
study-cc25ae93d418f22101d4,2,32768,random_iso,shuffled_gw,expected_ratio,24,a_minus_b,-0.1763413391983165,-0.20198497577694802,-0.1492507762560067,False,unadjusted 95 percent paired graph percentile bootstrap
study-cc25ae93d418f22101d4,2,32768,random_iso,shuffled_gw,signed_reference_gap,24,a_minus_b,0.14090307234322383,0.11923415038115091,0.16151446271897293,True,unadjusted 95 percent paired graph percentile bootstrap
study-cc25ae93d418f22101d4,2,32768,random_iso,shuffled_gw,success_fraction,24,a_minus_b,-0.75,-0.9166666666666666,-0.5833333333333334,False,unadjusted 95 percent paired graph percentile bootstrap
study-cc25ae93d418f22101d4,2,32768,random_iso,shuffled_gw,capped_target_shots,24,a_minus_b,24576.0,19114.666666666668,30037.333333333332,True,unadjusted 95 percent paired graph percentile bootstrap
study-cc25ae93d418f22101d4,2,32768,random_iso,shuffled_gw,optimization_shots,24,a_minus_b,64.0,0.0,128.0,True,unadjusted 95 percent paired graph percentile bootstrap
study-cc25ae93d418f22101d4,2,32768,random_iso,shuffled_gw,optimization_calls,24,a_minus_b,0.5,0.0,1.0,True,unadjusted 95 percent paired graph percentile bootstrap
study-cc25ae93d418f22101d4,2,32768,random_iso,shuffled_gw,optimization_jobs,24,a_minus_b,0.125,0.0,0.25,True,unadjusted 95 percent paired graph percentile bootstrap
study-cc25ae93d418f22101d4,2,32768,random_iso,bad_prior,objective,24,a_minus_b,-0.018438531714906822,-0.04912074248557208,0.011593163099195414,True,unadjusted 95 percent paired graph percentile bootstrap
study-cc25ae93d418f22101d4,2,32768,random_iso,bad_prior,expected_ratio,24,a_minus_b,0.019719761161284242,-0.015959825201053154,0.0557135770437874,False,unadjusted 95 percent paired graph percentile bootstrap
study-cc25ae93d418f22101d4,2,32768,random_iso,bad_prior,signed_reference_gap,24,a_minus_b,-0.018438531714906833,-0.04912074248557209,0.011593163099195412,True,unadjusted 95 percent paired graph percentile bootstrap
study-cc25ae93d418f22101d4,2,32768,random_iso,bad_prior,success_fraction,24,a_minus_b,0.0,0.0,0.0,False,unadjusted 95 percent paired graph percentile bootstrap
study-cc25ae93d418f22101d4,2,32768,random_iso,bad_prior,capped_target_shots,24,a_minus_b,0.0,0.0,0.0,True,unadjusted 95 percent paired graph percentile bootstrap
study-cc25ae93d418f22101d4,2,32768,random_iso,bad_prior,optimization_shots,24,a_minus_b,21.333333333333332,-85.33333333333333,128.0,True,unadjusted 95 percent paired graph percentile bootstrap
study-cc25ae93d418f22101d4,2,32768,random_iso,bad_prior,optimization_calls,24,a_minus_b,0.16666666666666666,-0.6666666666666666,1.0,True,unadjusted 95 percent paired graph percentile bootstrap
study-cc25ae93d418f22101d4,2,32768,random_iso,bad_prior,optimization_jobs,24,a_minus_b,0.041666666666666664,-0.16666666666666666,0.25,True,unadjusted 95 percent paired graph percentile bootstrap
study-cc25ae93d418f22101d4,2,32768,random_iso,no_repair,objective,24,a_minus_b,0.1572155410974895,0.14113860299025696,0.1730488099609813,True,unadjusted 95 percent paired graph percentile bootstrap
study-cc25ae93d418f22101d4,2,32768,random_iso,no_repair,expected_ratio,24,a_minus_b,-0.19615608389804887,-0.2161347197424409,-0.17570136924989035,False,unadjusted 95 percent paired graph percentile bootstrap
study-cc25ae93d418f22101d4,2,32768,random_iso,no_repair,signed_reference_gap,24,a_minus_b,0.1572155410974895,0.14113860299025693,0.17304880996098124,True,unadjusted 95 percent paired graph percentile bootstrap
study-cc25ae93d418f22101d4,2,32768,random_iso,no_repair,success_fraction,24,a_minus_b,-1.0,-1.0,-1.0,False,unadjusted 95 percent paired graph percentile bootstrap
study-cc25ae93d418f22101d4,2,32768,random_iso,no_repair,capped_target_shots,24,a_minus_b,32768.0,32768.0,32768.0,True,unadjusted 95 percent paired graph percentile bootstrap
study-cc25ae93d418f22101d4,2,32768,random_iso,no_repair,optimization_shots,24,a_minus_b,64.0,0.0,128.0,True,unadjusted 95 percent paired graph percentile bootstrap
study-cc25ae93d418f22101d4,2,32768,random_iso,no_repair,optimization_calls,24,a_minus_b,0.5,0.0,1.0,True,unadjusted 95 percent paired graph percentile bootstrap
study-cc25ae93d418f22101d4,2,32768,random_iso,no_repair,optimization_jobs,24,a_minus_b,0.125,0.0,0.25,True,unadjusted 95 percent paired graph percentile bootstrap
study-cc25ae93d418f22101d4,2,32768,random_iso,fixed_radius,objective,24,a_minus_b,0.1572155410974895,0.14113860299025696,0.1730488099609813,True,unadjusted 95 percent paired graph percentile bootstrap
study-cc25ae93d418f22101d4,2,32768,random_iso,fixed_radius,expected_ratio,24,a_minus_b,-0.19615608389804887,-0.2161347197424409,-0.17570136924989035,False,unadjusted 95 percent paired graph percentile bootstrap
study-cc25ae93d418f22101d4,2,32768,random_iso,fixed_radius,signed_reference_gap,24,a_minus_b,0.1572155410974895,0.14113860299025693,0.17304880996098124,True,unadjusted 95 percent paired graph percentile bootstrap
study-cc25ae93d418f22101d4,2,32768,random_iso,fixed_radius,success_fraction,24,a_minus_b,-1.0,-1.0,-1.0,False,unadjusted 95 percent paired graph percentile bootstrap
study-cc25ae93d418f22101d4,2,32768,random_iso,fixed_radius,capped_target_shots,24,a_minus_b,32768.0,32768.0,32768.0,True,unadjusted 95 percent paired graph percentile bootstrap
study-cc25ae93d418f22101d4,2,32768,random_iso,fixed_radius,optimization_shots,24,a_minus_b,-725.3333333333334,-1002.6666666666666,-448.0,True,unadjusted 95 percent paired graph percentile bootstrap
study-cc25ae93d418f22101d4,2,32768,random_iso,fixed_radius,optimization_calls,24,a_minus_b,-8.75,-12.0,-5.5,True,unadjusted 95 percent paired graph percentile bootstrap
study-cc25ae93d418f22101d4,2,32768,random_iso,fixed_radius,optimization_jobs,24,a_minus_b,-2.9583333333333335,-4.041666666666667,-1.8333333333333333,True,unadjusted 95 percent paired graph percentile bootstrap
study-cc25ae93d418f22101d4,2,32768,random_iso,fixed_shots,objective,24,a_minus_b,0.1572155410974895,0.14113860299025696,0.1730488099609813,True,unadjusted 95 percent paired graph percentile bootstrap
study-cc25ae93d418f22101d4,2,32768,random_iso,fixed_shots,expected_ratio,24,a_minus_b,-0.19615608389804887,-0.2161347197424409,-0.17570136924989035,False,unadjusted 95 percent paired graph percentile bootstrap
study-cc25ae93d418f22101d4,2,32768,random_iso,fixed_shots,signed_reference_gap,24,a_minus_b,0.1572155410974895,0.14113860299025693,0.17304880996098124,True,unadjusted 95 percent paired graph percentile bootstrap
study-cc25ae93d418f22101d4,2,32768,random_iso,fixed_shots,success_fraction,24,a_minus_b,-1.0,-1.0,-1.0,False,unadjusted 95 percent paired graph percentile bootstrap
study-cc25ae93d418f22101d4,2,32768,random_iso,fixed_shots,capped_target_shots,24,a_minus_b,32768.0,32768.0,32768.0,True,unadjusted 95 percent paired graph percentile bootstrap
study-cc25ae93d418f22101d4,2,32768,random_iso,fixed_shots,optimization_shots,24,a_minus_b,29504.0,29440.0,29568.0,True,unadjusted 95 percent paired graph percentile bootstrap
study-cc25ae93d418f22101d4,2,32768,random_iso,fixed_shots,optimization_calls,24,a_minus_b,31.5,31.0,32.0,True,unadjusted 95 percent paired graph percentile bootstrap
study-cc25ae93d418f22101d4,2,32768,random_iso,fixed_shots,optimization_jobs,24,a_minus_b,11.125,11.0,11.25,True,unadjusted 95 percent paired graph percentile bootstrap
study-cc25ae93d418f22101d4,2,32768,random_iso,cobyla,objective,24,a_minus_b,0.15762586872101494,0.141698181542956,0.1732150328942961,True,unadjusted 95 percent paired graph percentile bootstrap
study-cc25ae93d418f22101d4,2,32768,random_iso,cobyla,expected_ratio,24,a_minus_b,-0.19678593967479818,-0.2166901628249577,-0.1763607593178235,False,unadjusted 95 percent paired graph percentile bootstrap
study-cc25ae93d418f22101d4,2,32768,random_iso,cobyla,signed_reference_gap,24,a_minus_b,0.15762586872101492,0.141698181542956,0.17321503289429604,True,unadjusted 95 percent paired graph percentile bootstrap
study-cc25ae93d418f22101d4,2,32768,random_iso,cobyla,success_fraction,24,a_minus_b,-1.0,-1.0,-1.0,False,unadjusted 95 percent paired graph percentile bootstrap
study-cc25ae93d418f22101d4,2,32768,random_iso,cobyla,capped_target_shots,24,a_minus_b,32768.0,32768.0,32768.0,True,unadjusted 95 percent paired graph percentile bootstrap
study-cc25ae93d418f22101d4,2,32768,random_iso,cobyla,optimization_shots,24,a_minus_b,7502.222222222223,7068.444444444444,7936.177777777775,True,unadjusted 95 percent paired graph percentile bootstrap
study-cc25ae93d418f22101d4,2,32768,random_iso,cobyla,optimization_calls,24,a_minus_b,13.763888888888891,13.069444444444445,14.555555555555555,True,unadjusted 95 percent paired graph percentile bootstrap
study-cc25ae93d418f22101d4,2,32768,random_iso,cobyla,optimization_jobs,24,a_minus_b,-10.61111111111111,-11.069444444444443,-10.152777777777779,True,unadjusted 95 percent paired graph percentile bootstrap
study-cc25ae93d418f22101d4,2,32768,random_iso,spsa,objective,24,a_minus_b,0.15867046894423378,0.14280181879309825,0.1742332216153014,True,unadjusted 95 percent paired graph percentile bootstrap
study-cc25ae93d418f22101d4,2,32768,random_iso,spsa,expected_ratio,24,a_minus_b,-0.19807845497566479,-0.2179883505387734,-0.17774086039364081,False,unadjusted 95 percent paired graph percentile bootstrap
study-cc25ae93d418f22101d4,2,32768,random_iso,spsa,signed_reference_gap,24,a_minus_b,0.15867046894423376,0.14280181879309822,0.1742332216153014,True,unadjusted 95 percent paired graph percentile bootstrap
study-cc25ae93d418f22101d4,2,32768,random_iso,spsa,success_fraction,24,a_minus_b,-1.0,-1.0,-1.0,False,unadjusted 95 percent paired graph percentile bootstrap
study-cc25ae93d418f22101d4,2,32768,random_iso,spsa,capped_target_shots,24,a_minus_b,32768.0,32768.0,32768.0,True,unadjusted 95 percent paired graph percentile bootstrap
study-cc25ae93d418f22101d4,2,32768,random_iso,spsa,optimization_shots,24,a_minus_b,64.0,0.0,128.0,True,unadjusted 95 percent paired graph percentile bootstrap
study-cc25ae93d418f22101d4,2,32768,random_iso,spsa,optimization_calls,24,a_minus_b,6.5,6.0,7.0,True,unadjusted 95 percent paired graph percentile bootstrap
study-cc25ae93d418f22101d4,2,32768,random_iso,spsa,optimization_jobs,24,a_minus_b,-7.875,-8.0,-7.75,True,unadjusted 95 percent paired graph percentile bootstrap
study-cc25ae93d418f22101d4,2,32768,descriptor_iso,descriptor_shape,objective,24,a_minus_b,0.0,0.0,0.0,True,unadjusted 95 percent paired graph percentile bootstrap
study-cc25ae93d418f22101d4,2,32768,descriptor_iso,descriptor_shape,expected_ratio,24,a_minus_b,0.0,0.0,0.0,False,unadjusted 95 percent paired graph percentile bootstrap
study-cc25ae93d418f22101d4,2,32768,descriptor_iso,descriptor_shape,signed_reference_gap,24,a_minus_b,0.0,0.0,0.0,True,unadjusted 95 percent paired graph percentile bootstrap
study-cc25ae93d418f22101d4,2,32768,descriptor_iso,descriptor_shape,success_fraction,24,a_minus_b,0.0,0.0,0.0,False,unadjusted 95 percent paired graph percentile bootstrap
study-cc25ae93d418f22101d4,2,32768,descriptor_iso,descriptor_shape,capped_target_shots,24,a_minus_b,0.0,0.0,0.0,True,unadjusted 95 percent paired graph percentile bootstrap
study-cc25ae93d418f22101d4,2,32768,descriptor_iso,descriptor_shape,optimization_shots,24,a_minus_b,0.0,0.0,0.0,True,unadjusted 95 percent paired graph percentile bootstrap
study-cc25ae93d418f22101d4,2,32768,descriptor_iso,descriptor_shape,optimization_calls,24,a_minus_b,0.0,0.0,0.0,True,unadjusted 95 percent paired graph percentile bootstrap
study-cc25ae93d418f22101d4,2,32768,descriptor_iso,descriptor_shape,optimization_jobs,24,a_minus_b,0.0,0.0,0.0,True,unadjusted 95 percent paired graph percentile bootstrap
study-cc25ae93d418f22101d4,2,32768,descriptor_iso,gw_iso,objective,24,a_minus_b,-0.005216056226256968,-0.00842770841153303,-0.002348050111555906,True,unadjusted 95 percent paired graph percentile bootstrap
study-cc25ae93d418f22101d4,2,32768,descriptor_iso,gw_iso,expected_ratio,24,a_minus_b,0.006294201337330797,0.002802701369536215,0.01025380692371524,False,unadjusted 95 percent paired graph percentile bootstrap
study-cc25ae93d418f22101d4,2,32768,descriptor_iso,gw_iso,signed_reference_gap,24,a_minus_b,-0.005216056226256968,-0.008427708411533008,-0.0023480501115558973,True,unadjusted 95 percent paired graph percentile bootstrap
study-cc25ae93d418f22101d4,2,32768,descriptor_iso,gw_iso,success_fraction,24,a_minus_b,0.08333333333333333,0.0,0.20833333333333334,False,unadjusted 95 percent paired graph percentile bootstrap
study-cc25ae93d418f22101d4,2,32768,descriptor_iso,gw_iso,capped_target_shots,24,a_minus_b,-2730.6666666666665,-6826.666666666667,0.0,True,unadjusted 95 percent paired graph percentile bootstrap
study-cc25ae93d418f22101d4,2,32768,descriptor_iso,gw_iso,optimization_shots,24,a_minus_b,0.0,0.0,0.0,True,unadjusted 95 percent paired graph percentile bootstrap
study-cc25ae93d418f22101d4,2,32768,descriptor_iso,gw_iso,optimization_calls,24,a_minus_b,0.0,0.0,0.0,True,unadjusted 95 percent paired graph percentile bootstrap
study-cc25ae93d418f22101d4,2,32768,descriptor_iso,gw_iso,optimization_jobs,24,a_minus_b,0.0,0.0,0.0,True,unadjusted 95 percent paired graph percentile bootstrap
study-cc25ae93d418f22101d4,2,32768,descriptor_iso,gw_shape,objective,24,a_minus_b,-0.005216056226256968,-0.00842770841153303,-0.002348050111555906,True,unadjusted 95 percent paired graph percentile bootstrap
study-cc25ae93d418f22101d4,2,32768,descriptor_iso,gw_shape,expected_ratio,24,a_minus_b,0.006294201337330797,0.002802701369536215,0.01025380692371524,False,unadjusted 95 percent paired graph percentile bootstrap
study-cc25ae93d418f22101d4,2,32768,descriptor_iso,gw_shape,signed_reference_gap,24,a_minus_b,-0.005216056226256968,-0.008427708411533008,-0.0023480501115558973,True,unadjusted 95 percent paired graph percentile bootstrap
study-cc25ae93d418f22101d4,2,32768,descriptor_iso,gw_shape,success_fraction,24,a_minus_b,0.08333333333333333,0.0,0.20833333333333334,False,unadjusted 95 percent paired graph percentile bootstrap
study-cc25ae93d418f22101d4,2,32768,descriptor_iso,gw_shape,capped_target_shots,24,a_minus_b,-2730.6666666666665,-6826.666666666667,0.0,True,unadjusted 95 percent paired graph percentile bootstrap
study-cc25ae93d418f22101d4,2,32768,descriptor_iso,gw_shape,optimization_shots,24,a_minus_b,0.0,0.0,0.0,True,unadjusted 95 percent paired graph percentile bootstrap
study-cc25ae93d418f22101d4,2,32768,descriptor_iso,gw_shape,optimization_calls,24,a_minus_b,0.0,0.0,0.0,True,unadjusted 95 percent paired graph percentile bootstrap
study-cc25ae93d418f22101d4,2,32768,descriptor_iso,gw_shape,optimization_jobs,24,a_minus_b,0.0,0.0,0.0,True,unadjusted 95 percent paired graph percentile bootstrap
study-cc25ae93d418f22101d4,2,32768,descriptor_iso,local_iso,objective,24,a_minus_b,-0.010901701440887313,-0.015498314128155331,-0.006819997103648477,True,unadjusted 95 percent paired graph percentile bootstrap
study-cc25ae93d418f22101d4,2,32768,descriptor_iso,local_iso,expected_ratio,24,a_minus_b,0.014119063929012271,0.008584494745411052,0.020376968921007023,False,unadjusted 95 percent paired graph percentile bootstrap
study-cc25ae93d418f22101d4,2,32768,descriptor_iso,local_iso,signed_reference_gap,24,a_minus_b,-0.010901701440887299,-0.015498314128155326,-0.00681999710364845,True,unadjusted 95 percent paired graph percentile bootstrap
study-cc25ae93d418f22101d4,2,32768,descriptor_iso,local_iso,success_fraction,24,a_minus_b,0.16666666666666666,0.041666666666666664,0.3333333333333333,False,unadjusted 95 percent paired graph percentile bootstrap
study-cc25ae93d418f22101d4,2,32768,descriptor_iso,local_iso,capped_target_shots,24,a_minus_b,-5461.333333333333,-10922.666666666666,-1365.3333333333333,True,unadjusted 95 percent paired graph percentile bootstrap
study-cc25ae93d418f22101d4,2,32768,descriptor_iso,local_iso,optimization_shots,24,a_minus_b,0.0,0.0,0.0,True,unadjusted 95 percent paired graph percentile bootstrap
study-cc25ae93d418f22101d4,2,32768,descriptor_iso,local_iso,optimization_calls,24,a_minus_b,0.0,0.0,0.0,True,unadjusted 95 percent paired graph percentile bootstrap
study-cc25ae93d418f22101d4,2,32768,descriptor_iso,local_iso,optimization_jobs,24,a_minus_b,0.0,0.0,0.0,True,unadjusted 95 percent paired graph percentile bootstrap
study-cc25ae93d418f22101d4,2,32768,descriptor_iso,shuffled_gw,objective,24,a_minus_b,-0.01631246875426566,-0.03430299213418538,-0.004995055102462163,True,unadjusted 95 percent paired graph percentile bootstrap
study-cc25ae93d418f22101d4,2,32768,descriptor_iso,shuffled_gw,expected_ratio,24,a_minus_b,0.019814744699732392,0.006383119574344907,0.040662431502018606,False,unadjusted 95 percent paired graph percentile bootstrap
study-cc25ae93d418f22101d4,2,32768,descriptor_iso,shuffled_gw,signed_reference_gap,24,a_minus_b,-0.016312468754265657,-0.03430299213418537,-0.004995055102462159,True,unadjusted 95 percent paired graph percentile bootstrap
study-cc25ae93d418f22101d4,2,32768,descriptor_iso,shuffled_gw,success_fraction,24,a_minus_b,0.25,0.08333333333333333,0.4166666666666667,False,unadjusted 95 percent paired graph percentile bootstrap
study-cc25ae93d418f22101d4,2,32768,descriptor_iso,shuffled_gw,capped_target_shots,24,a_minus_b,-8192.0,-13653.333333333334,-2730.6666666666665,True,unadjusted 95 percent paired graph percentile bootstrap
study-cc25ae93d418f22101d4,2,32768,descriptor_iso,shuffled_gw,optimization_shots,24,a_minus_b,0.0,0.0,0.0,True,unadjusted 95 percent paired graph percentile bootstrap
study-cc25ae93d418f22101d4,2,32768,descriptor_iso,shuffled_gw,optimization_calls,24,a_minus_b,0.0,0.0,0.0,True,unadjusted 95 percent paired graph percentile bootstrap
study-cc25ae93d418f22101d4,2,32768,descriptor_iso,shuffled_gw,optimization_jobs,24,a_minus_b,0.0,0.0,0.0,True,unadjusted 95 percent paired graph percentile bootstrap
study-cc25ae93d418f22101d4,2,32768,descriptor_iso,bad_prior,objective,24,a_minus_b,-0.17565407281239634,-0.19974158637126224,-0.15032360508420362,True,unadjusted 95 percent paired graph percentile bootstrap
study-cc25ae93d418f22101d4,2,32768,descriptor_iso,bad_prior,expected_ratio,24,a_minus_b,0.2158758450593331,0.18744574236711664,0.24174125833143928,False,unadjusted 95 percent paired graph percentile bootstrap
study-cc25ae93d418f22101d4,2,32768,descriptor_iso,bad_prior,signed_reference_gap,24,a_minus_b,-0.1756540728123963,-0.19974158637126224,-0.1503236050842036,True,unadjusted 95 percent paired graph percentile bootstrap
study-cc25ae93d418f22101d4,2,32768,descriptor_iso,bad_prior,success_fraction,24,a_minus_b,1.0,1.0,1.0,False,unadjusted 95 percent paired graph percentile bootstrap
study-cc25ae93d418f22101d4,2,32768,descriptor_iso,bad_prior,capped_target_shots,24,a_minus_b,-32768.0,-32768.0,-32768.0,True,unadjusted 95 percent paired graph percentile bootstrap
study-cc25ae93d418f22101d4,2,32768,descriptor_iso,bad_prior,optimization_shots,24,a_minus_b,-42.666666666666664,-128.0,0.0,True,unadjusted 95 percent paired graph percentile bootstrap
study-cc25ae93d418f22101d4,2,32768,descriptor_iso,bad_prior,optimization_calls,24,a_minus_b,-0.3333333333333333,-1.0,0.0,True,unadjusted 95 percent paired graph percentile bootstrap
study-cc25ae93d418f22101d4,2,32768,descriptor_iso,bad_prior,optimization_jobs,24,a_minus_b,-0.08333333333333333,-0.25,0.0,True,unadjusted 95 percent paired graph percentile bootstrap
study-cc25ae93d418f22101d4,2,32768,descriptor_iso,no_repair,objective,24,a_minus_b,0.0,0.0,0.0,True,unadjusted 95 percent paired graph percentile bootstrap
study-cc25ae93d418f22101d4,2,32768,descriptor_iso,no_repair,expected_ratio,24,a_minus_b,0.0,0.0,0.0,False,unadjusted 95 percent paired graph percentile bootstrap
study-cc25ae93d418f22101d4,2,32768,descriptor_iso,no_repair,signed_reference_gap,24,a_minus_b,0.0,0.0,0.0,True,unadjusted 95 percent paired graph percentile bootstrap
study-cc25ae93d418f22101d4,2,32768,descriptor_iso,no_repair,success_fraction,24,a_minus_b,0.0,0.0,0.0,False,unadjusted 95 percent paired graph percentile bootstrap
study-cc25ae93d418f22101d4,2,32768,descriptor_iso,no_repair,capped_target_shots,24,a_minus_b,0.0,0.0,0.0,True,unadjusted 95 percent paired graph percentile bootstrap
study-cc25ae93d418f22101d4,2,32768,descriptor_iso,no_repair,optimization_shots,24,a_minus_b,0.0,0.0,0.0,True,unadjusted 95 percent paired graph percentile bootstrap
study-cc25ae93d418f22101d4,2,32768,descriptor_iso,no_repair,optimization_calls,24,a_minus_b,0.0,0.0,0.0,True,unadjusted 95 percent paired graph percentile bootstrap
study-cc25ae93d418f22101d4,2,32768,descriptor_iso,no_repair,optimization_jobs,24,a_minus_b,0.0,0.0,0.0,True,unadjusted 95 percent paired graph percentile bootstrap
study-cc25ae93d418f22101d4,2,32768,descriptor_iso,fixed_radius,objective,24,a_minus_b,0.0,0.0,0.0,True,unadjusted 95 percent paired graph percentile bootstrap
study-cc25ae93d418f22101d4,2,32768,descriptor_iso,fixed_radius,expected_ratio,24,a_minus_b,0.0,0.0,0.0,False,unadjusted 95 percent paired graph percentile bootstrap
study-cc25ae93d418f22101d4,2,32768,descriptor_iso,fixed_radius,signed_reference_gap,24,a_minus_b,0.0,0.0,0.0,True,unadjusted 95 percent paired graph percentile bootstrap
study-cc25ae93d418f22101d4,2,32768,descriptor_iso,fixed_radius,success_fraction,24,a_minus_b,0.0,0.0,0.0,False,unadjusted 95 percent paired graph percentile bootstrap
study-cc25ae93d418f22101d4,2,32768,descriptor_iso,fixed_radius,capped_target_shots,24,a_minus_b,0.0,0.0,0.0,True,unadjusted 95 percent paired graph percentile bootstrap
study-cc25ae93d418f22101d4,2,32768,descriptor_iso,fixed_radius,optimization_shots,24,a_minus_b,-789.3333333333334,-1088.0,-490.6666666666667,True,unadjusted 95 percent paired graph percentile bootstrap
study-cc25ae93d418f22101d4,2,32768,descriptor_iso,fixed_radius,optimization_calls,24,a_minus_b,-9.25,-12.75,-5.75,True,unadjusted 95 percent paired graph percentile bootstrap
study-cc25ae93d418f22101d4,2,32768,descriptor_iso,fixed_radius,optimization_jobs,24,a_minus_b,-3.0833333333333335,-4.25,-1.9166666666666667,True,unadjusted 95 percent paired graph percentile bootstrap
study-cc25ae93d418f22101d4,2,32768,descriptor_iso,fixed_shots,objective,24,a_minus_b,0.0,0.0,0.0,True,unadjusted 95 percent paired graph percentile bootstrap
study-cc25ae93d418f22101d4,2,32768,descriptor_iso,fixed_shots,expected_ratio,24,a_minus_b,0.0,0.0,0.0,False,unadjusted 95 percent paired graph percentile bootstrap
study-cc25ae93d418f22101d4,2,32768,descriptor_iso,fixed_shots,signed_reference_gap,24,a_minus_b,0.0,0.0,0.0,True,unadjusted 95 percent paired graph percentile bootstrap
study-cc25ae93d418f22101d4,2,32768,descriptor_iso,fixed_shots,success_fraction,24,a_minus_b,0.0,0.0,0.0,False,unadjusted 95 percent paired graph percentile bootstrap
study-cc25ae93d418f22101d4,2,32768,descriptor_iso,fixed_shots,capped_target_shots,24,a_minus_b,0.0,0.0,0.0,True,unadjusted 95 percent paired graph percentile bootstrap
study-cc25ae93d418f22101d4,2,32768,descriptor_iso,fixed_shots,optimization_shots,24,a_minus_b,29440.0,29440.0,29440.0,True,unadjusted 95 percent paired graph percentile bootstrap
study-cc25ae93d418f22101d4,2,32768,descriptor_iso,fixed_shots,optimization_calls,24,a_minus_b,31.0,31.0,31.0,True,unadjusted 95 percent paired graph percentile bootstrap
study-cc25ae93d418f22101d4,2,32768,descriptor_iso,fixed_shots,optimization_jobs,24,a_minus_b,11.0,11.0,11.0,True,unadjusted 95 percent paired graph percentile bootstrap
study-cc25ae93d418f22101d4,2,32768,descriptor_iso,cobyla,objective,24,a_minus_b,0.00041032762352541846,-0.0004306188703001544,0.001433830459731356,True,unadjusted 95 percent paired graph percentile bootstrap
study-cc25ae93d418f22101d4,2,32768,descriptor_iso,cobyla,expected_ratio,24,a_minus_b,-0.0006298557767493393,-0.0019630782404314664,0.0004492345069758635,False,unadjusted 95 percent paired graph percentile bootstrap
study-cc25ae93d418f22101d4,2,32768,descriptor_iso,cobyla,signed_reference_gap,24,a_minus_b,0.0004103276235254167,-0.00043061887030014447,0.0014338304597313607,True,unadjusted 95 percent paired graph percentile bootstrap
study-cc25ae93d418f22101d4,2,32768,descriptor_iso,cobyla,success_fraction,24,a_minus_b,0.0,0.0,0.0,False,unadjusted 95 percent paired graph percentile bootstrap
study-cc25ae93d418f22101d4,2,32768,descriptor_iso,cobyla,capped_target_shots,24,a_minus_b,0.0,0.0,0.0,True,unadjusted 95 percent paired graph percentile bootstrap
study-cc25ae93d418f22101d4,2,32768,descriptor_iso,cobyla,optimization_shots,24,a_minus_b,7438.222222222223,7025.777777777778,7850.666666666667,True,unadjusted 95 percent paired graph percentile bootstrap
study-cc25ae93d418f22101d4,2,32768,descriptor_iso,cobyla,optimization_calls,24,a_minus_b,13.263888888888891,12.861111111111109,13.666666666666666,True,unadjusted 95 percent paired graph percentile bootstrap
study-cc25ae93d418f22101d4,2,32768,descriptor_iso,cobyla,optimization_jobs,24,a_minus_b,-10.736111111111109,-11.138888888888891,-10.333333333333334,True,unadjusted 95 percent paired graph percentile bootstrap
study-cc25ae93d418f22101d4,2,32768,descriptor_iso,spsa,objective,24,a_minus_b,0.0014549278467442528,0.0008447391674131088,0.002180628518678984,True,unadjusted 95 percent paired graph percentile bootstrap
study-cc25ae93d418f22101d4,2,32768,descriptor_iso,spsa,expected_ratio,24,a_minus_b,-0.0019223710776159013,-0.002915079292035477,-0.0010815786392862027,False,unadjusted 95 percent paired graph percentile bootstrap
study-cc25ae93d418f22101d4,2,32768,descriptor_iso,spsa,signed_reference_gap,24,a_minus_b,0.0014549278467442695,0.0008447391674131094,0.0021806285186789904,True,unadjusted 95 percent paired graph percentile bootstrap
study-cc25ae93d418f22101d4,2,32768,descriptor_iso,spsa,success_fraction,24,a_minus_b,0.0,0.0,0.0,False,unadjusted 95 percent paired graph percentile bootstrap
study-cc25ae93d418f22101d4,2,32768,descriptor_iso,spsa,capped_target_shots,24,a_minus_b,0.0,0.0,0.0,True,unadjusted 95 percent paired graph percentile bootstrap
study-cc25ae93d418f22101d4,2,32768,descriptor_iso,spsa,optimization_shots,24,a_minus_b,0.0,0.0,0.0,True,unadjusted 95 percent paired graph percentile bootstrap
study-cc25ae93d418f22101d4,2,32768,descriptor_iso,spsa,optimization_calls,24,a_minus_b,6.0,6.0,6.0,True,unadjusted 95 percent paired graph percentile bootstrap
study-cc25ae93d418f22101d4,2,32768,descriptor_iso,spsa,optimization_jobs,24,a_minus_b,-8.0,-8.0,-8.0,True,unadjusted 95 percent paired graph percentile bootstrap
study-cc25ae93d418f22101d4,2,32768,descriptor_shape,gw_iso,objective,24,a_minus_b,-0.005216056226256968,-0.00842770841153303,-0.002348050111555906,True,unadjusted 95 percent paired graph percentile bootstrap
study-cc25ae93d418f22101d4,2,32768,descriptor_shape,gw_iso,expected_ratio,24,a_minus_b,0.006294201337330797,0.002802701369536215,0.01025380692371524,False,unadjusted 95 percent paired graph percentile bootstrap
study-cc25ae93d418f22101d4,2,32768,descriptor_shape,gw_iso,signed_reference_gap,24,a_minus_b,-0.005216056226256968,-0.008427708411533008,-0.0023480501115558973,True,unadjusted 95 percent paired graph percentile bootstrap
study-cc25ae93d418f22101d4,2,32768,descriptor_shape,gw_iso,success_fraction,24,a_minus_b,0.08333333333333333,0.0,0.20833333333333334,False,unadjusted 95 percent paired graph percentile bootstrap
study-cc25ae93d418f22101d4,2,32768,descriptor_shape,gw_iso,capped_target_shots,24,a_minus_b,-2730.6666666666665,-6826.666666666667,0.0,True,unadjusted 95 percent paired graph percentile bootstrap
study-cc25ae93d418f22101d4,2,32768,descriptor_shape,gw_iso,optimization_shots,24,a_minus_b,0.0,0.0,0.0,True,unadjusted 95 percent paired graph percentile bootstrap
study-cc25ae93d418f22101d4,2,32768,descriptor_shape,gw_iso,optimization_calls,24,a_minus_b,0.0,0.0,0.0,True,unadjusted 95 percent paired graph percentile bootstrap
study-cc25ae93d418f22101d4,2,32768,descriptor_shape,gw_iso,optimization_jobs,24,a_minus_b,0.0,0.0,0.0,True,unadjusted 95 percent paired graph percentile bootstrap
study-cc25ae93d418f22101d4,2,32768,descriptor_shape,gw_shape,objective,24,a_minus_b,-0.005216056226256968,-0.00842770841153303,-0.002348050111555906,True,unadjusted 95 percent paired graph percentile bootstrap
study-cc25ae93d418f22101d4,2,32768,descriptor_shape,gw_shape,expected_ratio,24,a_minus_b,0.006294201337330797,0.002802701369536215,0.01025380692371524,False,unadjusted 95 percent paired graph percentile bootstrap
study-cc25ae93d418f22101d4,2,32768,descriptor_shape,gw_shape,signed_reference_gap,24,a_minus_b,-0.005216056226256968,-0.008427708411533008,-0.0023480501115558973,True,unadjusted 95 percent paired graph percentile bootstrap
study-cc25ae93d418f22101d4,2,32768,descriptor_shape,gw_shape,success_fraction,24,a_minus_b,0.08333333333333333,0.0,0.20833333333333334,False,unadjusted 95 percent paired graph percentile bootstrap
study-cc25ae93d418f22101d4,2,32768,descriptor_shape,gw_shape,capped_target_shots,24,a_minus_b,-2730.6666666666665,-6826.666666666667,0.0,True,unadjusted 95 percent paired graph percentile bootstrap
study-cc25ae93d418f22101d4,2,32768,descriptor_shape,gw_shape,optimization_shots,24,a_minus_b,0.0,0.0,0.0,True,unadjusted 95 percent paired graph percentile bootstrap
study-cc25ae93d418f22101d4,2,32768,descriptor_shape,gw_shape,optimization_calls,24,a_minus_b,0.0,0.0,0.0,True,unadjusted 95 percent paired graph percentile bootstrap
study-cc25ae93d418f22101d4,2,32768,descriptor_shape,gw_shape,optimization_jobs,24,a_minus_b,0.0,0.0,0.0,True,unadjusted 95 percent paired graph percentile bootstrap
study-cc25ae93d418f22101d4,2,32768,descriptor_shape,local_iso,objective,24,a_minus_b,-0.010901701440887313,-0.015498314128155331,-0.006819997103648477,True,unadjusted 95 percent paired graph percentile bootstrap
study-cc25ae93d418f22101d4,2,32768,descriptor_shape,local_iso,expected_ratio,24,a_minus_b,0.014119063929012271,0.008584494745411052,0.020376968921007023,False,unadjusted 95 percent paired graph percentile bootstrap
study-cc25ae93d418f22101d4,2,32768,descriptor_shape,local_iso,signed_reference_gap,24,a_minus_b,-0.010901701440887299,-0.015498314128155326,-0.00681999710364845,True,unadjusted 95 percent paired graph percentile bootstrap
study-cc25ae93d418f22101d4,2,32768,descriptor_shape,local_iso,success_fraction,24,a_minus_b,0.16666666666666666,0.041666666666666664,0.3333333333333333,False,unadjusted 95 percent paired graph percentile bootstrap
study-cc25ae93d418f22101d4,2,32768,descriptor_shape,local_iso,capped_target_shots,24,a_minus_b,-5461.333333333333,-10922.666666666666,-1365.3333333333333,True,unadjusted 95 percent paired graph percentile bootstrap
study-cc25ae93d418f22101d4,2,32768,descriptor_shape,local_iso,optimization_shots,24,a_minus_b,0.0,0.0,0.0,True,unadjusted 95 percent paired graph percentile bootstrap
study-cc25ae93d418f22101d4,2,32768,descriptor_shape,local_iso,optimization_calls,24,a_minus_b,0.0,0.0,0.0,True,unadjusted 95 percent paired graph percentile bootstrap
study-cc25ae93d418f22101d4,2,32768,descriptor_shape,local_iso,optimization_jobs,24,a_minus_b,0.0,0.0,0.0,True,unadjusted 95 percent paired graph percentile bootstrap
study-cc25ae93d418f22101d4,2,32768,descriptor_shape,shuffled_gw,objective,24,a_minus_b,-0.01631246875426566,-0.03430299213418538,-0.004995055102462163,True,unadjusted 95 percent paired graph percentile bootstrap
study-cc25ae93d418f22101d4,2,32768,descriptor_shape,shuffled_gw,expected_ratio,24,a_minus_b,0.019814744699732392,0.006383119574344907,0.040662431502018606,False,unadjusted 95 percent paired graph percentile bootstrap
study-cc25ae93d418f22101d4,2,32768,descriptor_shape,shuffled_gw,signed_reference_gap,24,a_minus_b,-0.016312468754265657,-0.03430299213418537,-0.004995055102462159,True,unadjusted 95 percent paired graph percentile bootstrap
study-cc25ae93d418f22101d4,2,32768,descriptor_shape,shuffled_gw,success_fraction,24,a_minus_b,0.25,0.08333333333333333,0.4166666666666667,False,unadjusted 95 percent paired graph percentile bootstrap
study-cc25ae93d418f22101d4,2,32768,descriptor_shape,shuffled_gw,capped_target_shots,24,a_minus_b,-8192.0,-13653.333333333334,-2730.6666666666665,True,unadjusted 95 percent paired graph percentile bootstrap
study-cc25ae93d418f22101d4,2,32768,descriptor_shape,shuffled_gw,optimization_shots,24,a_minus_b,0.0,0.0,0.0,True,unadjusted 95 percent paired graph percentile bootstrap
study-cc25ae93d418f22101d4,2,32768,descriptor_shape,shuffled_gw,optimization_calls,24,a_minus_b,0.0,0.0,0.0,True,unadjusted 95 percent paired graph percentile bootstrap
study-cc25ae93d418f22101d4,2,32768,descriptor_shape,shuffled_gw,optimization_jobs,24,a_minus_b,0.0,0.0,0.0,True,unadjusted 95 percent paired graph percentile bootstrap
study-cc25ae93d418f22101d4,2,32768,descriptor_shape,bad_prior,objective,24,a_minus_b,-0.17565407281239634,-0.19974158637126224,-0.15032360508420362,True,unadjusted 95 percent paired graph percentile bootstrap
study-cc25ae93d418f22101d4,2,32768,descriptor_shape,bad_prior,expected_ratio,24,a_minus_b,0.2158758450593331,0.18744574236711664,0.24174125833143928,False,unadjusted 95 percent paired graph percentile bootstrap
study-cc25ae93d418f22101d4,2,32768,descriptor_shape,bad_prior,signed_reference_gap,24,a_minus_b,-0.1756540728123963,-0.19974158637126224,-0.1503236050842036,True,unadjusted 95 percent paired graph percentile bootstrap
study-cc25ae93d418f22101d4,2,32768,descriptor_shape,bad_prior,success_fraction,24,a_minus_b,1.0,1.0,1.0,False,unadjusted 95 percent paired graph percentile bootstrap
study-cc25ae93d418f22101d4,2,32768,descriptor_shape,bad_prior,capped_target_shots,24,a_minus_b,-32768.0,-32768.0,-32768.0,True,unadjusted 95 percent paired graph percentile bootstrap
study-cc25ae93d418f22101d4,2,32768,descriptor_shape,bad_prior,optimization_shots,24,a_minus_b,-42.666666666666664,-128.0,0.0,True,unadjusted 95 percent paired graph percentile bootstrap
study-cc25ae93d418f22101d4,2,32768,descriptor_shape,bad_prior,optimization_calls,24,a_minus_b,-0.3333333333333333,-1.0,0.0,True,unadjusted 95 percent paired graph percentile bootstrap
study-cc25ae93d418f22101d4,2,32768,descriptor_shape,bad_prior,optimization_jobs,24,a_minus_b,-0.08333333333333333,-0.25,0.0,True,unadjusted 95 percent paired graph percentile bootstrap
study-cc25ae93d418f22101d4,2,32768,descriptor_shape,no_repair,objective,24,a_minus_b,0.0,0.0,0.0,True,unadjusted 95 percent paired graph percentile bootstrap
study-cc25ae93d418f22101d4,2,32768,descriptor_shape,no_repair,expected_ratio,24,a_minus_b,0.0,0.0,0.0,False,unadjusted 95 percent paired graph percentile bootstrap
study-cc25ae93d418f22101d4,2,32768,descriptor_shape,no_repair,signed_reference_gap,24,a_minus_b,0.0,0.0,0.0,True,unadjusted 95 percent paired graph percentile bootstrap
study-cc25ae93d418f22101d4,2,32768,descriptor_shape,no_repair,success_fraction,24,a_minus_b,0.0,0.0,0.0,False,unadjusted 95 percent paired graph percentile bootstrap
study-cc25ae93d418f22101d4,2,32768,descriptor_shape,no_repair,capped_target_shots,24,a_minus_b,0.0,0.0,0.0,True,unadjusted 95 percent paired graph percentile bootstrap
study-cc25ae93d418f22101d4,2,32768,descriptor_shape,no_repair,optimization_shots,24,a_minus_b,0.0,0.0,0.0,True,unadjusted 95 percent paired graph percentile bootstrap
study-cc25ae93d418f22101d4,2,32768,descriptor_shape,no_repair,optimization_calls,24,a_minus_b,0.0,0.0,0.0,True,unadjusted 95 percent paired graph percentile bootstrap
study-cc25ae93d418f22101d4,2,32768,descriptor_shape,no_repair,optimization_jobs,24,a_minus_b,0.0,0.0,0.0,True,unadjusted 95 percent paired graph percentile bootstrap
study-cc25ae93d418f22101d4,2,32768,descriptor_shape,fixed_radius,objective,24,a_minus_b,0.0,0.0,0.0,True,unadjusted 95 percent paired graph percentile bootstrap
study-cc25ae93d418f22101d4,2,32768,descriptor_shape,fixed_radius,expected_ratio,24,a_minus_b,0.0,0.0,0.0,False,unadjusted 95 percent paired graph percentile bootstrap
study-cc25ae93d418f22101d4,2,32768,descriptor_shape,fixed_radius,signed_reference_gap,24,a_minus_b,0.0,0.0,0.0,True,unadjusted 95 percent paired graph percentile bootstrap
study-cc25ae93d418f22101d4,2,32768,descriptor_shape,fixed_radius,success_fraction,24,a_minus_b,0.0,0.0,0.0,False,unadjusted 95 percent paired graph percentile bootstrap
study-cc25ae93d418f22101d4,2,32768,descriptor_shape,fixed_radius,capped_target_shots,24,a_minus_b,0.0,0.0,0.0,True,unadjusted 95 percent paired graph percentile bootstrap
study-cc25ae93d418f22101d4,2,32768,descriptor_shape,fixed_radius,optimization_shots,24,a_minus_b,-789.3333333333334,-1088.0,-490.6666666666667,True,unadjusted 95 percent paired graph percentile bootstrap
study-cc25ae93d418f22101d4,2,32768,descriptor_shape,fixed_radius,optimization_calls,24,a_minus_b,-9.25,-12.75,-5.75,True,unadjusted 95 percent paired graph percentile bootstrap
study-cc25ae93d418f22101d4,2,32768,descriptor_shape,fixed_radius,optimization_jobs,24,a_minus_b,-3.0833333333333335,-4.25,-1.9166666666666667,True,unadjusted 95 percent paired graph percentile bootstrap
study-cc25ae93d418f22101d4,2,32768,descriptor_shape,fixed_shots,objective,24,a_minus_b,0.0,0.0,0.0,True,unadjusted 95 percent paired graph percentile bootstrap
study-cc25ae93d418f22101d4,2,32768,descriptor_shape,fixed_shots,expected_ratio,24,a_minus_b,0.0,0.0,0.0,False,unadjusted 95 percent paired graph percentile bootstrap
study-cc25ae93d418f22101d4,2,32768,descriptor_shape,fixed_shots,signed_reference_gap,24,a_minus_b,0.0,0.0,0.0,True,unadjusted 95 percent paired graph percentile bootstrap
study-cc25ae93d418f22101d4,2,32768,descriptor_shape,fixed_shots,success_fraction,24,a_minus_b,0.0,0.0,0.0,False,unadjusted 95 percent paired graph percentile bootstrap
study-cc25ae93d418f22101d4,2,32768,descriptor_shape,fixed_shots,capped_target_shots,24,a_minus_b,0.0,0.0,0.0,True,unadjusted 95 percent paired graph percentile bootstrap
study-cc25ae93d418f22101d4,2,32768,descriptor_shape,fixed_shots,optimization_shots,24,a_minus_b,29440.0,29440.0,29440.0,True,unadjusted 95 percent paired graph percentile bootstrap
study-cc25ae93d418f22101d4,2,32768,descriptor_shape,fixed_shots,optimization_calls,24,a_minus_b,31.0,31.0,31.0,True,unadjusted 95 percent paired graph percentile bootstrap
study-cc25ae93d418f22101d4,2,32768,descriptor_shape,fixed_shots,optimization_jobs,24,a_minus_b,11.0,11.0,11.0,True,unadjusted 95 percent paired graph percentile bootstrap
study-cc25ae93d418f22101d4,2,32768,descriptor_shape,cobyla,objective,24,a_minus_b,0.00041032762352541846,-0.0004306188703001544,0.001433830459731356,True,unadjusted 95 percent paired graph percentile bootstrap
study-cc25ae93d418f22101d4,2,32768,descriptor_shape,cobyla,expected_ratio,24,a_minus_b,-0.0006298557767493393,-0.0019630782404314664,0.0004492345069758635,False,unadjusted 95 percent paired graph percentile bootstrap
study-cc25ae93d418f22101d4,2,32768,descriptor_shape,cobyla,signed_reference_gap,24,a_minus_b,0.0004103276235254167,-0.00043061887030014447,0.0014338304597313607,True,unadjusted 95 percent paired graph percentile bootstrap
study-cc25ae93d418f22101d4,2,32768,descriptor_shape,cobyla,success_fraction,24,a_minus_b,0.0,0.0,0.0,False,unadjusted 95 percent paired graph percentile bootstrap
study-cc25ae93d418f22101d4,2,32768,descriptor_shape,cobyla,capped_target_shots,24,a_minus_b,0.0,0.0,0.0,True,unadjusted 95 percent paired graph percentile bootstrap
study-cc25ae93d418f22101d4,2,32768,descriptor_shape,cobyla,optimization_shots,24,a_minus_b,7438.222222222223,7025.777777777778,7850.666666666667,True,unadjusted 95 percent paired graph percentile bootstrap
study-cc25ae93d418f22101d4,2,32768,descriptor_shape,cobyla,optimization_calls,24,a_minus_b,13.263888888888891,12.861111111111109,13.666666666666666,True,unadjusted 95 percent paired graph percentile bootstrap
study-cc25ae93d418f22101d4,2,32768,descriptor_shape,cobyla,optimization_jobs,24,a_minus_b,-10.736111111111109,-11.138888888888891,-10.333333333333334,True,unadjusted 95 percent paired graph percentile bootstrap
study-cc25ae93d418f22101d4,2,32768,descriptor_shape,spsa,objective,24,a_minus_b,0.0014549278467442528,0.0008447391674131088,0.002180628518678984,True,unadjusted 95 percent paired graph percentile bootstrap
study-cc25ae93d418f22101d4,2,32768,descriptor_shape,spsa,expected_ratio,24,a_minus_b,-0.0019223710776159013,-0.002915079292035477,-0.0010815786392862027,False,unadjusted 95 percent paired graph percentile bootstrap
study-cc25ae93d418f22101d4,2,32768,descriptor_shape,spsa,signed_reference_gap,24,a_minus_b,0.0014549278467442695,0.0008447391674131094,0.0021806285186789904,True,unadjusted 95 percent paired graph percentile bootstrap
study-cc25ae93d418f22101d4,2,32768,descriptor_shape,spsa,success_fraction,24,a_minus_b,0.0,0.0,0.0,False,unadjusted 95 percent paired graph percentile bootstrap
study-cc25ae93d418f22101d4,2,32768,descriptor_shape,spsa,capped_target_shots,24,a_minus_b,0.0,0.0,0.0,True,unadjusted 95 percent paired graph percentile bootstrap
study-cc25ae93d418f22101d4,2,32768,descriptor_shape,spsa,optimization_shots,24,a_minus_b,0.0,0.0,0.0,True,unadjusted 95 percent paired graph percentile bootstrap
study-cc25ae93d418f22101d4,2,32768,descriptor_shape,spsa,optimization_calls,24,a_minus_b,6.0,6.0,6.0,True,unadjusted 95 percent paired graph percentile bootstrap
study-cc25ae93d418f22101d4,2,32768,descriptor_shape,spsa,optimization_jobs,24,a_minus_b,-8.0,-8.0,-8.0,True,unadjusted 95 percent paired graph percentile bootstrap
study-cc25ae93d418f22101d4,2,32768,gw_iso,gw_shape,objective,24,a_minus_b,0.0,0.0,0.0,True,unadjusted 95 percent paired graph percentile bootstrap
study-cc25ae93d418f22101d4,2,32768,gw_iso,gw_shape,expected_ratio,24,a_minus_b,0.0,0.0,0.0,False,unadjusted 95 percent paired graph percentile bootstrap
study-cc25ae93d418f22101d4,2,32768,gw_iso,gw_shape,signed_reference_gap,24,a_minus_b,0.0,0.0,0.0,True,unadjusted 95 percent paired graph percentile bootstrap
study-cc25ae93d418f22101d4,2,32768,gw_iso,gw_shape,success_fraction,24,a_minus_b,0.0,0.0,0.0,False,unadjusted 95 percent paired graph percentile bootstrap
study-cc25ae93d418f22101d4,2,32768,gw_iso,gw_shape,capped_target_shots,24,a_minus_b,0.0,0.0,0.0,True,unadjusted 95 percent paired graph percentile bootstrap
study-cc25ae93d418f22101d4,2,32768,gw_iso,gw_shape,optimization_shots,24,a_minus_b,0.0,0.0,0.0,True,unadjusted 95 percent paired graph percentile bootstrap
study-cc25ae93d418f22101d4,2,32768,gw_iso,gw_shape,optimization_calls,24,a_minus_b,0.0,0.0,0.0,True,unadjusted 95 percent paired graph percentile bootstrap
study-cc25ae93d418f22101d4,2,32768,gw_iso,gw_shape,optimization_jobs,24,a_minus_b,0.0,0.0,0.0,True,unadjusted 95 percent paired graph percentile bootstrap
study-cc25ae93d418f22101d4,2,32768,gw_iso,local_iso,objective,24,a_minus_b,-0.005685645214630344,-0.010432921213538724,-0.0009955543209773162,True,unadjusted 95 percent paired graph percentile bootstrap
study-cc25ae93d418f22101d4,2,32768,gw_iso,local_iso,expected_ratio,24,a_minus_b,0.007824862591681475,0.0018381158793600457,0.014038897402767297,False,unadjusted 95 percent paired graph percentile bootstrap
study-cc25ae93d418f22101d4,2,32768,gw_iso,local_iso,signed_reference_gap,24,a_minus_b,-0.0056856452146303305,-0.010432921213538705,-0.000995554320977294,True,unadjusted 95 percent paired graph percentile bootstrap
study-cc25ae93d418f22101d4,2,32768,gw_iso,local_iso,success_fraction,24,a_minus_b,0.08333333333333333,-0.08333333333333333,0.25,False,unadjusted 95 percent paired graph percentile bootstrap
study-cc25ae93d418f22101d4,2,32768,gw_iso,local_iso,capped_target_shots,24,a_minus_b,-2730.6666666666665,-8192.0,2730.6666666666665,True,unadjusted 95 percent paired graph percentile bootstrap
study-cc25ae93d418f22101d4,2,32768,gw_iso,local_iso,optimization_shots,24,a_minus_b,0.0,0.0,0.0,True,unadjusted 95 percent paired graph percentile bootstrap
study-cc25ae93d418f22101d4,2,32768,gw_iso,local_iso,optimization_calls,24,a_minus_b,0.0,0.0,0.0,True,unadjusted 95 percent paired graph percentile bootstrap
study-cc25ae93d418f22101d4,2,32768,gw_iso,local_iso,optimization_jobs,24,a_minus_b,0.0,0.0,0.0,True,unadjusted 95 percent paired graph percentile bootstrap
study-cc25ae93d418f22101d4,2,32768,gw_iso,shuffled_gw,objective,24,a_minus_b,-0.011096412528008692,-0.029027506107217237,0.00015895951405421276,True,unadjusted 95 percent paired graph percentile bootstrap
study-cc25ae93d418f22101d4,2,32768,gw_iso,shuffled_gw,expected_ratio,24,a_minus_b,0.013520543362401596,0.00036808749940101475,0.03418357583571241,False,unadjusted 95 percent paired graph percentile bootstrap
study-cc25ae93d418f22101d4,2,32768,gw_iso,shuffled_gw,signed_reference_gap,24,a_minus_b,-0.011096412528008687,-0.029027506107217226,0.00015895951405421252,True,unadjusted 95 percent paired graph percentile bootstrap
study-cc25ae93d418f22101d4,2,32768,gw_iso,shuffled_gw,success_fraction,24,a_minus_b,0.16666666666666666,0.0,0.375,False,unadjusted 95 percent paired graph percentile bootstrap
study-cc25ae93d418f22101d4,2,32768,gw_iso,shuffled_gw,capped_target_shots,24,a_minus_b,-5461.333333333333,-12288.0,0.0,True,unadjusted 95 percent paired graph percentile bootstrap
study-cc25ae93d418f22101d4,2,32768,gw_iso,shuffled_gw,optimization_shots,24,a_minus_b,0.0,0.0,0.0,True,unadjusted 95 percent paired graph percentile bootstrap
study-cc25ae93d418f22101d4,2,32768,gw_iso,shuffled_gw,optimization_calls,24,a_minus_b,0.0,0.0,0.0,True,unadjusted 95 percent paired graph percentile bootstrap
study-cc25ae93d418f22101d4,2,32768,gw_iso,shuffled_gw,optimization_jobs,24,a_minus_b,0.0,0.0,0.0,True,unadjusted 95 percent paired graph percentile bootstrap
study-cc25ae93d418f22101d4,2,32768,gw_iso,bad_prior,objective,24,a_minus_b,-0.17043801658613936,-0.19389716496950027,-0.1454274934383178,True,unadjusted 95 percent paired graph percentile bootstrap
study-cc25ae93d418f22101d4,2,32768,gw_iso,bad_prior,expected_ratio,24,a_minus_b,0.2095816437220023,0.18125198624200115,0.23516477419073328,False,unadjusted 95 percent paired graph percentile bootstrap
study-cc25ae93d418f22101d4,2,32768,gw_iso,bad_prior,signed_reference_gap,24,a_minus_b,-0.17043801658613936,-0.19389716496950027,-0.14542749343831773,True,unadjusted 95 percent paired graph percentile bootstrap
study-cc25ae93d418f22101d4,2,32768,gw_iso,bad_prior,success_fraction,24,a_minus_b,0.9166666666666666,0.7916666666666666,1.0,False,unadjusted 95 percent paired graph percentile bootstrap
study-cc25ae93d418f22101d4,2,32768,gw_iso,bad_prior,capped_target_shots,24,a_minus_b,-30037.333333333332,-32768.0,-25941.333333333332,True,unadjusted 95 percent paired graph percentile bootstrap
study-cc25ae93d418f22101d4,2,32768,gw_iso,bad_prior,optimization_shots,24,a_minus_b,-42.666666666666664,-128.0,0.0,True,unadjusted 95 percent paired graph percentile bootstrap
study-cc25ae93d418f22101d4,2,32768,gw_iso,bad_prior,optimization_calls,24,a_minus_b,-0.3333333333333333,-1.0,0.0,True,unadjusted 95 percent paired graph percentile bootstrap
study-cc25ae93d418f22101d4,2,32768,gw_iso,bad_prior,optimization_jobs,24,a_minus_b,-0.08333333333333333,-0.25,0.0,True,unadjusted 95 percent paired graph percentile bootstrap
study-cc25ae93d418f22101d4,2,32768,gw_iso,no_repair,objective,24,a_minus_b,0.005216056226256968,0.002348050111555906,0.00842770841153303,True,unadjusted 95 percent paired graph percentile bootstrap
study-cc25ae93d418f22101d4,2,32768,gw_iso,no_repair,expected_ratio,24,a_minus_b,-0.006294201337330797,-0.010253806923715242,-0.0028027013695362153,False,unadjusted 95 percent paired graph percentile bootstrap
study-cc25ae93d418f22101d4,2,32768,gw_iso,no_repair,signed_reference_gap,24,a_minus_b,0.005216056226256968,0.002348050111555897,0.008427708411533008,True,unadjusted 95 percent paired graph percentile bootstrap
study-cc25ae93d418f22101d4,2,32768,gw_iso,no_repair,success_fraction,24,a_minus_b,-0.08333333333333333,-0.20833333333333334,0.0,False,unadjusted 95 percent paired graph percentile bootstrap
study-cc25ae93d418f22101d4,2,32768,gw_iso,no_repair,capped_target_shots,24,a_minus_b,2730.6666666666665,0.0,6826.666666666667,True,unadjusted 95 percent paired graph percentile bootstrap
study-cc25ae93d418f22101d4,2,32768,gw_iso,no_repair,optimization_shots,24,a_minus_b,0.0,0.0,0.0,True,unadjusted 95 percent paired graph percentile bootstrap
study-cc25ae93d418f22101d4,2,32768,gw_iso,no_repair,optimization_calls,24,a_minus_b,0.0,0.0,0.0,True,unadjusted 95 percent paired graph percentile bootstrap
study-cc25ae93d418f22101d4,2,32768,gw_iso,no_repair,optimization_jobs,24,a_minus_b,0.0,0.0,0.0,True,unadjusted 95 percent paired graph percentile bootstrap
study-cc25ae93d418f22101d4,2,32768,gw_iso,fixed_radius,objective,24,a_minus_b,0.005216056226256968,0.002348050111555906,0.00842770841153303,True,unadjusted 95 percent paired graph percentile bootstrap
study-cc25ae93d418f22101d4,2,32768,gw_iso,fixed_radius,expected_ratio,24,a_minus_b,-0.006294201337330797,-0.010253806923715242,-0.0028027013695362153,False,unadjusted 95 percent paired graph percentile bootstrap
study-cc25ae93d418f22101d4,2,32768,gw_iso,fixed_radius,signed_reference_gap,24,a_minus_b,0.005216056226256968,0.002348050111555897,0.008427708411533008,True,unadjusted 95 percent paired graph percentile bootstrap
study-cc25ae93d418f22101d4,2,32768,gw_iso,fixed_radius,success_fraction,24,a_minus_b,-0.08333333333333333,-0.20833333333333334,0.0,False,unadjusted 95 percent paired graph percentile bootstrap
study-cc25ae93d418f22101d4,2,32768,gw_iso,fixed_radius,capped_target_shots,24,a_minus_b,2730.6666666666665,0.0,6826.666666666667,True,unadjusted 95 percent paired graph percentile bootstrap
study-cc25ae93d418f22101d4,2,32768,gw_iso,fixed_radius,optimization_shots,24,a_minus_b,-789.3333333333334,-1088.0,-490.6666666666667,True,unadjusted 95 percent paired graph percentile bootstrap
study-cc25ae93d418f22101d4,2,32768,gw_iso,fixed_radius,optimization_calls,24,a_minus_b,-9.25,-12.75,-5.75,True,unadjusted 95 percent paired graph percentile bootstrap
study-cc25ae93d418f22101d4,2,32768,gw_iso,fixed_radius,optimization_jobs,24,a_minus_b,-3.0833333333333335,-4.25,-1.9166666666666667,True,unadjusted 95 percent paired graph percentile bootstrap
study-cc25ae93d418f22101d4,2,32768,gw_iso,fixed_shots,objective,24,a_minus_b,0.005216056226256968,0.002348050111555906,0.00842770841153303,True,unadjusted 95 percent paired graph percentile bootstrap
study-cc25ae93d418f22101d4,2,32768,gw_iso,fixed_shots,expected_ratio,24,a_minus_b,-0.006294201337330797,-0.010253806923715242,-0.0028027013695362153,False,unadjusted 95 percent paired graph percentile bootstrap
study-cc25ae93d418f22101d4,2,32768,gw_iso,fixed_shots,signed_reference_gap,24,a_minus_b,0.005216056226256968,0.002348050111555897,0.008427708411533008,True,unadjusted 95 percent paired graph percentile bootstrap
study-cc25ae93d418f22101d4,2,32768,gw_iso,fixed_shots,success_fraction,24,a_minus_b,-0.08333333333333333,-0.20833333333333334,0.0,False,unadjusted 95 percent paired graph percentile bootstrap
study-cc25ae93d418f22101d4,2,32768,gw_iso,fixed_shots,capped_target_shots,24,a_minus_b,2730.6666666666665,0.0,6826.666666666667,True,unadjusted 95 percent paired graph percentile bootstrap
study-cc25ae93d418f22101d4,2,32768,gw_iso,fixed_shots,optimization_shots,24,a_minus_b,29440.0,29440.0,29440.0,True,unadjusted 95 percent paired graph percentile bootstrap
study-cc25ae93d418f22101d4,2,32768,gw_iso,fixed_shots,optimization_calls,24,a_minus_b,31.0,31.0,31.0,True,unadjusted 95 percent paired graph percentile bootstrap
study-cc25ae93d418f22101d4,2,32768,gw_iso,fixed_shots,optimization_jobs,24,a_minus_b,11.0,11.0,11.0,True,unadjusted 95 percent paired graph percentile bootstrap
study-cc25ae93d418f22101d4,2,32768,gw_iso,cobyla,objective,24,a_minus_b,0.005626383849782386,0.002519237718045131,0.009311519196693381,True,unadjusted 95 percent paired graph percentile bootstrap
study-cc25ae93d418f22101d4,2,32768,gw_iso,cobyla,expected_ratio,24,a_minus_b,-0.006924057114080136,-0.01163793373724971,-0.0030544904402587504,False,unadjusted 95 percent paired graph percentile bootstrap
study-cc25ae93d418f22101d4,2,32768,gw_iso,cobyla,signed_reference_gap,24,a_minus_b,0.005626383849782385,0.002519237718045127,0.009311519196693357,True,unadjusted 95 percent paired graph percentile bootstrap
study-cc25ae93d418f22101d4,2,32768,gw_iso,cobyla,success_fraction,24,a_minus_b,-0.08333333333333333,-0.20833333333333334,0.0,False,unadjusted 95 percent paired graph percentile bootstrap
study-cc25ae93d418f22101d4,2,32768,gw_iso,cobyla,capped_target_shots,24,a_minus_b,2730.6666666666665,0.0,6826.666666666667,True,unadjusted 95 percent paired graph percentile bootstrap
study-cc25ae93d418f22101d4,2,32768,gw_iso,cobyla,optimization_shots,24,a_minus_b,7438.222222222223,7025.777777777778,7850.666666666667,True,unadjusted 95 percent paired graph percentile bootstrap
study-cc25ae93d418f22101d4,2,32768,gw_iso,cobyla,optimization_calls,24,a_minus_b,13.263888888888891,12.861111111111109,13.666666666666666,True,unadjusted 95 percent paired graph percentile bootstrap
study-cc25ae93d418f22101d4,2,32768,gw_iso,cobyla,optimization_jobs,24,a_minus_b,-10.736111111111109,-11.138888888888891,-10.333333333333334,True,unadjusted 95 percent paired graph percentile bootstrap
study-cc25ae93d418f22101d4,2,32768,gw_iso,spsa,objective,24,a_minus_b,0.006670984073001221,0.0035866755938785406,0.010168078508920507,True,unadjusted 95 percent paired graph percentile bootstrap
study-cc25ae93d418f22101d4,2,32768,gw_iso,spsa,expected_ratio,24,a_minus_b,-0.008216572414946699,-0.012593264025661702,-0.0043991581745788195,False,unadjusted 95 percent paired graph percentile bootstrap
study-cc25ae93d418f22101d4,2,32768,gw_iso,spsa,signed_reference_gap,24,a_minus_b,0.006670984073001238,0.003586675593878567,0.010168078508920519,True,unadjusted 95 percent paired graph percentile bootstrap
study-cc25ae93d418f22101d4,2,32768,gw_iso,spsa,success_fraction,24,a_minus_b,-0.08333333333333333,-0.20833333333333334,0.0,False,unadjusted 95 percent paired graph percentile bootstrap
study-cc25ae93d418f22101d4,2,32768,gw_iso,spsa,capped_target_shots,24,a_minus_b,2730.6666666666665,0.0,6826.666666666667,True,unadjusted 95 percent paired graph percentile bootstrap
study-cc25ae93d418f22101d4,2,32768,gw_iso,spsa,optimization_shots,24,a_minus_b,0.0,0.0,0.0,True,unadjusted 95 percent paired graph percentile bootstrap
study-cc25ae93d418f22101d4,2,32768,gw_iso,spsa,optimization_calls,24,a_minus_b,6.0,6.0,6.0,True,unadjusted 95 percent paired graph percentile bootstrap
study-cc25ae93d418f22101d4,2,32768,gw_iso,spsa,optimization_jobs,24,a_minus_b,-8.0,-8.0,-8.0,True,unadjusted 95 percent paired graph percentile bootstrap
study-cc25ae93d418f22101d4,2,32768,gw_shape,local_iso,objective,24,a_minus_b,-0.005685645214630344,-0.010432921213538724,-0.0009955543209773162,True,unadjusted 95 percent paired graph percentile bootstrap
study-cc25ae93d418f22101d4,2,32768,gw_shape,local_iso,expected_ratio,24,a_minus_b,0.007824862591681475,0.0018381158793600457,0.014038897402767297,False,unadjusted 95 percent paired graph percentile bootstrap
study-cc25ae93d418f22101d4,2,32768,gw_shape,local_iso,signed_reference_gap,24,a_minus_b,-0.0056856452146303305,-0.010432921213538705,-0.000995554320977294,True,unadjusted 95 percent paired graph percentile bootstrap
study-cc25ae93d418f22101d4,2,32768,gw_shape,local_iso,success_fraction,24,a_minus_b,0.08333333333333333,-0.08333333333333333,0.25,False,unadjusted 95 percent paired graph percentile bootstrap
study-cc25ae93d418f22101d4,2,32768,gw_shape,local_iso,capped_target_shots,24,a_minus_b,-2730.6666666666665,-8192.0,2730.6666666666665,True,unadjusted 95 percent paired graph percentile bootstrap
study-cc25ae93d418f22101d4,2,32768,gw_shape,local_iso,optimization_shots,24,a_minus_b,0.0,0.0,0.0,True,unadjusted 95 percent paired graph percentile bootstrap
study-cc25ae93d418f22101d4,2,32768,gw_shape,local_iso,optimization_calls,24,a_minus_b,0.0,0.0,0.0,True,unadjusted 95 percent paired graph percentile bootstrap
study-cc25ae93d418f22101d4,2,32768,gw_shape,local_iso,optimization_jobs,24,a_minus_b,0.0,0.0,0.0,True,unadjusted 95 percent paired graph percentile bootstrap
study-cc25ae93d418f22101d4,2,32768,gw_shape,shuffled_gw,objective,24,a_minus_b,-0.011096412528008692,-0.029027506107217237,0.00015895951405421276,True,unadjusted 95 percent paired graph percentile bootstrap
study-cc25ae93d418f22101d4,2,32768,gw_shape,shuffled_gw,expected_ratio,24,a_minus_b,0.013520543362401596,0.00036808749940101475,0.03418357583571241,False,unadjusted 95 percent paired graph percentile bootstrap
study-cc25ae93d418f22101d4,2,32768,gw_shape,shuffled_gw,signed_reference_gap,24,a_minus_b,-0.011096412528008687,-0.029027506107217226,0.00015895951405421252,True,unadjusted 95 percent paired graph percentile bootstrap
study-cc25ae93d418f22101d4,2,32768,gw_shape,shuffled_gw,success_fraction,24,a_minus_b,0.16666666666666666,0.0,0.375,False,unadjusted 95 percent paired graph percentile bootstrap
study-cc25ae93d418f22101d4,2,32768,gw_shape,shuffled_gw,capped_target_shots,24,a_minus_b,-5461.333333333333,-12288.0,0.0,True,unadjusted 95 percent paired graph percentile bootstrap
study-cc25ae93d418f22101d4,2,32768,gw_shape,shuffled_gw,optimization_shots,24,a_minus_b,0.0,0.0,0.0,True,unadjusted 95 percent paired graph percentile bootstrap
study-cc25ae93d418f22101d4,2,32768,gw_shape,shuffled_gw,optimization_calls,24,a_minus_b,0.0,0.0,0.0,True,unadjusted 95 percent paired graph percentile bootstrap
study-cc25ae93d418f22101d4,2,32768,gw_shape,shuffled_gw,optimization_jobs,24,a_minus_b,0.0,0.0,0.0,True,unadjusted 95 percent paired graph percentile bootstrap
study-cc25ae93d418f22101d4,2,32768,gw_shape,bad_prior,objective,24,a_minus_b,-0.17043801658613936,-0.19389716496950027,-0.1454274934383178,True,unadjusted 95 percent paired graph percentile bootstrap
study-cc25ae93d418f22101d4,2,32768,gw_shape,bad_prior,expected_ratio,24,a_minus_b,0.2095816437220023,0.18125198624200115,0.23516477419073328,False,unadjusted 95 percent paired graph percentile bootstrap
study-cc25ae93d418f22101d4,2,32768,gw_shape,bad_prior,signed_reference_gap,24,a_minus_b,-0.17043801658613936,-0.19389716496950027,-0.14542749343831773,True,unadjusted 95 percent paired graph percentile bootstrap
study-cc25ae93d418f22101d4,2,32768,gw_shape,bad_prior,success_fraction,24,a_minus_b,0.9166666666666666,0.7916666666666666,1.0,False,unadjusted 95 percent paired graph percentile bootstrap
study-cc25ae93d418f22101d4,2,32768,gw_shape,bad_prior,capped_target_shots,24,a_minus_b,-30037.333333333332,-32768.0,-25941.333333333332,True,unadjusted 95 percent paired graph percentile bootstrap
study-cc25ae93d418f22101d4,2,32768,gw_shape,bad_prior,optimization_shots,24,a_minus_b,-42.666666666666664,-128.0,0.0,True,unadjusted 95 percent paired graph percentile bootstrap
study-cc25ae93d418f22101d4,2,32768,gw_shape,bad_prior,optimization_calls,24,a_minus_b,-0.3333333333333333,-1.0,0.0,True,unadjusted 95 percent paired graph percentile bootstrap
study-cc25ae93d418f22101d4,2,32768,gw_shape,bad_prior,optimization_jobs,24,a_minus_b,-0.08333333333333333,-0.25,0.0,True,unadjusted 95 percent paired graph percentile bootstrap
study-cc25ae93d418f22101d4,2,32768,gw_shape,no_repair,objective,24,a_minus_b,0.005216056226256968,0.002348050111555906,0.00842770841153303,True,unadjusted 95 percent paired graph percentile bootstrap
study-cc25ae93d418f22101d4,2,32768,gw_shape,no_repair,expected_ratio,24,a_minus_b,-0.006294201337330797,-0.010253806923715242,-0.0028027013695362153,False,unadjusted 95 percent paired graph percentile bootstrap
study-cc25ae93d418f22101d4,2,32768,gw_shape,no_repair,signed_reference_gap,24,a_minus_b,0.005216056226256968,0.002348050111555897,0.008427708411533008,True,unadjusted 95 percent paired graph percentile bootstrap
study-cc25ae93d418f22101d4,2,32768,gw_shape,no_repair,success_fraction,24,a_minus_b,-0.08333333333333333,-0.20833333333333334,0.0,False,unadjusted 95 percent paired graph percentile bootstrap
study-cc25ae93d418f22101d4,2,32768,gw_shape,no_repair,capped_target_shots,24,a_minus_b,2730.6666666666665,0.0,6826.666666666667,True,unadjusted 95 percent paired graph percentile bootstrap
study-cc25ae93d418f22101d4,2,32768,gw_shape,no_repair,optimization_shots,24,a_minus_b,0.0,0.0,0.0,True,unadjusted 95 percent paired graph percentile bootstrap
study-cc25ae93d418f22101d4,2,32768,gw_shape,no_repair,optimization_calls,24,a_minus_b,0.0,0.0,0.0,True,unadjusted 95 percent paired graph percentile bootstrap
study-cc25ae93d418f22101d4,2,32768,gw_shape,no_repair,optimization_jobs,24,a_minus_b,0.0,0.0,0.0,True,unadjusted 95 percent paired graph percentile bootstrap
study-cc25ae93d418f22101d4,2,32768,gw_shape,fixed_radius,objective,24,a_minus_b,0.005216056226256968,0.002348050111555906,0.00842770841153303,True,unadjusted 95 percent paired graph percentile bootstrap
study-cc25ae93d418f22101d4,2,32768,gw_shape,fixed_radius,expected_ratio,24,a_minus_b,-0.006294201337330797,-0.010253806923715242,-0.0028027013695362153,False,unadjusted 95 percent paired graph percentile bootstrap
study-cc25ae93d418f22101d4,2,32768,gw_shape,fixed_radius,signed_reference_gap,24,a_minus_b,0.005216056226256968,0.002348050111555897,0.008427708411533008,True,unadjusted 95 percent paired graph percentile bootstrap
study-cc25ae93d418f22101d4,2,32768,gw_shape,fixed_radius,success_fraction,24,a_minus_b,-0.08333333333333333,-0.20833333333333334,0.0,False,unadjusted 95 percent paired graph percentile bootstrap
study-cc25ae93d418f22101d4,2,32768,gw_shape,fixed_radius,capped_target_shots,24,a_minus_b,2730.6666666666665,0.0,6826.666666666667,True,unadjusted 95 percent paired graph percentile bootstrap
study-cc25ae93d418f22101d4,2,32768,gw_shape,fixed_radius,optimization_shots,24,a_minus_b,-789.3333333333334,-1088.0,-490.6666666666667,True,unadjusted 95 percent paired graph percentile bootstrap
study-cc25ae93d418f22101d4,2,32768,gw_shape,fixed_radius,optimization_calls,24,a_minus_b,-9.25,-12.75,-5.75,True,unadjusted 95 percent paired graph percentile bootstrap
study-cc25ae93d418f22101d4,2,32768,gw_shape,fixed_radius,optimization_jobs,24,a_minus_b,-3.0833333333333335,-4.25,-1.9166666666666667,True,unadjusted 95 percent paired graph percentile bootstrap
study-cc25ae93d418f22101d4,2,32768,gw_shape,fixed_shots,objective,24,a_minus_b,0.005216056226256968,0.002348050111555906,0.00842770841153303,True,unadjusted 95 percent paired graph percentile bootstrap
study-cc25ae93d418f22101d4,2,32768,gw_shape,fixed_shots,expected_ratio,24,a_minus_b,-0.006294201337330797,-0.010253806923715242,-0.0028027013695362153,False,unadjusted 95 percent paired graph percentile bootstrap
study-cc25ae93d418f22101d4,2,32768,gw_shape,fixed_shots,signed_reference_gap,24,a_minus_b,0.005216056226256968,0.002348050111555897,0.008427708411533008,True,unadjusted 95 percent paired graph percentile bootstrap
study-cc25ae93d418f22101d4,2,32768,gw_shape,fixed_shots,success_fraction,24,a_minus_b,-0.08333333333333333,-0.20833333333333334,0.0,False,unadjusted 95 percent paired graph percentile bootstrap
study-cc25ae93d418f22101d4,2,32768,gw_shape,fixed_shots,capped_target_shots,24,a_minus_b,2730.6666666666665,0.0,6826.666666666667,True,unadjusted 95 percent paired graph percentile bootstrap
study-cc25ae93d418f22101d4,2,32768,gw_shape,fixed_shots,optimization_shots,24,a_minus_b,29440.0,29440.0,29440.0,True,unadjusted 95 percent paired graph percentile bootstrap
study-cc25ae93d418f22101d4,2,32768,gw_shape,fixed_shots,optimization_calls,24,a_minus_b,31.0,31.0,31.0,True,unadjusted 95 percent paired graph percentile bootstrap
study-cc25ae93d418f22101d4,2,32768,gw_shape,fixed_shots,optimization_jobs,24,a_minus_b,11.0,11.0,11.0,True,unadjusted 95 percent paired graph percentile bootstrap
study-cc25ae93d418f22101d4,2,32768,gw_shape,cobyla,objective,24,a_minus_b,0.005626383849782386,0.002519237718045131,0.009311519196693381,True,unadjusted 95 percent paired graph percentile bootstrap
study-cc25ae93d418f22101d4,2,32768,gw_shape,cobyla,expected_ratio,24,a_minus_b,-0.006924057114080136,-0.01163793373724971,-0.0030544904402587504,False,unadjusted 95 percent paired graph percentile bootstrap
study-cc25ae93d418f22101d4,2,32768,gw_shape,cobyla,signed_reference_gap,24,a_minus_b,0.005626383849782385,0.002519237718045127,0.009311519196693357,True,unadjusted 95 percent paired graph percentile bootstrap
study-cc25ae93d418f22101d4,2,32768,gw_shape,cobyla,success_fraction,24,a_minus_b,-0.08333333333333333,-0.20833333333333334,0.0,False,unadjusted 95 percent paired graph percentile bootstrap
study-cc25ae93d418f22101d4,2,32768,gw_shape,cobyla,capped_target_shots,24,a_minus_b,2730.6666666666665,0.0,6826.666666666667,True,unadjusted 95 percent paired graph percentile bootstrap
study-cc25ae93d418f22101d4,2,32768,gw_shape,cobyla,optimization_shots,24,a_minus_b,7438.222222222223,7025.777777777778,7850.666666666667,True,unadjusted 95 percent paired graph percentile bootstrap
study-cc25ae93d418f22101d4,2,32768,gw_shape,cobyla,optimization_calls,24,a_minus_b,13.263888888888891,12.861111111111109,13.666666666666666,True,unadjusted 95 percent paired graph percentile bootstrap
study-cc25ae93d418f22101d4,2,32768,gw_shape,cobyla,optimization_jobs,24,a_minus_b,-10.736111111111109,-11.138888888888891,-10.333333333333334,True,unadjusted 95 percent paired graph percentile bootstrap
study-cc25ae93d418f22101d4,2,32768,gw_shape,spsa,objective,24,a_minus_b,0.006670984073001221,0.0035866755938785406,0.010168078508920507,True,unadjusted 95 percent paired graph percentile bootstrap
study-cc25ae93d418f22101d4,2,32768,gw_shape,spsa,expected_ratio,24,a_minus_b,-0.008216572414946699,-0.012593264025661702,-0.0043991581745788195,False,unadjusted 95 percent paired graph percentile bootstrap
study-cc25ae93d418f22101d4,2,32768,gw_shape,spsa,signed_reference_gap,24,a_minus_b,0.006670984073001238,0.003586675593878567,0.010168078508920519,True,unadjusted 95 percent paired graph percentile bootstrap
study-cc25ae93d418f22101d4,2,32768,gw_shape,spsa,success_fraction,24,a_minus_b,-0.08333333333333333,-0.20833333333333334,0.0,False,unadjusted 95 percent paired graph percentile bootstrap
study-cc25ae93d418f22101d4,2,32768,gw_shape,spsa,capped_target_shots,24,a_minus_b,2730.6666666666665,0.0,6826.666666666667,True,unadjusted 95 percent paired graph percentile bootstrap
study-cc25ae93d418f22101d4,2,32768,gw_shape,spsa,optimization_shots,24,a_minus_b,0.0,0.0,0.0,True,unadjusted 95 percent paired graph percentile bootstrap
study-cc25ae93d418f22101d4,2,32768,gw_shape,spsa,optimization_calls,24,a_minus_b,6.0,6.0,6.0,True,unadjusted 95 percent paired graph percentile bootstrap
study-cc25ae93d418f22101d4,2,32768,gw_shape,spsa,optimization_jobs,24,a_minus_b,-8.0,-8.0,-8.0,True,unadjusted 95 percent paired graph percentile bootstrap
study-cc25ae93d418f22101d4,2,32768,local_iso,shuffled_gw,objective,24,a_minus_b,-0.005410767313378348,-0.023389565886735957,0.005595582784268057,True,unadjusted 95 percent paired graph percentile bootstrap
study-cc25ae93d418f22101d4,2,32768,local_iso,shuffled_gw,expected_ratio,24,a_minus_b,0.005695680770720121,-0.0072808294929617694,0.026505199316872067,False,unadjusted 95 percent paired graph percentile bootstrap
study-cc25ae93d418f22101d4,2,32768,local_iso,shuffled_gw,signed_reference_gap,24,a_minus_b,-0.0054107673133783575,-0.023389565886735946,0.00559558278426807,True,unadjusted 95 percent paired graph percentile bootstrap
study-cc25ae93d418f22101d4,2,32768,local_iso,shuffled_gw,success_fraction,24,a_minus_b,0.08333333333333333,-0.08333333333333333,0.25,False,unadjusted 95 percent paired graph percentile bootstrap
study-cc25ae93d418f22101d4,2,32768,local_iso,shuffled_gw,capped_target_shots,24,a_minus_b,-2730.6666666666665,-8192.0,2730.6666666666665,True,unadjusted 95 percent paired graph percentile bootstrap
study-cc25ae93d418f22101d4,2,32768,local_iso,shuffled_gw,optimization_shots,24,a_minus_b,0.0,0.0,0.0,True,unadjusted 95 percent paired graph percentile bootstrap
study-cc25ae93d418f22101d4,2,32768,local_iso,shuffled_gw,optimization_calls,24,a_minus_b,0.0,0.0,0.0,True,unadjusted 95 percent paired graph percentile bootstrap
study-cc25ae93d418f22101d4,2,32768,local_iso,shuffled_gw,optimization_jobs,24,a_minus_b,0.0,0.0,0.0,True,unadjusted 95 percent paired graph percentile bootstrap
study-cc25ae93d418f22101d4,2,32768,local_iso,bad_prior,objective,24,a_minus_b,-0.16475237137150903,-0.19075461139405042,-0.13770914348757157,True,unadjusted 95 percent paired graph percentile bootstrap
study-cc25ae93d418f22101d4,2,32768,local_iso,bad_prior,expected_ratio,24,a_minus_b,0.20175678113032083,0.17165880871847997,0.22974808143652695,False,unadjusted 95 percent paired graph percentile bootstrap
study-cc25ae93d418f22101d4,2,32768,local_iso,bad_prior,signed_reference_gap,24,a_minus_b,-0.16475237137150903,-0.19075461139405042,-0.13770914348757157,True,unadjusted 95 percent paired graph percentile bootstrap
study-cc25ae93d418f22101d4,2,32768,local_iso,bad_prior,success_fraction,24,a_minus_b,0.8333333333333334,0.6666666666666666,0.9583333333333334,False,unadjusted 95 percent paired graph percentile bootstrap
study-cc25ae93d418f22101d4,2,32768,local_iso,bad_prior,capped_target_shots,24,a_minus_b,-27306.666666666668,-31402.666666666668,-21845.333333333332,True,unadjusted 95 percent paired graph percentile bootstrap
study-cc25ae93d418f22101d4,2,32768,local_iso,bad_prior,optimization_shots,24,a_minus_b,-42.666666666666664,-128.0,0.0,True,unadjusted 95 percent paired graph percentile bootstrap
study-cc25ae93d418f22101d4,2,32768,local_iso,bad_prior,optimization_calls,24,a_minus_b,-0.3333333333333333,-1.0,0.0,True,unadjusted 95 percent paired graph percentile bootstrap
study-cc25ae93d418f22101d4,2,32768,local_iso,bad_prior,optimization_jobs,24,a_minus_b,-0.08333333333333333,-0.25,0.0,True,unadjusted 95 percent paired graph percentile bootstrap
study-cc25ae93d418f22101d4,2,32768,local_iso,no_repair,objective,24,a_minus_b,0.010901701440887313,0.0068199971036484765,0.015498314128155328,True,unadjusted 95 percent paired graph percentile bootstrap
study-cc25ae93d418f22101d4,2,32768,local_iso,no_repair,expected_ratio,24,a_minus_b,-0.014119063929012271,-0.020376968921007023,-0.008584494745411054,False,unadjusted 95 percent paired graph percentile bootstrap
study-cc25ae93d418f22101d4,2,32768,local_iso,no_repair,signed_reference_gap,24,a_minus_b,0.010901701440887299,0.006819997103648449,0.015498314128155322,True,unadjusted 95 percent paired graph percentile bootstrap
study-cc25ae93d418f22101d4,2,32768,local_iso,no_repair,success_fraction,24,a_minus_b,-0.16666666666666666,-0.3333333333333333,-0.041666666666666664,False,unadjusted 95 percent paired graph percentile bootstrap
study-cc25ae93d418f22101d4,2,32768,local_iso,no_repair,capped_target_shots,24,a_minus_b,5461.333333333333,1365.3333333333333,10922.666666666666,True,unadjusted 95 percent paired graph percentile bootstrap
study-cc25ae93d418f22101d4,2,32768,local_iso,no_repair,optimization_shots,24,a_minus_b,0.0,0.0,0.0,True,unadjusted 95 percent paired graph percentile bootstrap
study-cc25ae93d418f22101d4,2,32768,local_iso,no_repair,optimization_calls,24,a_minus_b,0.0,0.0,0.0,True,unadjusted 95 percent paired graph percentile bootstrap
study-cc25ae93d418f22101d4,2,32768,local_iso,no_repair,optimization_jobs,24,a_minus_b,0.0,0.0,0.0,True,unadjusted 95 percent paired graph percentile bootstrap
study-cc25ae93d418f22101d4,2,32768,local_iso,fixed_radius,objective,24,a_minus_b,0.010901701440887313,0.0068199971036484765,0.015498314128155328,True,unadjusted 95 percent paired graph percentile bootstrap
study-cc25ae93d418f22101d4,2,32768,local_iso,fixed_radius,expected_ratio,24,a_minus_b,-0.014119063929012271,-0.020376968921007023,-0.008584494745411054,False,unadjusted 95 percent paired graph percentile bootstrap
study-cc25ae93d418f22101d4,2,32768,local_iso,fixed_radius,signed_reference_gap,24,a_minus_b,0.010901701440887299,0.006819997103648449,0.015498314128155322,True,unadjusted 95 percent paired graph percentile bootstrap
study-cc25ae93d418f22101d4,2,32768,local_iso,fixed_radius,success_fraction,24,a_minus_b,-0.16666666666666666,-0.3333333333333333,-0.041666666666666664,False,unadjusted 95 percent paired graph percentile bootstrap
study-cc25ae93d418f22101d4,2,32768,local_iso,fixed_radius,capped_target_shots,24,a_minus_b,5461.333333333333,1365.3333333333333,10922.666666666666,True,unadjusted 95 percent paired graph percentile bootstrap
study-cc25ae93d418f22101d4,2,32768,local_iso,fixed_radius,optimization_shots,24,a_minus_b,-789.3333333333334,-1088.0,-490.6666666666667,True,unadjusted 95 percent paired graph percentile bootstrap
study-cc25ae93d418f22101d4,2,32768,local_iso,fixed_radius,optimization_calls,24,a_minus_b,-9.25,-12.75,-5.75,True,unadjusted 95 percent paired graph percentile bootstrap
study-cc25ae93d418f22101d4,2,32768,local_iso,fixed_radius,optimization_jobs,24,a_minus_b,-3.0833333333333335,-4.25,-1.9166666666666667,True,unadjusted 95 percent paired graph percentile bootstrap
study-cc25ae93d418f22101d4,2,32768,local_iso,fixed_shots,objective,24,a_minus_b,0.010901701440887313,0.0068199971036484765,0.015498314128155328,True,unadjusted 95 percent paired graph percentile bootstrap
study-cc25ae93d418f22101d4,2,32768,local_iso,fixed_shots,expected_ratio,24,a_minus_b,-0.014119063929012271,-0.020376968921007023,-0.008584494745411054,False,unadjusted 95 percent paired graph percentile bootstrap
study-cc25ae93d418f22101d4,2,32768,local_iso,fixed_shots,signed_reference_gap,24,a_minus_b,0.010901701440887299,0.006819997103648449,0.015498314128155322,True,unadjusted 95 percent paired graph percentile bootstrap
study-cc25ae93d418f22101d4,2,32768,local_iso,fixed_shots,success_fraction,24,a_minus_b,-0.16666666666666666,-0.3333333333333333,-0.041666666666666664,False,unadjusted 95 percent paired graph percentile bootstrap
study-cc25ae93d418f22101d4,2,32768,local_iso,fixed_shots,capped_target_shots,24,a_minus_b,5461.333333333333,1365.3333333333333,10922.666666666666,True,unadjusted 95 percent paired graph percentile bootstrap
study-cc25ae93d418f22101d4,2,32768,local_iso,fixed_shots,optimization_shots,24,a_minus_b,29440.0,29440.0,29440.0,True,unadjusted 95 percent paired graph percentile bootstrap
study-cc25ae93d418f22101d4,2,32768,local_iso,fixed_shots,optimization_calls,24,a_minus_b,31.0,31.0,31.0,True,unadjusted 95 percent paired graph percentile bootstrap
study-cc25ae93d418f22101d4,2,32768,local_iso,fixed_shots,optimization_jobs,24,a_minus_b,11.0,11.0,11.0,True,unadjusted 95 percent paired graph percentile bootstrap
study-cc25ae93d418f22101d4,2,32768,local_iso,cobyla,objective,24,a_minus_b,0.011312029064412732,0.006705014641313011,0.016670422724756943,True,unadjusted 95 percent paired graph percentile bootstrap
study-cc25ae93d418f22101d4,2,32768,local_iso,cobyla,expected_ratio,24,a_minus_b,-0.01474891970576161,-0.022070691599615323,-0.008442788505189952,False,unadjusted 95 percent paired graph percentile bootstrap
study-cc25ae93d418f22101d4,2,32768,local_iso,cobyla,signed_reference_gap,24,a_minus_b,0.011312029064412718,0.006705014641313021,0.016670422724756922,True,unadjusted 95 percent paired graph percentile bootstrap
study-cc25ae93d418f22101d4,2,32768,local_iso,cobyla,success_fraction,24,a_minus_b,-0.16666666666666666,-0.3333333333333333,-0.041666666666666664,False,unadjusted 95 percent paired graph percentile bootstrap
study-cc25ae93d418f22101d4,2,32768,local_iso,cobyla,capped_target_shots,24,a_minus_b,5461.333333333333,1365.3333333333333,10922.666666666666,True,unadjusted 95 percent paired graph percentile bootstrap
study-cc25ae93d418f22101d4,2,32768,local_iso,cobyla,optimization_shots,24,a_minus_b,7438.222222222223,7025.777777777778,7850.666666666667,True,unadjusted 95 percent paired graph percentile bootstrap
study-cc25ae93d418f22101d4,2,32768,local_iso,cobyla,optimization_calls,24,a_minus_b,13.263888888888891,12.861111111111109,13.666666666666666,True,unadjusted 95 percent paired graph percentile bootstrap
study-cc25ae93d418f22101d4,2,32768,local_iso,cobyla,optimization_jobs,24,a_minus_b,-10.736111111111109,-11.138888888888891,-10.333333333333334,True,unadjusted 95 percent paired graph percentile bootstrap
study-cc25ae93d418f22101d4,2,32768,local_iso,spsa,objective,24,a_minus_b,0.012356629287631565,0.007887133058303545,0.017502921966914838,True,unadjusted 95 percent paired graph percentile bootstrap
study-cc25ae93d418f22101d4,2,32768,local_iso,spsa,expected_ratio,24,a_minus_b,-0.016041435006628173,-0.0230731912245297,-0.009928596554555663,False,unadjusted 95 percent paired graph percentile bootstrap
study-cc25ae93d418f22101d4,2,32768,local_iso,spsa,signed_reference_gap,24,a_minus_b,0.012356629287631567,0.00788713305830355,0.017502921966914848,True,unadjusted 95 percent paired graph percentile bootstrap
study-cc25ae93d418f22101d4,2,32768,local_iso,spsa,success_fraction,24,a_minus_b,-0.16666666666666666,-0.3333333333333333,-0.041666666666666664,False,unadjusted 95 percent paired graph percentile bootstrap
study-cc25ae93d418f22101d4,2,32768,local_iso,spsa,capped_target_shots,24,a_minus_b,5461.333333333333,1365.3333333333333,10922.666666666666,True,unadjusted 95 percent paired graph percentile bootstrap
study-cc25ae93d418f22101d4,2,32768,local_iso,spsa,optimization_shots,24,a_minus_b,0.0,0.0,0.0,True,unadjusted 95 percent paired graph percentile bootstrap
study-cc25ae93d418f22101d4,2,32768,local_iso,spsa,optimization_calls,24,a_minus_b,6.0,6.0,6.0,True,unadjusted 95 percent paired graph percentile bootstrap
study-cc25ae93d418f22101d4,2,32768,local_iso,spsa,optimization_jobs,24,a_minus_b,-8.0,-8.0,-8.0,True,unadjusted 95 percent paired graph percentile bootstrap
study-cc25ae93d418f22101d4,2,32768,shuffled_gw,bad_prior,objective,24,a_minus_b,-0.1593416040581307,-0.18621108337887093,-0.1320031293244395,True,unadjusted 95 percent paired graph percentile bootstrap
study-cc25ae93d418f22101d4,2,32768,shuffled_gw,bad_prior,expected_ratio,24,a_minus_b,0.1960611003596007,0.1650665030525265,0.22571688605615056,False,unadjusted 95 percent paired graph percentile bootstrap
study-cc25ae93d418f22101d4,2,32768,shuffled_gw,bad_prior,signed_reference_gap,24,a_minus_b,-0.15934160405813066,-0.18621108337887093,-0.1320031293244395,True,unadjusted 95 percent paired graph percentile bootstrap
study-cc25ae93d418f22101d4,2,32768,shuffled_gw,bad_prior,success_fraction,24,a_minus_b,0.75,0.5833333333333334,0.9166666666666666,False,unadjusted 95 percent paired graph percentile bootstrap
study-cc25ae93d418f22101d4,2,32768,shuffled_gw,bad_prior,capped_target_shots,24,a_minus_b,-24576.0,-30037.333333333332,-19114.666666666668,True,unadjusted 95 percent paired graph percentile bootstrap
study-cc25ae93d418f22101d4,2,32768,shuffled_gw,bad_prior,optimization_shots,24,a_minus_b,-42.666666666666664,-128.0,0.0,True,unadjusted 95 percent paired graph percentile bootstrap
study-cc25ae93d418f22101d4,2,32768,shuffled_gw,bad_prior,optimization_calls,24,a_minus_b,-0.3333333333333333,-1.0,0.0,True,unadjusted 95 percent paired graph percentile bootstrap
study-cc25ae93d418f22101d4,2,32768,shuffled_gw,bad_prior,optimization_jobs,24,a_minus_b,-0.08333333333333333,-0.25,0.0,True,unadjusted 95 percent paired graph percentile bootstrap
study-cc25ae93d418f22101d4,2,32768,shuffled_gw,no_repair,objective,24,a_minus_b,0.01631246875426566,0.004995055102462161,0.03430299213418538,True,unadjusted 95 percent paired graph percentile bootstrap
study-cc25ae93d418f22101d4,2,32768,shuffled_gw,no_repair,expected_ratio,24,a_minus_b,-0.019814744699732392,-0.040662431502018606,-0.0063831195743449115,False,unadjusted 95 percent paired graph percentile bootstrap
study-cc25ae93d418f22101d4,2,32768,shuffled_gw,no_repair,signed_reference_gap,24,a_minus_b,0.016312468754265657,0.004995055102462158,0.03430299213418537,True,unadjusted 95 percent paired graph percentile bootstrap
study-cc25ae93d418f22101d4,2,32768,shuffled_gw,no_repair,success_fraction,24,a_minus_b,-0.25,-0.4166666666666667,-0.08333333333333333,False,unadjusted 95 percent paired graph percentile bootstrap
study-cc25ae93d418f22101d4,2,32768,shuffled_gw,no_repair,capped_target_shots,24,a_minus_b,8192.0,2730.6666666666665,13653.333333333334,True,unadjusted 95 percent paired graph percentile bootstrap
study-cc25ae93d418f22101d4,2,32768,shuffled_gw,no_repair,optimization_shots,24,a_minus_b,0.0,0.0,0.0,True,unadjusted 95 percent paired graph percentile bootstrap
study-cc25ae93d418f22101d4,2,32768,shuffled_gw,no_repair,optimization_calls,24,a_minus_b,0.0,0.0,0.0,True,unadjusted 95 percent paired graph percentile bootstrap
study-cc25ae93d418f22101d4,2,32768,shuffled_gw,no_repair,optimization_jobs,24,a_minus_b,0.0,0.0,0.0,True,unadjusted 95 percent paired graph percentile bootstrap
study-cc25ae93d418f22101d4,2,32768,shuffled_gw,fixed_radius,objective,24,a_minus_b,0.01631246875426566,0.004995055102462161,0.03430299213418538,True,unadjusted 95 percent paired graph percentile bootstrap
study-cc25ae93d418f22101d4,2,32768,shuffled_gw,fixed_radius,expected_ratio,24,a_minus_b,-0.019814744699732392,-0.040662431502018606,-0.0063831195743449115,False,unadjusted 95 percent paired graph percentile bootstrap
study-cc25ae93d418f22101d4,2,32768,shuffled_gw,fixed_radius,signed_reference_gap,24,a_minus_b,0.016312468754265657,0.004995055102462158,0.03430299213418537,True,unadjusted 95 percent paired graph percentile bootstrap
study-cc25ae93d418f22101d4,2,32768,shuffled_gw,fixed_radius,success_fraction,24,a_minus_b,-0.25,-0.4166666666666667,-0.08333333333333333,False,unadjusted 95 percent paired graph percentile bootstrap
study-cc25ae93d418f22101d4,2,32768,shuffled_gw,fixed_radius,capped_target_shots,24,a_minus_b,8192.0,2730.6666666666665,13653.333333333334,True,unadjusted 95 percent paired graph percentile bootstrap
study-cc25ae93d418f22101d4,2,32768,shuffled_gw,fixed_radius,optimization_shots,24,a_minus_b,-789.3333333333334,-1088.0,-490.6666666666667,True,unadjusted 95 percent paired graph percentile bootstrap
study-cc25ae93d418f22101d4,2,32768,shuffled_gw,fixed_radius,optimization_calls,24,a_minus_b,-9.25,-12.75,-5.75,True,unadjusted 95 percent paired graph percentile bootstrap
study-cc25ae93d418f22101d4,2,32768,shuffled_gw,fixed_radius,optimization_jobs,24,a_minus_b,-3.0833333333333335,-4.25,-1.9166666666666667,True,unadjusted 95 percent paired graph percentile bootstrap
study-cc25ae93d418f22101d4,2,32768,shuffled_gw,fixed_shots,objective,24,a_minus_b,0.01631246875426566,0.004995055102462161,0.03430299213418538,True,unadjusted 95 percent paired graph percentile bootstrap
study-cc25ae93d418f22101d4,2,32768,shuffled_gw,fixed_shots,expected_ratio,24,a_minus_b,-0.019814744699732392,-0.040662431502018606,-0.0063831195743449115,False,unadjusted 95 percent paired graph percentile bootstrap
study-cc25ae93d418f22101d4,2,32768,shuffled_gw,fixed_shots,signed_reference_gap,24,a_minus_b,0.016312468754265657,0.004995055102462158,0.03430299213418537,True,unadjusted 95 percent paired graph percentile bootstrap
study-cc25ae93d418f22101d4,2,32768,shuffled_gw,fixed_shots,success_fraction,24,a_minus_b,-0.25,-0.4166666666666667,-0.08333333333333333,False,unadjusted 95 percent paired graph percentile bootstrap
study-cc25ae93d418f22101d4,2,32768,shuffled_gw,fixed_shots,capped_target_shots,24,a_minus_b,8192.0,2730.6666666666665,13653.333333333334,True,unadjusted 95 percent paired graph percentile bootstrap
study-cc25ae93d418f22101d4,2,32768,shuffled_gw,fixed_shots,optimization_shots,24,a_minus_b,29440.0,29440.0,29440.0,True,unadjusted 95 percent paired graph percentile bootstrap
study-cc25ae93d418f22101d4,2,32768,shuffled_gw,fixed_shots,optimization_calls,24,a_minus_b,31.0,31.0,31.0,True,unadjusted 95 percent paired graph percentile bootstrap
study-cc25ae93d418f22101d4,2,32768,shuffled_gw,fixed_shots,optimization_jobs,24,a_minus_b,11.0,11.0,11.0,True,unadjusted 95 percent paired graph percentile bootstrap
study-cc25ae93d418f22101d4,2,32768,shuffled_gw,cobyla,objective,24,a_minus_b,0.016722796377791078,0.0050330102755467695,0.034950403859354065,True,unadjusted 95 percent paired graph percentile bootstrap
study-cc25ae93d418f22101d4,2,32768,shuffled_gw,cobyla,expected_ratio,24,a_minus_b,-0.020444600476481733,-0.04162432325241412,-0.006490985625924846,False,unadjusted 95 percent paired graph percentile bootstrap
study-cc25ae93d418f22101d4,2,32768,shuffled_gw,cobyla,signed_reference_gap,24,a_minus_b,0.016722796377791074,0.005033010275546744,0.03495040385935403,True,unadjusted 95 percent paired graph percentile bootstrap
study-cc25ae93d418f22101d4,2,32768,shuffled_gw,cobyla,success_fraction,24,a_minus_b,-0.25,-0.4166666666666667,-0.08333333333333333,False,unadjusted 95 percent paired graph percentile bootstrap
study-cc25ae93d418f22101d4,2,32768,shuffled_gw,cobyla,capped_target_shots,24,a_minus_b,8192.0,2730.6666666666665,13653.333333333334,True,unadjusted 95 percent paired graph percentile bootstrap
study-cc25ae93d418f22101d4,2,32768,shuffled_gw,cobyla,optimization_shots,24,a_minus_b,7438.222222222223,7025.777777777778,7850.666666666667,True,unadjusted 95 percent paired graph percentile bootstrap
study-cc25ae93d418f22101d4,2,32768,shuffled_gw,cobyla,optimization_calls,24,a_minus_b,13.263888888888891,12.861111111111109,13.666666666666666,True,unadjusted 95 percent paired graph percentile bootstrap
study-cc25ae93d418f22101d4,2,32768,shuffled_gw,cobyla,optimization_jobs,24,a_minus_b,-10.736111111111109,-11.138888888888891,-10.333333333333334,True,unadjusted 95 percent paired graph percentile bootstrap
study-cc25ae93d418f22101d4,2,32768,shuffled_gw,spsa,objective,24,a_minus_b,0.017767396601009913,0.006256207151287883,0.03585145375442954,True,unadjusted 95 percent paired graph percentile bootstrap
study-cc25ae93d418f22101d4,2,32768,shuffled_gw,spsa,expected_ratio,24,a_minus_b,-0.021737115777348295,-0.042736581292403014,-0.008026591586610943,False,unadjusted 95 percent paired graph percentile bootstrap
study-cc25ae93d418f22101d4,2,32768,shuffled_gw,spsa,signed_reference_gap,24,a_minus_b,0.017767396601009927,0.006256207151287878,0.035851453754429524,True,unadjusted 95 percent paired graph percentile bootstrap
study-cc25ae93d418f22101d4,2,32768,shuffled_gw,spsa,success_fraction,24,a_minus_b,-0.25,-0.4166666666666667,-0.08333333333333333,False,unadjusted 95 percent paired graph percentile bootstrap
study-cc25ae93d418f22101d4,2,32768,shuffled_gw,spsa,capped_target_shots,24,a_minus_b,8192.0,2730.6666666666665,13653.333333333334,True,unadjusted 95 percent paired graph percentile bootstrap
study-cc25ae93d418f22101d4,2,32768,shuffled_gw,spsa,optimization_shots,24,a_minus_b,0.0,0.0,0.0,True,unadjusted 95 percent paired graph percentile bootstrap
study-cc25ae93d418f22101d4,2,32768,shuffled_gw,spsa,optimization_calls,24,a_minus_b,6.0,6.0,6.0,True,unadjusted 95 percent paired graph percentile bootstrap
study-cc25ae93d418f22101d4,2,32768,shuffled_gw,spsa,optimization_jobs,24,a_minus_b,-8.0,-8.0,-8.0,True,unadjusted 95 percent paired graph percentile bootstrap
study-cc25ae93d418f22101d4,2,32768,bad_prior,no_repair,objective,24,a_minus_b,0.17565407281239634,0.15032360508420362,0.19974158637126224,True,unadjusted 95 percent paired graph percentile bootstrap
study-cc25ae93d418f22101d4,2,32768,bad_prior,no_repair,expected_ratio,24,a_minus_b,-0.2158758450593331,-0.24174125833143928,-0.18744574236711664,False,unadjusted 95 percent paired graph percentile bootstrap
study-cc25ae93d418f22101d4,2,32768,bad_prior,no_repair,signed_reference_gap,24,a_minus_b,0.1756540728123963,0.1503236050842036,0.19974158637126224,True,unadjusted 95 percent paired graph percentile bootstrap
study-cc25ae93d418f22101d4,2,32768,bad_prior,no_repair,success_fraction,24,a_minus_b,-1.0,-1.0,-1.0,False,unadjusted 95 percent paired graph percentile bootstrap
study-cc25ae93d418f22101d4,2,32768,bad_prior,no_repair,capped_target_shots,24,a_minus_b,32768.0,32768.0,32768.0,True,unadjusted 95 percent paired graph percentile bootstrap
study-cc25ae93d418f22101d4,2,32768,bad_prior,no_repair,optimization_shots,24,a_minus_b,42.666666666666664,0.0,128.0,True,unadjusted 95 percent paired graph percentile bootstrap
study-cc25ae93d418f22101d4,2,32768,bad_prior,no_repair,optimization_calls,24,a_minus_b,0.3333333333333333,0.0,1.0,True,unadjusted 95 percent paired graph percentile bootstrap
study-cc25ae93d418f22101d4,2,32768,bad_prior,no_repair,optimization_jobs,24,a_minus_b,0.08333333333333333,0.0,0.25,True,unadjusted 95 percent paired graph percentile bootstrap
study-cc25ae93d418f22101d4,2,32768,bad_prior,fixed_radius,objective,24,a_minus_b,0.17565407281239634,0.15032360508420362,0.19974158637126224,True,unadjusted 95 percent paired graph percentile bootstrap
study-cc25ae93d418f22101d4,2,32768,bad_prior,fixed_radius,expected_ratio,24,a_minus_b,-0.2158758450593331,-0.24174125833143928,-0.18744574236711664,False,unadjusted 95 percent paired graph percentile bootstrap
study-cc25ae93d418f22101d4,2,32768,bad_prior,fixed_radius,signed_reference_gap,24,a_minus_b,0.1756540728123963,0.1503236050842036,0.19974158637126224,True,unadjusted 95 percent paired graph percentile bootstrap
study-cc25ae93d418f22101d4,2,32768,bad_prior,fixed_radius,success_fraction,24,a_minus_b,-1.0,-1.0,-1.0,False,unadjusted 95 percent paired graph percentile bootstrap
study-cc25ae93d418f22101d4,2,32768,bad_prior,fixed_radius,capped_target_shots,24,a_minus_b,32768.0,32768.0,32768.0,True,unadjusted 95 percent paired graph percentile bootstrap
study-cc25ae93d418f22101d4,2,32768,bad_prior,fixed_radius,optimization_shots,24,a_minus_b,-746.6666666666666,-1024.0,-469.3333333333333,True,unadjusted 95 percent paired graph percentile bootstrap
study-cc25ae93d418f22101d4,2,32768,bad_prior,fixed_radius,optimization_calls,24,a_minus_b,-8.916666666666666,-12.25,-5.5,True,unadjusted 95 percent paired graph percentile bootstrap
study-cc25ae93d418f22101d4,2,32768,bad_prior,fixed_radius,optimization_jobs,24,a_minus_b,-3.0,-4.083333333333333,-1.9166666666666667,True,unadjusted 95 percent paired graph percentile bootstrap
study-cc25ae93d418f22101d4,2,32768,bad_prior,fixed_shots,objective,24,a_minus_b,0.17565407281239634,0.15032360508420362,0.19974158637126224,True,unadjusted 95 percent paired graph percentile bootstrap
study-cc25ae93d418f22101d4,2,32768,bad_prior,fixed_shots,expected_ratio,24,a_minus_b,-0.2158758450593331,-0.24174125833143928,-0.18744574236711664,False,unadjusted 95 percent paired graph percentile bootstrap
study-cc25ae93d418f22101d4,2,32768,bad_prior,fixed_shots,signed_reference_gap,24,a_minus_b,0.1756540728123963,0.1503236050842036,0.19974158637126224,True,unadjusted 95 percent paired graph percentile bootstrap
study-cc25ae93d418f22101d4,2,32768,bad_prior,fixed_shots,success_fraction,24,a_minus_b,-1.0,-1.0,-1.0,False,unadjusted 95 percent paired graph percentile bootstrap
study-cc25ae93d418f22101d4,2,32768,bad_prior,fixed_shots,capped_target_shots,24,a_minus_b,32768.0,32768.0,32768.0,True,unadjusted 95 percent paired graph percentile bootstrap
study-cc25ae93d418f22101d4,2,32768,bad_prior,fixed_shots,optimization_shots,24,a_minus_b,29482.666666666668,29440.0,29568.0,True,unadjusted 95 percent paired graph percentile bootstrap
study-cc25ae93d418f22101d4,2,32768,bad_prior,fixed_shots,optimization_calls,24,a_minus_b,31.333333333333332,31.0,32.0,True,unadjusted 95 percent paired graph percentile bootstrap
study-cc25ae93d418f22101d4,2,32768,bad_prior,fixed_shots,optimization_jobs,24,a_minus_b,11.083333333333334,11.0,11.25,True,unadjusted 95 percent paired graph percentile bootstrap
study-cc25ae93d418f22101d4,2,32768,bad_prior,cobyla,objective,24,a_minus_b,0.17606440043592175,0.1510022246295902,0.19990934450331005,True,unadjusted 95 percent paired graph percentile bootstrap
study-cc25ae93d418f22101d4,2,32768,bad_prior,cobyla,expected_ratio,24,a_minus_b,-0.21650570083608245,-0.24208743378780412,-0.18842569443667936,False,unadjusted 95 percent paired graph percentile bootstrap
study-cc25ae93d418f22101d4,2,32768,bad_prior,cobyla,signed_reference_gap,24,a_minus_b,0.17606440043592175,0.1510022246295902,0.19990934450331008,True,unadjusted 95 percent paired graph percentile bootstrap
study-cc25ae93d418f22101d4,2,32768,bad_prior,cobyla,success_fraction,24,a_minus_b,-1.0,-1.0,-1.0,False,unadjusted 95 percent paired graph percentile bootstrap
study-cc25ae93d418f22101d4,2,32768,bad_prior,cobyla,capped_target_shots,24,a_minus_b,32768.0,32768.0,32768.0,True,unadjusted 95 percent paired graph percentile bootstrap
study-cc25ae93d418f22101d4,2,32768,bad_prior,cobyla,optimization_shots,24,a_minus_b,7480.88888888889,7111.11111111111,7864.88888888889,True,unadjusted 95 percent paired graph percentile bootstrap
study-cc25ae93d418f22101d4,2,32768,bad_prior,cobyla,optimization_calls,24,a_minus_b,13.597222222222223,13.069444444444445,14.236111111111109,True,unadjusted 95 percent paired graph percentile bootstrap
study-cc25ae93d418f22101d4,2,32768,bad_prior,cobyla,optimization_jobs,24,a_minus_b,-10.652777777777777,-11.013888888888888,-10.291666666666666,True,unadjusted 95 percent paired graph percentile bootstrap
study-cc25ae93d418f22101d4,2,32768,bad_prior,spsa,objective,24,a_minus_b,0.1771090006591406,0.15200224398645437,0.20092218589122263,True,unadjusted 95 percent paired graph percentile bootstrap
study-cc25ae93d418f22101d4,2,32768,bad_prior,spsa,expected_ratio,24,a_minus_b,-0.21779821613694902,-0.2433708143242901,-0.18969570432444016,False,unadjusted 95 percent paired graph percentile bootstrap
study-cc25ae93d418f22101d4,2,32768,bad_prior,spsa,signed_reference_gap,24,a_minus_b,0.1771090006591406,0.15200224398645437,0.20092218589122265,True,unadjusted 95 percent paired graph percentile bootstrap
study-cc25ae93d418f22101d4,2,32768,bad_prior,spsa,success_fraction,24,a_minus_b,-1.0,-1.0,-1.0,False,unadjusted 95 percent paired graph percentile bootstrap
study-cc25ae93d418f22101d4,2,32768,bad_prior,spsa,capped_target_shots,24,a_minus_b,32768.0,32768.0,32768.0,True,unadjusted 95 percent paired graph percentile bootstrap
study-cc25ae93d418f22101d4,2,32768,bad_prior,spsa,optimization_shots,24,a_minus_b,42.666666666666664,0.0,128.0,True,unadjusted 95 percent paired graph percentile bootstrap
study-cc25ae93d418f22101d4,2,32768,bad_prior,spsa,optimization_calls,24,a_minus_b,6.333333333333333,6.0,7.0,True,unadjusted 95 percent paired graph percentile bootstrap
study-cc25ae93d418f22101d4,2,32768,bad_prior,spsa,optimization_jobs,24,a_minus_b,-7.916666666666667,-8.0,-7.75,True,unadjusted 95 percent paired graph percentile bootstrap
study-cc25ae93d418f22101d4,2,32768,no_repair,fixed_radius,objective,24,a_minus_b,0.0,0.0,0.0,True,unadjusted 95 percent paired graph percentile bootstrap
study-cc25ae93d418f22101d4,2,32768,no_repair,fixed_radius,expected_ratio,24,a_minus_b,0.0,0.0,0.0,False,unadjusted 95 percent paired graph percentile bootstrap
study-cc25ae93d418f22101d4,2,32768,no_repair,fixed_radius,signed_reference_gap,24,a_minus_b,0.0,0.0,0.0,True,unadjusted 95 percent paired graph percentile bootstrap
study-cc25ae93d418f22101d4,2,32768,no_repair,fixed_radius,success_fraction,24,a_minus_b,0.0,0.0,0.0,False,unadjusted 95 percent paired graph percentile bootstrap
study-cc25ae93d418f22101d4,2,32768,no_repair,fixed_radius,capped_target_shots,24,a_minus_b,0.0,0.0,0.0,True,unadjusted 95 percent paired graph percentile bootstrap
study-cc25ae93d418f22101d4,2,32768,no_repair,fixed_radius,optimization_shots,24,a_minus_b,-789.3333333333334,-1088.0,-490.6666666666667,True,unadjusted 95 percent paired graph percentile bootstrap
study-cc25ae93d418f22101d4,2,32768,no_repair,fixed_radius,optimization_calls,24,a_minus_b,-9.25,-12.75,-5.75,True,unadjusted 95 percent paired graph percentile bootstrap
study-cc25ae93d418f22101d4,2,32768,no_repair,fixed_radius,optimization_jobs,24,a_minus_b,-3.0833333333333335,-4.25,-1.9166666666666667,True,unadjusted 95 percent paired graph percentile bootstrap
study-cc25ae93d418f22101d4,2,32768,no_repair,fixed_shots,objective,24,a_minus_b,0.0,0.0,0.0,True,unadjusted 95 percent paired graph percentile bootstrap
study-cc25ae93d418f22101d4,2,32768,no_repair,fixed_shots,expected_ratio,24,a_minus_b,0.0,0.0,0.0,False,unadjusted 95 percent paired graph percentile bootstrap
study-cc25ae93d418f22101d4,2,32768,no_repair,fixed_shots,signed_reference_gap,24,a_minus_b,0.0,0.0,0.0,True,unadjusted 95 percent paired graph percentile bootstrap
study-cc25ae93d418f22101d4,2,32768,no_repair,fixed_shots,success_fraction,24,a_minus_b,0.0,0.0,0.0,False,unadjusted 95 percent paired graph percentile bootstrap
study-cc25ae93d418f22101d4,2,32768,no_repair,fixed_shots,capped_target_shots,24,a_minus_b,0.0,0.0,0.0,True,unadjusted 95 percent paired graph percentile bootstrap
study-cc25ae93d418f22101d4,2,32768,no_repair,fixed_shots,optimization_shots,24,a_minus_b,29440.0,29440.0,29440.0,True,unadjusted 95 percent paired graph percentile bootstrap
study-cc25ae93d418f22101d4,2,32768,no_repair,fixed_shots,optimization_calls,24,a_minus_b,31.0,31.0,31.0,True,unadjusted 95 percent paired graph percentile bootstrap
study-cc25ae93d418f22101d4,2,32768,no_repair,fixed_shots,optimization_jobs,24,a_minus_b,11.0,11.0,11.0,True,unadjusted 95 percent paired graph percentile bootstrap
study-cc25ae93d418f22101d4,2,32768,no_repair,cobyla,objective,24,a_minus_b,0.00041032762352541846,-0.0004306188703001544,0.001433830459731356,True,unadjusted 95 percent paired graph percentile bootstrap
study-cc25ae93d418f22101d4,2,32768,no_repair,cobyla,expected_ratio,24,a_minus_b,-0.0006298557767493393,-0.0019630782404314664,0.0004492345069758635,False,unadjusted 95 percent paired graph percentile bootstrap
study-cc25ae93d418f22101d4,2,32768,no_repair,cobyla,signed_reference_gap,24,a_minus_b,0.0004103276235254167,-0.00043061887030014447,0.0014338304597313607,True,unadjusted 95 percent paired graph percentile bootstrap
study-cc25ae93d418f22101d4,2,32768,no_repair,cobyla,success_fraction,24,a_minus_b,0.0,0.0,0.0,False,unadjusted 95 percent paired graph percentile bootstrap
study-cc25ae93d418f22101d4,2,32768,no_repair,cobyla,capped_target_shots,24,a_minus_b,0.0,0.0,0.0,True,unadjusted 95 percent paired graph percentile bootstrap
study-cc25ae93d418f22101d4,2,32768,no_repair,cobyla,optimization_shots,24,a_minus_b,7438.222222222223,7025.777777777778,7850.666666666667,True,unadjusted 95 percent paired graph percentile bootstrap
study-cc25ae93d418f22101d4,2,32768,no_repair,cobyla,optimization_calls,24,a_minus_b,13.263888888888891,12.861111111111109,13.666666666666666,True,unadjusted 95 percent paired graph percentile bootstrap
study-cc25ae93d418f22101d4,2,32768,no_repair,cobyla,optimization_jobs,24,a_minus_b,-10.736111111111109,-11.138888888888891,-10.333333333333334,True,unadjusted 95 percent paired graph percentile bootstrap
study-cc25ae93d418f22101d4,2,32768,no_repair,spsa,objective,24,a_minus_b,0.0014549278467442528,0.0008447391674131088,0.002180628518678984,True,unadjusted 95 percent paired graph percentile bootstrap
study-cc25ae93d418f22101d4,2,32768,no_repair,spsa,expected_ratio,24,a_minus_b,-0.0019223710776159013,-0.002915079292035477,-0.0010815786392862027,False,unadjusted 95 percent paired graph percentile bootstrap
study-cc25ae93d418f22101d4,2,32768,no_repair,spsa,signed_reference_gap,24,a_minus_b,0.0014549278467442695,0.0008447391674131094,0.0021806285186789904,True,unadjusted 95 percent paired graph percentile bootstrap
study-cc25ae93d418f22101d4,2,32768,no_repair,spsa,success_fraction,24,a_minus_b,0.0,0.0,0.0,False,unadjusted 95 percent paired graph percentile bootstrap
study-cc25ae93d418f22101d4,2,32768,no_repair,spsa,capped_target_shots,24,a_minus_b,0.0,0.0,0.0,True,unadjusted 95 percent paired graph percentile bootstrap
study-cc25ae93d418f22101d4,2,32768,no_repair,spsa,optimization_shots,24,a_minus_b,0.0,0.0,0.0,True,unadjusted 95 percent paired graph percentile bootstrap
study-cc25ae93d418f22101d4,2,32768,no_repair,spsa,optimization_calls,24,a_minus_b,6.0,6.0,6.0,True,unadjusted 95 percent paired graph percentile bootstrap
study-cc25ae93d418f22101d4,2,32768,no_repair,spsa,optimization_jobs,24,a_minus_b,-8.0,-8.0,-8.0,True,unadjusted 95 percent paired graph percentile bootstrap
study-cc25ae93d418f22101d4,2,32768,fixed_radius,fixed_shots,objective,24,a_minus_b,0.0,0.0,0.0,True,unadjusted 95 percent paired graph percentile bootstrap
study-cc25ae93d418f22101d4,2,32768,fixed_radius,fixed_shots,expected_ratio,24,a_minus_b,0.0,0.0,0.0,False,unadjusted 95 percent paired graph percentile bootstrap
study-cc25ae93d418f22101d4,2,32768,fixed_radius,fixed_shots,signed_reference_gap,24,a_minus_b,0.0,0.0,0.0,True,unadjusted 95 percent paired graph percentile bootstrap
study-cc25ae93d418f22101d4,2,32768,fixed_radius,fixed_shots,success_fraction,24,a_minus_b,0.0,0.0,0.0,False,unadjusted 95 percent paired graph percentile bootstrap
study-cc25ae93d418f22101d4,2,32768,fixed_radius,fixed_shots,capped_target_shots,24,a_minus_b,0.0,0.0,0.0,True,unadjusted 95 percent paired graph percentile bootstrap
study-cc25ae93d418f22101d4,2,32768,fixed_radius,fixed_shots,optimization_shots,24,a_minus_b,30229.333333333332,29930.666666666668,30528.0,True,unadjusted 95 percent paired graph percentile bootstrap
study-cc25ae93d418f22101d4,2,32768,fixed_radius,fixed_shots,optimization_calls,24,a_minus_b,40.25,36.75,43.75,True,unadjusted 95 percent paired graph percentile bootstrap
study-cc25ae93d418f22101d4,2,32768,fixed_radius,fixed_shots,optimization_jobs,24,a_minus_b,14.083333333333334,12.916666666666666,15.25,True,unadjusted 95 percent paired graph percentile bootstrap
study-cc25ae93d418f22101d4,2,32768,fixed_radius,cobyla,objective,24,a_minus_b,0.00041032762352541846,-0.0004306188703001544,0.001433830459731356,True,unadjusted 95 percent paired graph percentile bootstrap
study-cc25ae93d418f22101d4,2,32768,fixed_radius,cobyla,expected_ratio,24,a_minus_b,-0.0006298557767493393,-0.0019630782404314664,0.0004492345069758635,False,unadjusted 95 percent paired graph percentile bootstrap
study-cc25ae93d418f22101d4,2,32768,fixed_radius,cobyla,signed_reference_gap,24,a_minus_b,0.0004103276235254167,-0.00043061887030014447,0.0014338304597313607,True,unadjusted 95 percent paired graph percentile bootstrap
study-cc25ae93d418f22101d4,2,32768,fixed_radius,cobyla,success_fraction,24,a_minus_b,0.0,0.0,0.0,False,unadjusted 95 percent paired graph percentile bootstrap
study-cc25ae93d418f22101d4,2,32768,fixed_radius,cobyla,capped_target_shots,24,a_minus_b,0.0,0.0,0.0,True,unadjusted 95 percent paired graph percentile bootstrap
study-cc25ae93d418f22101d4,2,32768,fixed_radius,cobyla,optimization_shots,24,a_minus_b,8227.555555555557,7736.888888888888,8711.111111111111,True,unadjusted 95 percent paired graph percentile bootstrap
study-cc25ae93d418f22101d4,2,32768,fixed_radius,cobyla,optimization_calls,24,a_minus_b,22.51388888888889,19.055555555555554,25.930555555555554,True,unadjusted 95 percent paired graph percentile bootstrap
study-cc25ae93d418f22101d4,2,32768,fixed_radius,cobyla,optimization_jobs,24,a_minus_b,-7.652777777777778,-8.833333333333334,-6.458333333333335,True,unadjusted 95 percent paired graph percentile bootstrap
study-cc25ae93d418f22101d4,2,32768,fixed_radius,spsa,objective,24,a_minus_b,0.0014549278467442528,0.0008447391674131088,0.002180628518678984,True,unadjusted 95 percent paired graph percentile bootstrap
study-cc25ae93d418f22101d4,2,32768,fixed_radius,spsa,expected_ratio,24,a_minus_b,-0.0019223710776159013,-0.002915079292035477,-0.0010815786392862027,False,unadjusted 95 percent paired graph percentile bootstrap
study-cc25ae93d418f22101d4,2,32768,fixed_radius,spsa,signed_reference_gap,24,a_minus_b,0.0014549278467442695,0.0008447391674131094,0.0021806285186789904,True,unadjusted 95 percent paired graph percentile bootstrap
study-cc25ae93d418f22101d4,2,32768,fixed_radius,spsa,success_fraction,24,a_minus_b,0.0,0.0,0.0,False,unadjusted 95 percent paired graph percentile bootstrap
study-cc25ae93d418f22101d4,2,32768,fixed_radius,spsa,capped_target_shots,24,a_minus_b,0.0,0.0,0.0,True,unadjusted 95 percent paired graph percentile bootstrap
study-cc25ae93d418f22101d4,2,32768,fixed_radius,spsa,optimization_shots,24,a_minus_b,789.3333333333334,490.6666666666667,1088.0,True,unadjusted 95 percent paired graph percentile bootstrap
study-cc25ae93d418f22101d4,2,32768,fixed_radius,spsa,optimization_calls,24,a_minus_b,15.25,11.75,18.75,True,unadjusted 95 percent paired graph percentile bootstrap
study-cc25ae93d418f22101d4,2,32768,fixed_radius,spsa,optimization_jobs,24,a_minus_b,-4.916666666666667,-6.083333333333333,-3.75,True,unadjusted 95 percent paired graph percentile bootstrap
study-cc25ae93d418f22101d4,2,32768,fixed_shots,cobyla,objective,24,a_minus_b,0.00041032762352541846,-0.0004306188703001544,0.001433830459731356,True,unadjusted 95 percent paired graph percentile bootstrap
study-cc25ae93d418f22101d4,2,32768,fixed_shots,cobyla,expected_ratio,24,a_minus_b,-0.0006298557767493393,-0.0019630782404314664,0.0004492345069758635,False,unadjusted 95 percent paired graph percentile bootstrap
study-cc25ae93d418f22101d4,2,32768,fixed_shots,cobyla,signed_reference_gap,24,a_minus_b,0.0004103276235254167,-0.00043061887030014447,0.0014338304597313607,True,unadjusted 95 percent paired graph percentile bootstrap
study-cc25ae93d418f22101d4,2,32768,fixed_shots,cobyla,success_fraction,24,a_minus_b,0.0,0.0,0.0,False,unadjusted 95 percent paired graph percentile bootstrap
study-cc25ae93d418f22101d4,2,32768,fixed_shots,cobyla,capped_target_shots,24,a_minus_b,0.0,0.0,0.0,True,unadjusted 95 percent paired graph percentile bootstrap
study-cc25ae93d418f22101d4,2,32768,fixed_shots,cobyla,optimization_shots,24,a_minus_b,-22001.777777777777,-22414.22222222222,-21589.333333333332,True,unadjusted 95 percent paired graph percentile bootstrap
study-cc25ae93d418f22101d4,2,32768,fixed_shots,cobyla,optimization_calls,24,a_minus_b,-17.73611111111111,-18.13888888888889,-17.333333333333332,True,unadjusted 95 percent paired graph percentile bootstrap
study-cc25ae93d418f22101d4,2,32768,fixed_shots,cobyla,optimization_jobs,24,a_minus_b,-21.73611111111111,-22.138888888888886,-21.333333333333332,True,unadjusted 95 percent paired graph percentile bootstrap
study-cc25ae93d418f22101d4,2,32768,fixed_shots,spsa,objective,24,a_minus_b,0.0014549278467442528,0.0008447391674131088,0.002180628518678984,True,unadjusted 95 percent paired graph percentile bootstrap
study-cc25ae93d418f22101d4,2,32768,fixed_shots,spsa,expected_ratio,24,a_minus_b,-0.0019223710776159013,-0.002915079292035477,-0.0010815786392862027,False,unadjusted 95 percent paired graph percentile bootstrap
study-cc25ae93d418f22101d4,2,32768,fixed_shots,spsa,signed_reference_gap,24,a_minus_b,0.0014549278467442695,0.0008447391674131094,0.0021806285186789904,True,unadjusted 95 percent paired graph percentile bootstrap
study-cc25ae93d418f22101d4,2,32768,fixed_shots,spsa,success_fraction,24,a_minus_b,0.0,0.0,0.0,False,unadjusted 95 percent paired graph percentile bootstrap
study-cc25ae93d418f22101d4,2,32768,fixed_shots,spsa,capped_target_shots,24,a_minus_b,0.0,0.0,0.0,True,unadjusted 95 percent paired graph percentile bootstrap
study-cc25ae93d418f22101d4,2,32768,fixed_shots,spsa,optimization_shots,24,a_minus_b,-29440.0,-29440.0,-29440.0,True,unadjusted 95 percent paired graph percentile bootstrap
study-cc25ae93d418f22101d4,2,32768,fixed_shots,spsa,optimization_calls,24,a_minus_b,-25.0,-25.0,-25.0,True,unadjusted 95 percent paired graph percentile bootstrap
study-cc25ae93d418f22101d4,2,32768,fixed_shots,spsa,optimization_jobs,24,a_minus_b,-19.0,-19.0,-19.0,True,unadjusted 95 percent paired graph percentile bootstrap
study-cc25ae93d418f22101d4,2,32768,cobyla,spsa,objective,24,a_minus_b,0.0010446002232188344,0.000534349779484341,0.0015317635562295854,True,unadjusted 95 percent paired graph percentile bootstrap
study-cc25ae93d418f22101d4,2,32768,cobyla,spsa,expected_ratio,24,a_minus_b,-0.0012925153008665619,-0.0019036728964401356,-0.0006391180988403215,False,unadjusted 95 percent paired graph percentile bootstrap
study-cc25ae93d418f22101d4,2,32768,cobyla,spsa,signed_reference_gap,24,a_minus_b,0.001044600223218853,0.0005343497794843593,0.001531763556229595,True,unadjusted 95 percent paired graph percentile bootstrap
study-cc25ae93d418f22101d4,2,32768,cobyla,spsa,success_fraction,24,a_minus_b,0.0,0.0,0.0,False,unadjusted 95 percent paired graph percentile bootstrap
study-cc25ae93d418f22101d4,2,32768,cobyla,spsa,capped_target_shots,24,a_minus_b,0.0,0.0,0.0,True,unadjusted 95 percent paired graph percentile bootstrap
study-cc25ae93d418f22101d4,2,32768,cobyla,spsa,optimization_shots,24,a_minus_b,-7438.222222222223,-7850.666666666667,-7025.777777777778,True,unadjusted 95 percent paired graph percentile bootstrap
study-cc25ae93d418f22101d4,2,32768,cobyla,spsa,optimization_calls,24,a_minus_b,-7.263888888888889,-7.666666666666667,-6.861111111111112,True,unadjusted 95 percent paired graph percentile bootstrap
study-cc25ae93d418f22101d4,2,32768,cobyla,spsa,optimization_jobs,24,a_minus_b,2.736111111111111,2.3333333333333335,3.1388888888888893,True,unadjusted 95 percent paired graph percentile bootstrap
study-cc25ae93d418f22101d4,2,131072,uniform_iso,random_iso,objective,24,a_minus_b,-0.12893857359435437,-0.14811751510129875,-0.11094321690501548,True,unadjusted 95 percent paired graph percentile bootstrap
study-cc25ae93d418f22101d4,2,131072,uniform_iso,random_iso,expected_ratio,24,a_minus_b,0.16019964487194613,0.13860546347658223,0.1837641141846681,False,unadjusted 95 percent paired graph percentile bootstrap
study-cc25ae93d418f22101d4,2,131072,uniform_iso,random_iso,signed_reference_gap,24,a_minus_b,-0.12893857359435437,-0.14811751510129878,-0.1109432169050155,True,unadjusted 95 percent paired graph percentile bootstrap
study-cc25ae93d418f22101d4,2,131072,uniform_iso,random_iso,success_fraction,24,a_minus_b,0.8333333333333334,0.6666666666666666,0.9583333333333334,False,unadjusted 95 percent paired graph percentile bootstrap
study-cc25ae93d418f22101d4,2,131072,uniform_iso,random_iso,capped_target_shots,24,a_minus_b,-109226.66666666667,-125610.66666666667,-87381.33333333333,True,unadjusted 95 percent paired graph percentile bootstrap
study-cc25ae93d418f22101d4,2,131072,uniform_iso,random_iso,optimization_shots,24,a_minus_b,160.0,85.33333333333333,234.66666666666666,True,unadjusted 95 percent paired graph percentile bootstrap
study-cc25ae93d418f22101d4,2,131072,uniform_iso,random_iso,optimization_calls,24,a_minus_b,-1.0416666666666672,-1.5277777777777786,-0.5555555555555566,True,unadjusted 95 percent paired graph percentile bootstrap
study-cc25ae93d418f22101d4,2,131072,uniform_iso,random_iso,optimization_jobs,24,a_minus_b,-0.20833333333333318,-0.30555555555555564,-0.11111111111111087,True,unadjusted 95 percent paired graph percentile bootstrap
study-cc25ae93d418f22101d4,2,131072,uniform_iso,descriptor_iso,objective,24,a_minus_b,0.010534418258539657,0.0065480429876392495,0.015129247680213552,True,unadjusted 95 percent paired graph percentile bootstrap
study-cc25ae93d418f22101d4,2,131072,uniform_iso,descriptor_iso,expected_ratio,24,a_minus_b,-0.013822552740294342,-0.020088271797421318,-0.008348159962467966,False,unadjusted 95 percent paired graph percentile bootstrap
study-cc25ae93d418f22101d4,2,131072,uniform_iso,descriptor_iso,signed_reference_gap,24,a_minus_b,0.010534418258539638,0.006548042987639222,0.015129247680213533,True,unadjusted 95 percent paired graph percentile bootstrap
study-cc25ae93d418f22101d4,2,131072,uniform_iso,descriptor_iso,success_fraction,24,a_minus_b,-0.16666666666666666,-0.3333333333333333,-0.041666666666666664,False,unadjusted 95 percent paired graph percentile bootstrap
study-cc25ae93d418f22101d4,2,131072,uniform_iso,descriptor_iso,capped_target_shots,24,a_minus_b,21845.333333333332,5461.333333333333,43690.666666666664,True,unadjusted 95 percent paired graph percentile bootstrap
study-cc25ae93d418f22101d4,2,131072,uniform_iso,descriptor_iso,optimization_shots,24,a_minus_b,0.0,0.0,0.0,True,unadjusted 95 percent paired graph percentile bootstrap
study-cc25ae93d418f22101d4,2,131072,uniform_iso,descriptor_iso,optimization_calls,24,a_minus_b,0.0,0.0,0.0,True,unadjusted 95 percent paired graph percentile bootstrap
study-cc25ae93d418f22101d4,2,131072,uniform_iso,descriptor_iso,optimization_jobs,24,a_minus_b,0.0,0.0,0.0,True,unadjusted 95 percent paired graph percentile bootstrap
study-cc25ae93d418f22101d4,2,131072,uniform_iso,descriptor_shape,objective,24,a_minus_b,0.010534418258539657,0.0065480429876392495,0.015129247680213552,True,unadjusted 95 percent paired graph percentile bootstrap
study-cc25ae93d418f22101d4,2,131072,uniform_iso,descriptor_shape,expected_ratio,24,a_minus_b,-0.013822552740294342,-0.020088271797421318,-0.008348159962467966,False,unadjusted 95 percent paired graph percentile bootstrap
study-cc25ae93d418f22101d4,2,131072,uniform_iso,descriptor_shape,signed_reference_gap,24,a_minus_b,0.010534418258539638,0.006548042987639222,0.015129247680213533,True,unadjusted 95 percent paired graph percentile bootstrap
study-cc25ae93d418f22101d4,2,131072,uniform_iso,descriptor_shape,success_fraction,24,a_minus_b,-0.16666666666666666,-0.3333333333333333,-0.041666666666666664,False,unadjusted 95 percent paired graph percentile bootstrap
study-cc25ae93d418f22101d4,2,131072,uniform_iso,descriptor_shape,capped_target_shots,24,a_minus_b,21845.333333333332,5461.333333333333,43690.666666666664,True,unadjusted 95 percent paired graph percentile bootstrap
study-cc25ae93d418f22101d4,2,131072,uniform_iso,descriptor_shape,optimization_shots,24,a_minus_b,0.0,0.0,0.0,True,unadjusted 95 percent paired graph percentile bootstrap
study-cc25ae93d418f22101d4,2,131072,uniform_iso,descriptor_shape,optimization_calls,24,a_minus_b,0.0,0.0,0.0,True,unadjusted 95 percent paired graph percentile bootstrap
study-cc25ae93d418f22101d4,2,131072,uniform_iso,descriptor_shape,optimization_jobs,24,a_minus_b,0.0,0.0,0.0,True,unadjusted 95 percent paired graph percentile bootstrap
study-cc25ae93d418f22101d4,2,131072,uniform_iso,gw_iso,objective,24,a_minus_b,0.005318362032282688,0.0005525801476825478,0.01019525096630761,True,unadjusted 95 percent paired graph percentile bootstrap
study-cc25ae93d418f22101d4,2,131072,uniform_iso,gw_iso,expected_ratio,24,a_minus_b,-0.0075283514029635444,-0.013878565805268429,-0.0013742695456179918,False,unadjusted 95 percent paired graph percentile bootstrap
study-cc25ae93d418f22101d4,2,131072,uniform_iso,gw_iso,signed_reference_gap,24,a_minus_b,0.00531836203228267,0.0005525801476825212,0.010195250966307596,True,unadjusted 95 percent paired graph percentile bootstrap
study-cc25ae93d418f22101d4,2,131072,uniform_iso,gw_iso,success_fraction,24,a_minus_b,-0.08333333333333333,-0.25,0.08333333333333333,False,unadjusted 95 percent paired graph percentile bootstrap
study-cc25ae93d418f22101d4,2,131072,uniform_iso,gw_iso,capped_target_shots,24,a_minus_b,10922.666666666666,-10922.666666666666,32768.0,True,unadjusted 95 percent paired graph percentile bootstrap
study-cc25ae93d418f22101d4,2,131072,uniform_iso,gw_iso,optimization_shots,24,a_minus_b,0.0,0.0,0.0,True,unadjusted 95 percent paired graph percentile bootstrap
study-cc25ae93d418f22101d4,2,131072,uniform_iso,gw_iso,optimization_calls,24,a_minus_b,0.0,0.0,0.0,True,unadjusted 95 percent paired graph percentile bootstrap
study-cc25ae93d418f22101d4,2,131072,uniform_iso,gw_iso,optimization_jobs,24,a_minus_b,0.0,0.0,0.0,True,unadjusted 95 percent paired graph percentile bootstrap
study-cc25ae93d418f22101d4,2,131072,uniform_iso,gw_shape,objective,24,a_minus_b,0.005318362032282688,0.0005525801476825478,0.01019525096630761,True,unadjusted 95 percent paired graph percentile bootstrap
study-cc25ae93d418f22101d4,2,131072,uniform_iso,gw_shape,expected_ratio,24,a_minus_b,-0.0075283514029635444,-0.013878565805268429,-0.0013742695456179918,False,unadjusted 95 percent paired graph percentile bootstrap
study-cc25ae93d418f22101d4,2,131072,uniform_iso,gw_shape,signed_reference_gap,24,a_minus_b,0.00531836203228267,0.0005525801476825212,0.010195250966307596,True,unadjusted 95 percent paired graph percentile bootstrap
study-cc25ae93d418f22101d4,2,131072,uniform_iso,gw_shape,success_fraction,24,a_minus_b,-0.08333333333333333,-0.25,0.08333333333333333,False,unadjusted 95 percent paired graph percentile bootstrap
study-cc25ae93d418f22101d4,2,131072,uniform_iso,gw_shape,capped_target_shots,24,a_minus_b,10922.666666666666,-10922.666666666666,32768.0,True,unadjusted 95 percent paired graph percentile bootstrap
study-cc25ae93d418f22101d4,2,131072,uniform_iso,gw_shape,optimization_shots,24,a_minus_b,0.0,0.0,0.0,True,unadjusted 95 percent paired graph percentile bootstrap
study-cc25ae93d418f22101d4,2,131072,uniform_iso,gw_shape,optimization_calls,24,a_minus_b,0.0,0.0,0.0,True,unadjusted 95 percent paired graph percentile bootstrap
study-cc25ae93d418f22101d4,2,131072,uniform_iso,gw_shape,optimization_jobs,24,a_minus_b,0.0,0.0,0.0,True,unadjusted 95 percent paired graph percentile bootstrap
study-cc25ae93d418f22101d4,2,131072,uniform_iso,local_iso,objective,24,a_minus_b,-0.00036728318234765617,-0.0022241583340786345,0.0013529614850917397,True,unadjusted 95 percent paired graph percentile bootstrap
study-cc25ae93d418f22101d4,2,131072,uniform_iso,local_iso,expected_ratio,24,a_minus_b,0.0002965111887179295,-0.0019784257321641407,0.0025840790545565984,False,unadjusted 95 percent paired graph percentile bootstrap
study-cc25ae93d418f22101d4,2,131072,uniform_iso,local_iso,signed_reference_gap,24,a_minus_b,-0.0003672831823476608,-0.002224158334078639,0.001352961485091735,True,unadjusted 95 percent paired graph percentile bootstrap
study-cc25ae93d418f22101d4,2,131072,uniform_iso,local_iso,success_fraction,24,a_minus_b,0.0,0.0,0.0,False,unadjusted 95 percent paired graph percentile bootstrap
study-cc25ae93d418f22101d4,2,131072,uniform_iso,local_iso,capped_target_shots,24,a_minus_b,0.0,0.0,0.0,True,unadjusted 95 percent paired graph percentile bootstrap
study-cc25ae93d418f22101d4,2,131072,uniform_iso,local_iso,optimization_shots,24,a_minus_b,0.0,0.0,0.0,True,unadjusted 95 percent paired graph percentile bootstrap
study-cc25ae93d418f22101d4,2,131072,uniform_iso,local_iso,optimization_calls,24,a_minus_b,0.0,0.0,0.0,True,unadjusted 95 percent paired graph percentile bootstrap
study-cc25ae93d418f22101d4,2,131072,uniform_iso,local_iso,optimization_jobs,24,a_minus_b,0.0,0.0,0.0,True,unadjusted 95 percent paired graph percentile bootstrap
study-cc25ae93d418f22101d4,2,131072,uniform_iso,shuffled_gw,objective,24,a_minus_b,-0.0008257270213926129,-0.008468726692882523,0.0049410669745349745,True,unadjusted 95 percent paired graph percentile bootstrap
study-cc25ae93d418f22101d4,2,131072,uniform_iso,shuffled_gw,expected_ratio,24,a_minus_b,0.00033239370305703414,-0.006685364807738455,0.009326610896342078,False,unadjusted 95 percent paired graph percentile bootstrap
study-cc25ae93d418f22101d4,2,131072,uniform_iso,shuffled_gw,signed_reference_gap,24,a_minus_b,-0.0008257270213926268,-0.00846872669288251,0.004941066974534956,True,unadjusted 95 percent paired graph percentile bootstrap
study-cc25ae93d418f22101d4,2,131072,uniform_iso,shuffled_gw,success_fraction,24,a_minus_b,0.08333333333333333,-0.08333333333333333,0.25,False,unadjusted 95 percent paired graph percentile bootstrap
study-cc25ae93d418f22101d4,2,131072,uniform_iso,shuffled_gw,capped_target_shots,24,a_minus_b,-10922.666666666666,-32768.0,10922.666666666666,True,unadjusted 95 percent paired graph percentile bootstrap
study-cc25ae93d418f22101d4,2,131072,uniform_iso,shuffled_gw,optimization_shots,24,a_minus_b,32.0,0.0,96.0,True,unadjusted 95 percent paired graph percentile bootstrap
study-cc25ae93d418f22101d4,2,131072,uniform_iso,shuffled_gw,optimization_calls,24,a_minus_b,-0.20833333333333334,-0.625,0.0,True,unadjusted 95 percent paired graph percentile bootstrap
study-cc25ae93d418f22101d4,2,131072,uniform_iso,shuffled_gw,optimization_jobs,24,a_minus_b,-0.041666666666666664,-0.125,0.0,True,unadjusted 95 percent paired graph percentile bootstrap
study-cc25ae93d418f22101d4,2,131072,uniform_iso,bad_prior,objective,24,a_minus_b,-0.15480776899977597,-0.17854672186412182,-0.13080795096227388,True,unadjusted 95 percent paired graph percentile bootstrap
study-cc25ae93d418f22101d4,2,131072,uniform_iso,bad_prior,expected_ratio,24,a_minus_b,0.19014426192890568,0.162831204732259,0.21640065557983262,False,unadjusted 95 percent paired graph percentile bootstrap
study-cc25ae93d418f22101d4,2,131072,uniform_iso,bad_prior,signed_reference_gap,24,a_minus_b,-0.15480776899977597,-0.17854672186412182,-0.13080795096227388,True,unadjusted 95 percent paired graph percentile bootstrap
study-cc25ae93d418f22101d4,2,131072,uniform_iso,bad_prior,success_fraction,24,a_minus_b,0.8333333333333334,0.6666666666666666,0.9583333333333334,False,unadjusted 95 percent paired graph percentile bootstrap
study-cc25ae93d418f22101d4,2,131072,uniform_iso,bad_prior,capped_target_shots,24,a_minus_b,-109226.66666666667,-125610.66666666667,-87381.33333333333,True,unadjusted 95 percent paired graph percentile bootstrap
study-cc25ae93d418f22101d4,2,131072,uniform_iso,bad_prior,optimization_shots,24,a_minus_b,128.0,32.0,245.33333333333334,True,unadjusted 95 percent paired graph percentile bootstrap
study-cc25ae93d418f22101d4,2,131072,uniform_iso,bad_prior,optimization_calls,24,a_minus_b,-1.6111111111111114,-3.125694444444444,-0.4166666666666667,True,unadjusted 95 percent paired graph percentile bootstrap
study-cc25ae93d418f22101d4,2,131072,uniform_iso,bad_prior,optimization_jobs,24,a_minus_b,-0.38888888888888884,-0.7916666666666665,-0.08333333333333333,True,unadjusted 95 percent paired graph percentile bootstrap
study-cc25ae93d418f22101d4,2,131072,uniform_iso,no_repair,objective,24,a_minus_b,0.010534418258539657,0.0065480429876392495,0.015129247680213552,True,unadjusted 95 percent paired graph percentile bootstrap
study-cc25ae93d418f22101d4,2,131072,uniform_iso,no_repair,expected_ratio,24,a_minus_b,-0.013822552740294342,-0.020088271797421318,-0.008348159962467966,False,unadjusted 95 percent paired graph percentile bootstrap
study-cc25ae93d418f22101d4,2,131072,uniform_iso,no_repair,signed_reference_gap,24,a_minus_b,0.010534418258539638,0.006548042987639222,0.015129247680213533,True,unadjusted 95 percent paired graph percentile bootstrap
study-cc25ae93d418f22101d4,2,131072,uniform_iso,no_repair,success_fraction,24,a_minus_b,-0.16666666666666666,-0.3333333333333333,-0.041666666666666664,False,unadjusted 95 percent paired graph percentile bootstrap
study-cc25ae93d418f22101d4,2,131072,uniform_iso,no_repair,capped_target_shots,24,a_minus_b,21845.333333333332,5461.333333333333,43690.666666666664,True,unadjusted 95 percent paired graph percentile bootstrap
study-cc25ae93d418f22101d4,2,131072,uniform_iso,no_repair,optimization_shots,24,a_minus_b,149.33333333333334,85.33333333333333,213.33333333333334,True,unadjusted 95 percent paired graph percentile bootstrap
study-cc25ae93d418f22101d4,2,131072,uniform_iso,no_repair,optimization_calls,24,a_minus_b,-0.9722222222222238,-1.3888888888888917,-0.5555555555555571,True,unadjusted 95 percent paired graph percentile bootstrap
study-cc25ae93d418f22101d4,2,131072,uniform_iso,no_repair,optimization_jobs,24,a_minus_b,-0.19444444444444406,-0.2777777777777777,-0.11111111111111087,True,unadjusted 95 percent paired graph percentile bootstrap
study-cc25ae93d418f22101d4,2,131072,uniform_iso,fixed_radius,objective,24,a_minus_b,0.010534418258539657,0.0065480429876392495,0.015129247680213552,True,unadjusted 95 percent paired graph percentile bootstrap
study-cc25ae93d418f22101d4,2,131072,uniform_iso,fixed_radius,expected_ratio,24,a_minus_b,-0.013822552740294342,-0.020088271797421318,-0.008348159962467966,False,unadjusted 95 percent paired graph percentile bootstrap
study-cc25ae93d418f22101d4,2,131072,uniform_iso,fixed_radius,signed_reference_gap,24,a_minus_b,0.010534418258539638,0.006548042987639222,0.015129247680213533,True,unadjusted 95 percent paired graph percentile bootstrap
study-cc25ae93d418f22101d4,2,131072,uniform_iso,fixed_radius,success_fraction,24,a_minus_b,-0.16666666666666666,-0.3333333333333333,-0.041666666666666664,False,unadjusted 95 percent paired graph percentile bootstrap
study-cc25ae93d418f22101d4,2,131072,uniform_iso,fixed_radius,capped_target_shots,24,a_minus_b,21845.333333333332,5461.333333333333,43690.666666666664,True,unadjusted 95 percent paired graph percentile bootstrap
study-cc25ae93d418f22101d4,2,131072,uniform_iso,fixed_radius,optimization_shots,24,a_minus_b,1248.0,1066.6666666666667,1418.6666666666667,True,unadjusted 95 percent paired graph percentile bootstrap
study-cc25ae93d418f22101d4,2,131072,uniform_iso,fixed_radius,optimization_calls,24,a_minus_b,-92.65277777777777,-115.31979166666666,-69.81909722222223,True,unadjusted 95 percent paired graph percentile bootstrap
study-cc25ae93d418f22101d4,2,131072,uniform_iso,fixed_radius,optimization_jobs,24,a_minus_b,-30.222222222222218,-37.375347222222224,-23.013541666666672,True,unadjusted 95 percent paired graph percentile bootstrap
study-cc25ae93d418f22101d4,2,131072,uniform_iso,fixed_shots,objective,24,a_minus_b,0.010534418258539657,0.0065480429876392495,0.015129247680213552,True,unadjusted 95 percent paired graph percentile bootstrap
study-cc25ae93d418f22101d4,2,131072,uniform_iso,fixed_shots,expected_ratio,24,a_minus_b,-0.013822552740294342,-0.020088271797421318,-0.008348159962467966,False,unadjusted 95 percent paired graph percentile bootstrap
study-cc25ae93d418f22101d4,2,131072,uniform_iso,fixed_shots,signed_reference_gap,24,a_minus_b,0.010534418258539638,0.006548042987639222,0.015129247680213533,True,unadjusted 95 percent paired graph percentile bootstrap
study-cc25ae93d418f22101d4,2,131072,uniform_iso,fixed_shots,success_fraction,24,a_minus_b,-0.16666666666666666,-0.3333333333333333,-0.041666666666666664,False,unadjusted 95 percent paired graph percentile bootstrap
study-cc25ae93d418f22101d4,2,131072,uniform_iso,fixed_shots,capped_target_shots,24,a_minus_b,21845.333333333332,5461.333333333333,43690.666666666664,True,unadjusted 95 percent paired graph percentile bootstrap
study-cc25ae93d418f22101d4,2,131072,uniform_iso,fixed_shots,optimization_shots,24,a_minus_b,63744.0,63744.0,63744.0,True,unadjusted 95 percent paired graph percentile bootstrap
study-cc25ae93d418f22101d4,2,131072,uniform_iso,fixed_shots,optimization_calls,24,a_minus_b,57.0,57.0,57.0,True,unadjusted 95 percent paired graph percentile bootstrap
study-cc25ae93d418f22101d4,2,131072,uniform_iso,fixed_shots,optimization_jobs,24,a_minus_b,21.0,21.0,21.0,True,unadjusted 95 percent paired graph percentile bootstrap
study-cc25ae93d418f22101d4,2,131072,uniform_iso,cobyla,objective,24,a_minus_b,0.010944745882065074,0.006368939484146269,0.01635026058206211,True,unadjusted 95 percent paired graph percentile bootstrap
study-cc25ae93d418f22101d4,2,131072,uniform_iso,cobyla,expected_ratio,24,a_minus_b,-0.01445240851704368,-0.021845722918645966,-0.008195869320213258,False,unadjusted 95 percent paired graph percentile bootstrap
study-cc25ae93d418f22101d4,2,131072,uniform_iso,cobyla,signed_reference_gap,24,a_minus_b,0.010944745882065057,0.006368939484146237,0.01635026058206209,True,unadjusted 95 percent paired graph percentile bootstrap
study-cc25ae93d418f22101d4,2,131072,uniform_iso,cobyla,success_fraction,24,a_minus_b,-0.16666666666666666,-0.3333333333333333,-0.041666666666666664,False,unadjusted 95 percent paired graph percentile bootstrap
study-cc25ae93d418f22101d4,2,131072,uniform_iso,cobyla,capped_target_shots,24,a_minus_b,21845.333333333332,5461.333333333333,43690.666666666664,True,unadjusted 95 percent paired graph percentile bootstrap
study-cc25ae93d418f22101d4,2,131072,uniform_iso,cobyla,optimization_shots,24,a_minus_b,107278.22222222223,106865.7777777778,107690.66666666667,True,unadjusted 95 percent paired graph percentile bootstrap
study-cc25ae93d418f22101d4,2,131072,uniform_iso,cobyla,optimization_calls,24,a_minus_b,41.26388888888889,40.861111111111114,41.666666666666664,True,unadjusted 95 percent paired graph percentile bootstrap
study-cc25ae93d418f22101d4,2,131072,uniform_iso,cobyla,optimization_jobs,24,a_minus_b,0.2638888888888887,-0.13888888888888898,0.6666666666666666,True,unadjusted 95 percent paired graph percentile bootstrap
study-cc25ae93d418f22101d4,2,131072,uniform_iso,spsa,objective,24,a_minus_b,0.013171354852563094,0.008433532823748468,0.01874782662442631,True,unadjusted 95 percent paired graph percentile bootstrap
study-cc25ae93d418f22101d4,2,131072,uniform_iso,spsa,expected_ratio,24,a_minus_b,-0.01727273251854444,-0.024966182930149117,-0.010733935110160037,False,unadjusted 95 percent paired graph percentile bootstrap
study-cc25ae93d418f22101d4,2,131072,uniform_iso,spsa,signed_reference_gap,24,a_minus_b,0.013171354852563077,0.008433532823748459,0.01874782662442631,True,unadjusted 95 percent paired graph percentile bootstrap
study-cc25ae93d418f22101d4,2,131072,uniform_iso,spsa,success_fraction,24,a_minus_b,-0.16666666666666666,-0.3333333333333333,-0.041666666666666664,False,unadjusted 95 percent paired graph percentile bootstrap
study-cc25ae93d418f22101d4,2,131072,uniform_iso,spsa,capped_target_shots,24,a_minus_b,21845.333333333332,5461.333333333333,43690.666666666664,True,unadjusted 95 percent paired graph percentile bootstrap
study-cc25ae93d418f22101d4,2,131072,uniform_iso,spsa,optimization_shots,24,a_minus_b,1536.0,1536.0,1536.0,True,unadjusted 95 percent paired graph percentile bootstrap
study-cc25ae93d418f22101d4,2,131072,uniform_iso,spsa,optimization_calls,24,a_minus_b,-62.0,-62.0,-62.0,True,unadjusted 95 percent paired graph percentile bootstrap
study-cc25ae93d418f22101d4,2,131072,uniform_iso,spsa,optimization_jobs,24,a_minus_b,-61.0,-61.0,-61.0,True,unadjusted 95 percent paired graph percentile bootstrap
study-cc25ae93d418f22101d4,2,131072,random_iso,descriptor_iso,objective,24,a_minus_b,0.13947299185289402,0.1222566217100197,0.15782656003601808,True,unadjusted 95 percent paired graph percentile bootstrap
study-cc25ae93d418f22101d4,2,131072,random_iso,descriptor_iso,expected_ratio,24,a_minus_b,-0.17402219761224044,-0.19713706968966577,-0.15218797513625706,False,unadjusted 95 percent paired graph percentile bootstrap
study-cc25ae93d418f22101d4,2,131072,random_iso,descriptor_iso,signed_reference_gap,24,a_minus_b,0.139472991852894,0.1222566217100197,0.15782656003601805,True,unadjusted 95 percent paired graph percentile bootstrap
study-cc25ae93d418f22101d4,2,131072,random_iso,descriptor_iso,success_fraction,24,a_minus_b,-1.0,-1.0,-1.0,False,unadjusted 95 percent paired graph percentile bootstrap
study-cc25ae93d418f22101d4,2,131072,random_iso,descriptor_iso,capped_target_shots,24,a_minus_b,131072.0,131072.0,131072.0,True,unadjusted 95 percent paired graph percentile bootstrap
study-cc25ae93d418f22101d4,2,131072,random_iso,descriptor_iso,optimization_shots,24,a_minus_b,-160.0,-234.66666666666666,-85.33333333333333,True,unadjusted 95 percent paired graph percentile bootstrap
study-cc25ae93d418f22101d4,2,131072,random_iso,descriptor_iso,optimization_calls,24,a_minus_b,1.0416666666666672,0.5555555555555566,1.5277777777777786,True,unadjusted 95 percent paired graph percentile bootstrap
study-cc25ae93d418f22101d4,2,131072,random_iso,descriptor_iso,optimization_jobs,24,a_minus_b,0.20833333333333318,0.11111111111111087,0.30555555555555564,True,unadjusted 95 percent paired graph percentile bootstrap
study-cc25ae93d418f22101d4,2,131072,random_iso,descriptor_shape,objective,24,a_minus_b,0.13947299185289402,0.1222566217100197,0.15782656003601808,True,unadjusted 95 percent paired graph percentile bootstrap
study-cc25ae93d418f22101d4,2,131072,random_iso,descriptor_shape,expected_ratio,24,a_minus_b,-0.17402219761224044,-0.19713706968966577,-0.15218797513625706,False,unadjusted 95 percent paired graph percentile bootstrap
study-cc25ae93d418f22101d4,2,131072,random_iso,descriptor_shape,signed_reference_gap,24,a_minus_b,0.139472991852894,0.1222566217100197,0.15782656003601805,True,unadjusted 95 percent paired graph percentile bootstrap
study-cc25ae93d418f22101d4,2,131072,random_iso,descriptor_shape,success_fraction,24,a_minus_b,-1.0,-1.0,-1.0,False,unadjusted 95 percent paired graph percentile bootstrap
study-cc25ae93d418f22101d4,2,131072,random_iso,descriptor_shape,capped_target_shots,24,a_minus_b,131072.0,131072.0,131072.0,True,unadjusted 95 percent paired graph percentile bootstrap
study-cc25ae93d418f22101d4,2,131072,random_iso,descriptor_shape,optimization_shots,24,a_minus_b,-160.0,-234.66666666666666,-85.33333333333333,True,unadjusted 95 percent paired graph percentile bootstrap
study-cc25ae93d418f22101d4,2,131072,random_iso,descriptor_shape,optimization_calls,24,a_minus_b,1.0416666666666672,0.5555555555555566,1.5277777777777786,True,unadjusted 95 percent paired graph percentile bootstrap
study-cc25ae93d418f22101d4,2,131072,random_iso,descriptor_shape,optimization_jobs,24,a_minus_b,0.20833333333333318,0.11111111111111087,0.30555555555555564,True,unadjusted 95 percent paired graph percentile bootstrap
study-cc25ae93d418f22101d4,2,131072,random_iso,gw_iso,objective,24,a_minus_b,0.13425693562663707,0.1156482888326923,0.15375297295414708,True,unadjusted 95 percent paired graph percentile bootstrap
study-cc25ae93d418f22101d4,2,131072,random_iso,gw_iso,expected_ratio,24,a_minus_b,-0.16772799627490964,-0.19255128827660667,-0.14452207684086757,False,unadjusted 95 percent paired graph percentile bootstrap
study-cc25ae93d418f22101d4,2,131072,random_iso,gw_iso,signed_reference_gap,24,a_minus_b,0.13425693562663704,0.1156482888326923,0.15375297295414708,True,unadjusted 95 percent paired graph percentile bootstrap
study-cc25ae93d418f22101d4,2,131072,random_iso,gw_iso,success_fraction,24,a_minus_b,-0.9166666666666666,-1.0,-0.7916666666666666,False,unadjusted 95 percent paired graph percentile bootstrap
study-cc25ae93d418f22101d4,2,131072,random_iso,gw_iso,capped_target_shots,24,a_minus_b,120149.33333333333,103765.33333333333,131072.0,True,unadjusted 95 percent paired graph percentile bootstrap
study-cc25ae93d418f22101d4,2,131072,random_iso,gw_iso,optimization_shots,24,a_minus_b,-160.0,-234.66666666666666,-85.33333333333333,True,unadjusted 95 percent paired graph percentile bootstrap
study-cc25ae93d418f22101d4,2,131072,random_iso,gw_iso,optimization_calls,24,a_minus_b,1.0416666666666672,0.5555555555555566,1.5277777777777786,True,unadjusted 95 percent paired graph percentile bootstrap
study-cc25ae93d418f22101d4,2,131072,random_iso,gw_iso,optimization_jobs,24,a_minus_b,0.20833333333333318,0.11111111111111087,0.30555555555555564,True,unadjusted 95 percent paired graph percentile bootstrap
study-cc25ae93d418f22101d4,2,131072,random_iso,gw_shape,objective,24,a_minus_b,0.13425693562663707,0.1156482888326923,0.15375297295414708,True,unadjusted 95 percent paired graph percentile bootstrap
study-cc25ae93d418f22101d4,2,131072,random_iso,gw_shape,expected_ratio,24,a_minus_b,-0.16772799627490964,-0.19255128827660667,-0.14452207684086757,False,unadjusted 95 percent paired graph percentile bootstrap
study-cc25ae93d418f22101d4,2,131072,random_iso,gw_shape,signed_reference_gap,24,a_minus_b,0.13425693562663704,0.1156482888326923,0.15375297295414708,True,unadjusted 95 percent paired graph percentile bootstrap
study-cc25ae93d418f22101d4,2,131072,random_iso,gw_shape,success_fraction,24,a_minus_b,-0.9166666666666666,-1.0,-0.7916666666666666,False,unadjusted 95 percent paired graph percentile bootstrap
study-cc25ae93d418f22101d4,2,131072,random_iso,gw_shape,capped_target_shots,24,a_minus_b,120149.33333333333,103765.33333333333,131072.0,True,unadjusted 95 percent paired graph percentile bootstrap
study-cc25ae93d418f22101d4,2,131072,random_iso,gw_shape,optimization_shots,24,a_minus_b,-160.0,-234.66666666666666,-85.33333333333333,True,unadjusted 95 percent paired graph percentile bootstrap
study-cc25ae93d418f22101d4,2,131072,random_iso,gw_shape,optimization_calls,24,a_minus_b,1.0416666666666672,0.5555555555555566,1.5277777777777786,True,unadjusted 95 percent paired graph percentile bootstrap
study-cc25ae93d418f22101d4,2,131072,random_iso,gw_shape,optimization_jobs,24,a_minus_b,0.20833333333333318,0.11111111111111087,0.30555555555555564,True,unadjusted 95 percent paired graph percentile bootstrap
study-cc25ae93d418f22101d4,2,131072,random_iso,local_iso,objective,24,a_minus_b,0.1285712904120067,0.11021762721214258,0.14824670467794795,True,unadjusted 95 percent paired graph percentile bootstrap
study-cc25ae93d418f22101d4,2,131072,random_iso,local_iso,expected_ratio,24,a_minus_b,-0.15990313368322817,-0.184392479998698,-0.13752304352208372,False,unadjusted 95 percent paired graph percentile bootstrap
study-cc25ae93d418f22101d4,2,131072,random_iso,local_iso,signed_reference_gap,24,a_minus_b,0.1285712904120067,0.11021762721214258,0.148246704677948,True,unadjusted 95 percent paired graph percentile bootstrap
study-cc25ae93d418f22101d4,2,131072,random_iso,local_iso,success_fraction,24,a_minus_b,-0.8333333333333334,-0.9583333333333334,-0.6666666666666666,False,unadjusted 95 percent paired graph percentile bootstrap
study-cc25ae93d418f22101d4,2,131072,random_iso,local_iso,capped_target_shots,24,a_minus_b,109226.66666666667,87381.33333333333,125610.66666666667,True,unadjusted 95 percent paired graph percentile bootstrap
study-cc25ae93d418f22101d4,2,131072,random_iso,local_iso,optimization_shots,24,a_minus_b,-160.0,-234.66666666666666,-85.33333333333333,True,unadjusted 95 percent paired graph percentile bootstrap
study-cc25ae93d418f22101d4,2,131072,random_iso,local_iso,optimization_calls,24,a_minus_b,1.0416666666666672,0.5555555555555566,1.5277777777777786,True,unadjusted 95 percent paired graph percentile bootstrap
study-cc25ae93d418f22101d4,2,131072,random_iso,local_iso,optimization_jobs,24,a_minus_b,0.20833333333333318,0.11111111111111087,0.30555555555555564,True,unadjusted 95 percent paired graph percentile bootstrap
study-cc25ae93d418f22101d4,2,131072,random_iso,shuffled_gw,objective,24,a_minus_b,0.12811284657296176,0.1099916241751112,0.14799019168216185,True,unadjusted 95 percent paired graph percentile bootstrap
study-cc25ae93d418f22101d4,2,131072,random_iso,shuffled_gw,expected_ratio,24,a_minus_b,-0.15986725116888906,-0.18436343010801806,-0.1371057290737927,False,unadjusted 95 percent paired graph percentile bootstrap
study-cc25ae93d418f22101d4,2,131072,random_iso,shuffled_gw,signed_reference_gap,24,a_minus_b,0.12811284657296174,0.10999162417511123,0.14799019168216188,True,unadjusted 95 percent paired graph percentile bootstrap
study-cc25ae93d418f22101d4,2,131072,random_iso,shuffled_gw,success_fraction,24,a_minus_b,-0.75,-0.9166666666666666,-0.5833333333333334,False,unadjusted 95 percent paired graph percentile bootstrap
study-cc25ae93d418f22101d4,2,131072,random_iso,shuffled_gw,capped_target_shots,24,a_minus_b,98304.0,76458.66666666667,120149.33333333333,True,unadjusted 95 percent paired graph percentile bootstrap
study-cc25ae93d418f22101d4,2,131072,random_iso,shuffled_gw,optimization_shots,24,a_minus_b,-128.0,-224.0,-10.666666666666666,True,unadjusted 95 percent paired graph percentile bootstrap
study-cc25ae93d418f22101d4,2,131072,random_iso,shuffled_gw,optimization_calls,24,a_minus_b,0.8333333333333339,0.06944444444444524,1.4583333333333346,True,unadjusted 95 percent paired graph percentile bootstrap
study-cc25ae93d418f22101d4,2,131072,random_iso,shuffled_gw,optimization_jobs,24,a_minus_b,0.16666666666666652,0.01388888888888884,0.2916666666666668,True,unadjusted 95 percent paired graph percentile bootstrap
study-cc25ae93d418f22101d4,2,131072,random_iso,bad_prior,objective,24,a_minus_b,-0.025869195405421597,-0.055742595063539,0.004231139427652402,True,unadjusted 95 percent paired graph percentile bootstrap
study-cc25ae93d418f22101d4,2,131072,random_iso,bad_prior,expected_ratio,24,a_minus_b,0.029944617056959597,-0.0060612646478853845,0.06496888848331067,False,unadjusted 95 percent paired graph percentile bootstrap
study-cc25ae93d418f22101d4,2,131072,random_iso,bad_prior,signed_reference_gap,24,a_minus_b,-0.0258691954054216,-0.05574259506353901,0.00423113942765242,True,unadjusted 95 percent paired graph percentile bootstrap
study-cc25ae93d418f22101d4,2,131072,random_iso,bad_prior,success_fraction,24,a_minus_b,0.0,0.0,0.0,False,unadjusted 95 percent paired graph percentile bootstrap
study-cc25ae93d418f22101d4,2,131072,random_iso,bad_prior,capped_target_shots,24,a_minus_b,0.0,0.0,0.0,True,unadjusted 95 percent paired graph percentile bootstrap
study-cc25ae93d418f22101d4,2,131072,random_iso,bad_prior,optimization_shots,24,a_minus_b,-32.0,-138.66666666666666,85.33333333333333,True,unadjusted 95 percent paired graph percentile bootstrap
study-cc25ae93d418f22101d4,2,131072,random_iso,bad_prior,optimization_calls,24,a_minus_b,-0.5694444444444441,-1.875,0.5555555555555566,True,unadjusted 95 percent paired graph percentile bootstrap
study-cc25ae93d418f22101d4,2,131072,random_iso,bad_prior,optimization_jobs,24,a_minus_b,-0.18055555555555566,-0.5277777777777777,0.09722222222222217,True,unadjusted 95 percent paired graph percentile bootstrap
study-cc25ae93d418f22101d4,2,131072,random_iso,no_repair,objective,24,a_minus_b,0.13947299185289402,0.1222566217100197,0.15782656003601808,True,unadjusted 95 percent paired graph percentile bootstrap
study-cc25ae93d418f22101d4,2,131072,random_iso,no_repair,expected_ratio,24,a_minus_b,-0.17402219761224044,-0.19713706968966577,-0.15218797513625706,False,unadjusted 95 percent paired graph percentile bootstrap
study-cc25ae93d418f22101d4,2,131072,random_iso,no_repair,signed_reference_gap,24,a_minus_b,0.139472991852894,0.1222566217100197,0.15782656003601805,True,unadjusted 95 percent paired graph percentile bootstrap
study-cc25ae93d418f22101d4,2,131072,random_iso,no_repair,success_fraction,24,a_minus_b,-1.0,-1.0,-1.0,False,unadjusted 95 percent paired graph percentile bootstrap
study-cc25ae93d418f22101d4,2,131072,random_iso,no_repair,capped_target_shots,24,a_minus_b,131072.0,131072.0,131072.0,True,unadjusted 95 percent paired graph percentile bootstrap
study-cc25ae93d418f22101d4,2,131072,random_iso,no_repair,optimization_shots,24,a_minus_b,-10.666666666666666,-85.33333333333333,64.0,True,unadjusted 95 percent paired graph percentile bootstrap
study-cc25ae93d418f22101d4,2,131072,random_iso,no_repair,optimization_calls,24,a_minus_b,0.06944444444444346,-0.41666666666666785,0.5555555555555548,True,unadjusted 95 percent paired graph percentile bootstrap
study-cc25ae93d418f22101d4,2,131072,random_iso,no_repair,optimization_jobs,24,a_minus_b,0.013888888888889136,-0.08333333333333319,0.11111111111111145,True,unadjusted 95 percent paired graph percentile bootstrap
study-cc25ae93d418f22101d4,2,131072,random_iso,fixed_radius,objective,24,a_minus_b,0.13947299185289402,0.1222566217100197,0.15782656003601808,True,unadjusted 95 percent paired graph percentile bootstrap
study-cc25ae93d418f22101d4,2,131072,random_iso,fixed_radius,expected_ratio,24,a_minus_b,-0.17402219761224044,-0.19713706968966577,-0.15218797513625706,False,unadjusted 95 percent paired graph percentile bootstrap
study-cc25ae93d418f22101d4,2,131072,random_iso,fixed_radius,signed_reference_gap,24,a_minus_b,0.139472991852894,0.1222566217100197,0.15782656003601805,True,unadjusted 95 percent paired graph percentile bootstrap
study-cc25ae93d418f22101d4,2,131072,random_iso,fixed_radius,success_fraction,24,a_minus_b,-1.0,-1.0,-1.0,False,unadjusted 95 percent paired graph percentile bootstrap
study-cc25ae93d418f22101d4,2,131072,random_iso,fixed_radius,capped_target_shots,24,a_minus_b,131072.0,131072.0,131072.0,True,unadjusted 95 percent paired graph percentile bootstrap
study-cc25ae93d418f22101d4,2,131072,random_iso,fixed_radius,optimization_shots,24,a_minus_b,1088.0,896.0,1269.3333333333333,True,unadjusted 95 percent paired graph percentile bootstrap
study-cc25ae93d418f22101d4,2,131072,random_iso,fixed_radius,optimization_calls,24,a_minus_b,-91.61111111111113,-113.91736111111112,-69.06944444444444,True,unadjusted 95 percent paired graph percentile bootstrap
study-cc25ae93d418f22101d4,2,131072,random_iso,fixed_radius,optimization_jobs,24,a_minus_b,-30.013888888888886,-37.111111111111114,-22.847222222222225,True,unadjusted 95 percent paired graph percentile bootstrap
study-cc25ae93d418f22101d4,2,131072,random_iso,fixed_shots,objective,24,a_minus_b,0.13947299185289402,0.1222566217100197,0.15782656003601808,True,unadjusted 95 percent paired graph percentile bootstrap
study-cc25ae93d418f22101d4,2,131072,random_iso,fixed_shots,expected_ratio,24,a_minus_b,-0.17402219761224044,-0.19713706968966577,-0.15218797513625706,False,unadjusted 95 percent paired graph percentile bootstrap
study-cc25ae93d418f22101d4,2,131072,random_iso,fixed_shots,signed_reference_gap,24,a_minus_b,0.139472991852894,0.1222566217100197,0.15782656003601805,True,unadjusted 95 percent paired graph percentile bootstrap
study-cc25ae93d418f22101d4,2,131072,random_iso,fixed_shots,success_fraction,24,a_minus_b,-1.0,-1.0,-1.0,False,unadjusted 95 percent paired graph percentile bootstrap
study-cc25ae93d418f22101d4,2,131072,random_iso,fixed_shots,capped_target_shots,24,a_minus_b,131072.0,131072.0,131072.0,True,unadjusted 95 percent paired graph percentile bootstrap
study-cc25ae93d418f22101d4,2,131072,random_iso,fixed_shots,optimization_shots,24,a_minus_b,63584.0,63509.333333333336,63658.666666666664,True,unadjusted 95 percent paired graph percentile bootstrap
study-cc25ae93d418f22101d4,2,131072,random_iso,fixed_shots,optimization_calls,24,a_minus_b,58.041666666666664,57.555555555555564,58.52777777777778,True,unadjusted 95 percent paired graph percentile bootstrap
study-cc25ae93d418f22101d4,2,131072,random_iso,fixed_shots,optimization_jobs,24,a_minus_b,21.208333333333332,21.11111111111111,21.305555555555557,True,unadjusted 95 percent paired graph percentile bootstrap
study-cc25ae93d418f22101d4,2,131072,random_iso,cobyla,objective,24,a_minus_b,0.13988331947641944,0.12257421214363284,0.15821853771904282,True,unadjusted 95 percent paired graph percentile bootstrap
study-cc25ae93d418f22101d4,2,131072,random_iso,cobyla,expected_ratio,24,a_minus_b,-0.1746520533889898,-0.19773852979235554,-0.15270149631187183,False,unadjusted 95 percent paired graph percentile bootstrap
study-cc25ae93d418f22101d4,2,131072,random_iso,cobyla,signed_reference_gap,24,a_minus_b,0.13988331947641944,0.12257421214363282,0.15821853771904282,True,unadjusted 95 percent paired graph percentile bootstrap
study-cc25ae93d418f22101d4,2,131072,random_iso,cobyla,success_fraction,24,a_minus_b,-1.0,-1.0,-1.0,False,unadjusted 95 percent paired graph percentile bootstrap
study-cc25ae93d418f22101d4,2,131072,random_iso,cobyla,capped_target_shots,24,a_minus_b,131072.0,131072.0,131072.0,True,unadjusted 95 percent paired graph percentile bootstrap
study-cc25ae93d418f22101d4,2,131072,random_iso,cobyla,optimization_shots,24,a_minus_b,107118.22222222223,106684.44444444445,107555.55555555555,True,unadjusted 95 percent paired graph percentile bootstrap
study-cc25ae93d418f22101d4,2,131072,random_iso,cobyla,optimization_calls,24,a_minus_b,42.30555555555555,41.73611111111111,42.87534722222222,True,unadjusted 95 percent paired graph percentile bootstrap
study-cc25ae93d418f22101d4,2,131072,random_iso,cobyla,optimization_jobs,24,a_minus_b,0.4722222222222219,0.08333333333333275,0.861111111111111,True,unadjusted 95 percent paired graph percentile bootstrap
study-cc25ae93d418f22101d4,2,131072,random_iso,spsa,objective,24,a_minus_b,0.14210992844691747,0.1249760302676382,0.16035121463154084,True,unadjusted 95 percent paired graph percentile bootstrap
study-cc25ae93d418f22101d4,2,131072,random_iso,spsa,expected_ratio,24,a_minus_b,-0.17747237739049057,-0.20053615460402413,-0.15569679200906097,False,unadjusted 95 percent paired graph percentile bootstrap
study-cc25ae93d418f22101d4,2,131072,random_iso,spsa,signed_reference_gap,24,a_minus_b,0.14210992844691744,0.1249760302676382,0.16035121463154084,True,unadjusted 95 percent paired graph percentile bootstrap
study-cc25ae93d418f22101d4,2,131072,random_iso,spsa,success_fraction,24,a_minus_b,-1.0,-1.0,-1.0,False,unadjusted 95 percent paired graph percentile bootstrap
study-cc25ae93d418f22101d4,2,131072,random_iso,spsa,capped_target_shots,24,a_minus_b,131072.0,131072.0,131072.0,True,unadjusted 95 percent paired graph percentile bootstrap
study-cc25ae93d418f22101d4,2,131072,random_iso,spsa,optimization_shots,24,a_minus_b,1376.0,1301.3333333333333,1450.6666666666667,True,unadjusted 95 percent paired graph percentile bootstrap
study-cc25ae93d418f22101d4,2,131072,random_iso,spsa,optimization_calls,24,a_minus_b,-60.958333333333336,-61.444444444444436,-60.47222222222222,True,unadjusted 95 percent paired graph percentile bootstrap
study-cc25ae93d418f22101d4,2,131072,random_iso,spsa,optimization_jobs,24,a_minus_b,-60.791666666666664,-60.88888888888889,-60.694444444444436,True,unadjusted 95 percent paired graph percentile bootstrap
study-cc25ae93d418f22101d4,2,131072,descriptor_iso,descriptor_shape,objective,24,a_minus_b,0.0,0.0,0.0,True,unadjusted 95 percent paired graph percentile bootstrap
study-cc25ae93d418f22101d4,2,131072,descriptor_iso,descriptor_shape,expected_ratio,24,a_minus_b,0.0,0.0,0.0,False,unadjusted 95 percent paired graph percentile bootstrap
study-cc25ae93d418f22101d4,2,131072,descriptor_iso,descriptor_shape,signed_reference_gap,24,a_minus_b,0.0,0.0,0.0,True,unadjusted 95 percent paired graph percentile bootstrap
study-cc25ae93d418f22101d4,2,131072,descriptor_iso,descriptor_shape,success_fraction,24,a_minus_b,0.0,0.0,0.0,False,unadjusted 95 percent paired graph percentile bootstrap
study-cc25ae93d418f22101d4,2,131072,descriptor_iso,descriptor_shape,capped_target_shots,24,a_minus_b,0.0,0.0,0.0,True,unadjusted 95 percent paired graph percentile bootstrap
study-cc25ae93d418f22101d4,2,131072,descriptor_iso,descriptor_shape,optimization_shots,24,a_minus_b,0.0,0.0,0.0,True,unadjusted 95 percent paired graph percentile bootstrap
study-cc25ae93d418f22101d4,2,131072,descriptor_iso,descriptor_shape,optimization_calls,24,a_minus_b,0.0,0.0,0.0,True,unadjusted 95 percent paired graph percentile bootstrap
study-cc25ae93d418f22101d4,2,131072,descriptor_iso,descriptor_shape,optimization_jobs,24,a_minus_b,0.0,0.0,0.0,True,unadjusted 95 percent paired graph percentile bootstrap
study-cc25ae93d418f22101d4,2,131072,descriptor_iso,gw_iso,objective,24,a_minus_b,-0.005216056226256968,-0.00842770841153303,-0.002348050111555906,True,unadjusted 95 percent paired graph percentile bootstrap
study-cc25ae93d418f22101d4,2,131072,descriptor_iso,gw_iso,expected_ratio,24,a_minus_b,0.006294201337330797,0.002802701369536215,0.01025380692371524,False,unadjusted 95 percent paired graph percentile bootstrap
study-cc25ae93d418f22101d4,2,131072,descriptor_iso,gw_iso,signed_reference_gap,24,a_minus_b,-0.005216056226256968,-0.008427708411533008,-0.0023480501115558973,True,unadjusted 95 percent paired graph percentile bootstrap
study-cc25ae93d418f22101d4,2,131072,descriptor_iso,gw_iso,success_fraction,24,a_minus_b,0.08333333333333333,0.0,0.20833333333333334,False,unadjusted 95 percent paired graph percentile bootstrap
study-cc25ae93d418f22101d4,2,131072,descriptor_iso,gw_iso,capped_target_shots,24,a_minus_b,-10922.666666666666,-27306.666666666668,0.0,True,unadjusted 95 percent paired graph percentile bootstrap
study-cc25ae93d418f22101d4,2,131072,descriptor_iso,gw_iso,optimization_shots,24,a_minus_b,0.0,0.0,0.0,True,unadjusted 95 percent paired graph percentile bootstrap
study-cc25ae93d418f22101d4,2,131072,descriptor_iso,gw_iso,optimization_calls,24,a_minus_b,0.0,0.0,0.0,True,unadjusted 95 percent paired graph percentile bootstrap
study-cc25ae93d418f22101d4,2,131072,descriptor_iso,gw_iso,optimization_jobs,24,a_minus_b,0.0,0.0,0.0,True,unadjusted 95 percent paired graph percentile bootstrap
study-cc25ae93d418f22101d4,2,131072,descriptor_iso,gw_shape,objective,24,a_minus_b,-0.005216056226256968,-0.00842770841153303,-0.002348050111555906,True,unadjusted 95 percent paired graph percentile bootstrap
study-cc25ae93d418f22101d4,2,131072,descriptor_iso,gw_shape,expected_ratio,24,a_minus_b,0.006294201337330797,0.002802701369536215,0.01025380692371524,False,unadjusted 95 percent paired graph percentile bootstrap
study-cc25ae93d418f22101d4,2,131072,descriptor_iso,gw_shape,signed_reference_gap,24,a_minus_b,-0.005216056226256968,-0.008427708411533008,-0.0023480501115558973,True,unadjusted 95 percent paired graph percentile bootstrap
study-cc25ae93d418f22101d4,2,131072,descriptor_iso,gw_shape,success_fraction,24,a_minus_b,0.08333333333333333,0.0,0.20833333333333334,False,unadjusted 95 percent paired graph percentile bootstrap
study-cc25ae93d418f22101d4,2,131072,descriptor_iso,gw_shape,capped_target_shots,24,a_minus_b,-10922.666666666666,-27306.666666666668,0.0,True,unadjusted 95 percent paired graph percentile bootstrap
study-cc25ae93d418f22101d4,2,131072,descriptor_iso,gw_shape,optimization_shots,24,a_minus_b,0.0,0.0,0.0,True,unadjusted 95 percent paired graph percentile bootstrap
study-cc25ae93d418f22101d4,2,131072,descriptor_iso,gw_shape,optimization_calls,24,a_minus_b,0.0,0.0,0.0,True,unadjusted 95 percent paired graph percentile bootstrap
study-cc25ae93d418f22101d4,2,131072,descriptor_iso,gw_shape,optimization_jobs,24,a_minus_b,0.0,0.0,0.0,True,unadjusted 95 percent paired graph percentile bootstrap
study-cc25ae93d418f22101d4,2,131072,descriptor_iso,local_iso,objective,24,a_minus_b,-0.010901701440887313,-0.015498314128155331,-0.006819997103648477,True,unadjusted 95 percent paired graph percentile bootstrap
study-cc25ae93d418f22101d4,2,131072,descriptor_iso,local_iso,expected_ratio,24,a_minus_b,0.014119063929012271,0.008584494745411052,0.020376968921007023,False,unadjusted 95 percent paired graph percentile bootstrap
study-cc25ae93d418f22101d4,2,131072,descriptor_iso,local_iso,signed_reference_gap,24,a_minus_b,-0.010901701440887299,-0.015498314128155326,-0.00681999710364845,True,unadjusted 95 percent paired graph percentile bootstrap
study-cc25ae93d418f22101d4,2,131072,descriptor_iso,local_iso,success_fraction,24,a_minus_b,0.16666666666666666,0.041666666666666664,0.3333333333333333,False,unadjusted 95 percent paired graph percentile bootstrap
study-cc25ae93d418f22101d4,2,131072,descriptor_iso,local_iso,capped_target_shots,24,a_minus_b,-21845.333333333332,-43690.666666666664,-5461.333333333333,True,unadjusted 95 percent paired graph percentile bootstrap
study-cc25ae93d418f22101d4,2,131072,descriptor_iso,local_iso,optimization_shots,24,a_minus_b,0.0,0.0,0.0,True,unadjusted 95 percent paired graph percentile bootstrap
study-cc25ae93d418f22101d4,2,131072,descriptor_iso,local_iso,optimization_calls,24,a_minus_b,0.0,0.0,0.0,True,unadjusted 95 percent paired graph percentile bootstrap
study-cc25ae93d418f22101d4,2,131072,descriptor_iso,local_iso,optimization_jobs,24,a_minus_b,0.0,0.0,0.0,True,unadjusted 95 percent paired graph percentile bootstrap
study-cc25ae93d418f22101d4,2,131072,descriptor_iso,shuffled_gw,objective,24,a_minus_b,-0.011360145279932269,-0.01934018815571599,-0.004989624576227155,True,unadjusted 95 percent paired graph percentile bootstrap
study-cc25ae93d418f22101d4,2,131072,descriptor_iso,shuffled_gw,expected_ratio,24,a_minus_b,0.014154946443351376,0.006365946934149381,0.02368877341716773,False,unadjusted 95 percent paired graph percentile bootstrap
study-cc25ae93d418f22101d4,2,131072,descriptor_iso,shuffled_gw,signed_reference_gap,24,a_minus_b,-0.011360145279932265,-0.019340188155715976,-0.004989624576227178,True,unadjusted 95 percent paired graph percentile bootstrap
study-cc25ae93d418f22101d4,2,131072,descriptor_iso,shuffled_gw,success_fraction,24,a_minus_b,0.25,0.08333333333333333,0.4166666666666667,False,unadjusted 95 percent paired graph percentile bootstrap
study-cc25ae93d418f22101d4,2,131072,descriptor_iso,shuffled_gw,capped_target_shots,24,a_minus_b,-32768.0,-54613.333333333336,-10922.666666666666,True,unadjusted 95 percent paired graph percentile bootstrap
study-cc25ae93d418f22101d4,2,131072,descriptor_iso,shuffled_gw,optimization_shots,24,a_minus_b,32.0,0.0,96.0,True,unadjusted 95 percent paired graph percentile bootstrap
study-cc25ae93d418f22101d4,2,131072,descriptor_iso,shuffled_gw,optimization_calls,24,a_minus_b,-0.20833333333333334,-0.625,0.0,True,unadjusted 95 percent paired graph percentile bootstrap
study-cc25ae93d418f22101d4,2,131072,descriptor_iso,shuffled_gw,optimization_jobs,24,a_minus_b,-0.041666666666666664,-0.125,0.0,True,unadjusted 95 percent paired graph percentile bootstrap
study-cc25ae93d418f22101d4,2,131072,descriptor_iso,bad_prior,objective,24,a_minus_b,-0.16534218725831562,-0.1871678071709332,-0.14267165660082146,True,unadjusted 95 percent paired graph percentile bootstrap
study-cc25ae93d418f22101d4,2,131072,descriptor_iso,bad_prior,expected_ratio,24,a_minus_b,0.20396681466920005,0.17805485682507904,0.2280006449822262,False,unadjusted 95 percent paired graph percentile bootstrap
study-cc25ae93d418f22101d4,2,131072,descriptor_iso,bad_prior,signed_reference_gap,24,a_minus_b,-0.16534218725831562,-0.1871678071709332,-0.14267165660082146,True,unadjusted 95 percent paired graph percentile bootstrap
study-cc25ae93d418f22101d4,2,131072,descriptor_iso,bad_prior,success_fraction,24,a_minus_b,1.0,1.0,1.0,False,unadjusted 95 percent paired graph percentile bootstrap
study-cc25ae93d418f22101d4,2,131072,descriptor_iso,bad_prior,capped_target_shots,24,a_minus_b,-131072.0,-131072.0,-131072.0,True,unadjusted 95 percent paired graph percentile bootstrap
study-cc25ae93d418f22101d4,2,131072,descriptor_iso,bad_prior,optimization_shots,24,a_minus_b,128.0,32.0,245.33333333333334,True,unadjusted 95 percent paired graph percentile bootstrap
study-cc25ae93d418f22101d4,2,131072,descriptor_iso,bad_prior,optimization_calls,24,a_minus_b,-1.6111111111111114,-3.125694444444444,-0.4166666666666667,True,unadjusted 95 percent paired graph percentile bootstrap
study-cc25ae93d418f22101d4,2,131072,descriptor_iso,bad_prior,optimization_jobs,24,a_minus_b,-0.38888888888888884,-0.7916666666666665,-0.08333333333333333,True,unadjusted 95 percent paired graph percentile bootstrap
study-cc25ae93d418f22101d4,2,131072,descriptor_iso,no_repair,objective,24,a_minus_b,0.0,0.0,0.0,True,unadjusted 95 percent paired graph percentile bootstrap
study-cc25ae93d418f22101d4,2,131072,descriptor_iso,no_repair,expected_ratio,24,a_minus_b,0.0,0.0,0.0,False,unadjusted 95 percent paired graph percentile bootstrap
study-cc25ae93d418f22101d4,2,131072,descriptor_iso,no_repair,signed_reference_gap,24,a_minus_b,0.0,0.0,0.0,True,unadjusted 95 percent paired graph percentile bootstrap
study-cc25ae93d418f22101d4,2,131072,descriptor_iso,no_repair,success_fraction,24,a_minus_b,0.0,0.0,0.0,False,unadjusted 95 percent paired graph percentile bootstrap
study-cc25ae93d418f22101d4,2,131072,descriptor_iso,no_repair,capped_target_shots,24,a_minus_b,0.0,0.0,0.0,True,unadjusted 95 percent paired graph percentile bootstrap
study-cc25ae93d418f22101d4,2,131072,descriptor_iso,no_repair,optimization_shots,24,a_minus_b,149.33333333333334,85.33333333333333,213.33333333333334,True,unadjusted 95 percent paired graph percentile bootstrap
study-cc25ae93d418f22101d4,2,131072,descriptor_iso,no_repair,optimization_calls,24,a_minus_b,-0.9722222222222238,-1.3888888888888917,-0.5555555555555571,True,unadjusted 95 percent paired graph percentile bootstrap
study-cc25ae93d418f22101d4,2,131072,descriptor_iso,no_repair,optimization_jobs,24,a_minus_b,-0.19444444444444406,-0.2777777777777777,-0.11111111111111087,True,unadjusted 95 percent paired graph percentile bootstrap
study-cc25ae93d418f22101d4,2,131072,descriptor_iso,fixed_radius,objective,24,a_minus_b,0.0,0.0,0.0,True,unadjusted 95 percent paired graph percentile bootstrap
study-cc25ae93d418f22101d4,2,131072,descriptor_iso,fixed_radius,expected_ratio,24,a_minus_b,0.0,0.0,0.0,False,unadjusted 95 percent paired graph percentile bootstrap
study-cc25ae93d418f22101d4,2,131072,descriptor_iso,fixed_radius,signed_reference_gap,24,a_minus_b,0.0,0.0,0.0,True,unadjusted 95 percent paired graph percentile bootstrap
study-cc25ae93d418f22101d4,2,131072,descriptor_iso,fixed_radius,success_fraction,24,a_minus_b,0.0,0.0,0.0,False,unadjusted 95 percent paired graph percentile bootstrap
study-cc25ae93d418f22101d4,2,131072,descriptor_iso,fixed_radius,capped_target_shots,24,a_minus_b,0.0,0.0,0.0,True,unadjusted 95 percent paired graph percentile bootstrap
study-cc25ae93d418f22101d4,2,131072,descriptor_iso,fixed_radius,optimization_shots,24,a_minus_b,1248.0,1066.6666666666667,1418.6666666666667,True,unadjusted 95 percent paired graph percentile bootstrap
study-cc25ae93d418f22101d4,2,131072,descriptor_iso,fixed_radius,optimization_calls,24,a_minus_b,-92.65277777777777,-115.31979166666666,-69.81909722222223,True,unadjusted 95 percent paired graph percentile bootstrap
study-cc25ae93d418f22101d4,2,131072,descriptor_iso,fixed_radius,optimization_jobs,24,a_minus_b,-30.222222222222218,-37.375347222222224,-23.013541666666672,True,unadjusted 95 percent paired graph percentile bootstrap
study-cc25ae93d418f22101d4,2,131072,descriptor_iso,fixed_shots,objective,24,a_minus_b,0.0,0.0,0.0,True,unadjusted 95 percent paired graph percentile bootstrap
study-cc25ae93d418f22101d4,2,131072,descriptor_iso,fixed_shots,expected_ratio,24,a_minus_b,0.0,0.0,0.0,False,unadjusted 95 percent paired graph percentile bootstrap
study-cc25ae93d418f22101d4,2,131072,descriptor_iso,fixed_shots,signed_reference_gap,24,a_minus_b,0.0,0.0,0.0,True,unadjusted 95 percent paired graph percentile bootstrap
study-cc25ae93d418f22101d4,2,131072,descriptor_iso,fixed_shots,success_fraction,24,a_minus_b,0.0,0.0,0.0,False,unadjusted 95 percent paired graph percentile bootstrap
study-cc25ae93d418f22101d4,2,131072,descriptor_iso,fixed_shots,capped_target_shots,24,a_minus_b,0.0,0.0,0.0,True,unadjusted 95 percent paired graph percentile bootstrap
study-cc25ae93d418f22101d4,2,131072,descriptor_iso,fixed_shots,optimization_shots,24,a_minus_b,63744.0,63744.0,63744.0,True,unadjusted 95 percent paired graph percentile bootstrap
study-cc25ae93d418f22101d4,2,131072,descriptor_iso,fixed_shots,optimization_calls,24,a_minus_b,57.0,57.0,57.0,True,unadjusted 95 percent paired graph percentile bootstrap
study-cc25ae93d418f22101d4,2,131072,descriptor_iso,fixed_shots,optimization_jobs,24,a_minus_b,21.0,21.0,21.0,True,unadjusted 95 percent paired graph percentile bootstrap
study-cc25ae93d418f22101d4,2,131072,descriptor_iso,cobyla,objective,24,a_minus_b,0.00041032762352541846,-0.0004306188703001544,0.001433830459731356,True,unadjusted 95 percent paired graph percentile bootstrap
study-cc25ae93d418f22101d4,2,131072,descriptor_iso,cobyla,expected_ratio,24,a_minus_b,-0.0006298557767493393,-0.0019630782404314664,0.0004492345069758635,False,unadjusted 95 percent paired graph percentile bootstrap
study-cc25ae93d418f22101d4,2,131072,descriptor_iso,cobyla,signed_reference_gap,24,a_minus_b,0.0004103276235254167,-0.00043061887030014447,0.0014338304597313607,True,unadjusted 95 percent paired graph percentile bootstrap
study-cc25ae93d418f22101d4,2,131072,descriptor_iso,cobyla,success_fraction,24,a_minus_b,0.0,0.0,0.0,False,unadjusted 95 percent paired graph percentile bootstrap
study-cc25ae93d418f22101d4,2,131072,descriptor_iso,cobyla,capped_target_shots,24,a_minus_b,0.0,0.0,0.0,True,unadjusted 95 percent paired graph percentile bootstrap
study-cc25ae93d418f22101d4,2,131072,descriptor_iso,cobyla,optimization_shots,24,a_minus_b,107278.22222222223,106865.7777777778,107690.66666666667,True,unadjusted 95 percent paired graph percentile bootstrap
study-cc25ae93d418f22101d4,2,131072,descriptor_iso,cobyla,optimization_calls,24,a_minus_b,41.26388888888889,40.861111111111114,41.666666666666664,True,unadjusted 95 percent paired graph percentile bootstrap
study-cc25ae93d418f22101d4,2,131072,descriptor_iso,cobyla,optimization_jobs,24,a_minus_b,0.2638888888888887,-0.13888888888888898,0.6666666666666666,True,unadjusted 95 percent paired graph percentile bootstrap
study-cc25ae93d418f22101d4,2,131072,descriptor_iso,spsa,objective,24,a_minus_b,0.002636936594023439,0.0016134940391959191,0.003865481295582824,True,unadjusted 95 percent paired graph percentile bootstrap
study-cc25ae93d418f22101d4,2,131072,descriptor_iso,spsa,expected_ratio,24,a_minus_b,-0.003450179778250096,-0.005134783965020474,-0.002048547551082193,False,unadjusted 95 percent paired graph percentile bootstrap
study-cc25ae93d418f22101d4,2,131072,descriptor_iso,spsa,signed_reference_gap,24,a_minus_b,0.0026369365940234397,0.0016134940391959209,0.0038654812955828143,True,unadjusted 95 percent paired graph percentile bootstrap
study-cc25ae93d418f22101d4,2,131072,descriptor_iso,spsa,success_fraction,24,a_minus_b,0.0,0.0,0.0,False,unadjusted 95 percent paired graph percentile bootstrap
study-cc25ae93d418f22101d4,2,131072,descriptor_iso,spsa,capped_target_shots,24,a_minus_b,0.0,0.0,0.0,True,unadjusted 95 percent paired graph percentile bootstrap
study-cc25ae93d418f22101d4,2,131072,descriptor_iso,spsa,optimization_shots,24,a_minus_b,1536.0,1536.0,1536.0,True,unadjusted 95 percent paired graph percentile bootstrap
study-cc25ae93d418f22101d4,2,131072,descriptor_iso,spsa,optimization_calls,24,a_minus_b,-62.0,-62.0,-62.0,True,unadjusted 95 percent paired graph percentile bootstrap
study-cc25ae93d418f22101d4,2,131072,descriptor_iso,spsa,optimization_jobs,24,a_minus_b,-61.0,-61.0,-61.0,True,unadjusted 95 percent paired graph percentile bootstrap
study-cc25ae93d418f22101d4,2,131072,descriptor_shape,gw_iso,objective,24,a_minus_b,-0.005216056226256968,-0.00842770841153303,-0.002348050111555906,True,unadjusted 95 percent paired graph percentile bootstrap
study-cc25ae93d418f22101d4,2,131072,descriptor_shape,gw_iso,expected_ratio,24,a_minus_b,0.006294201337330797,0.002802701369536215,0.01025380692371524,False,unadjusted 95 percent paired graph percentile bootstrap
study-cc25ae93d418f22101d4,2,131072,descriptor_shape,gw_iso,signed_reference_gap,24,a_minus_b,-0.005216056226256968,-0.008427708411533008,-0.0023480501115558973,True,unadjusted 95 percent paired graph percentile bootstrap
study-cc25ae93d418f22101d4,2,131072,descriptor_shape,gw_iso,success_fraction,24,a_minus_b,0.08333333333333333,0.0,0.20833333333333334,False,unadjusted 95 percent paired graph percentile bootstrap
study-cc25ae93d418f22101d4,2,131072,descriptor_shape,gw_iso,capped_target_shots,24,a_minus_b,-10922.666666666666,-27306.666666666668,0.0,True,unadjusted 95 percent paired graph percentile bootstrap
study-cc25ae93d418f22101d4,2,131072,descriptor_shape,gw_iso,optimization_shots,24,a_minus_b,0.0,0.0,0.0,True,unadjusted 95 percent paired graph percentile bootstrap
study-cc25ae93d418f22101d4,2,131072,descriptor_shape,gw_iso,optimization_calls,24,a_minus_b,0.0,0.0,0.0,True,unadjusted 95 percent paired graph percentile bootstrap
study-cc25ae93d418f22101d4,2,131072,descriptor_shape,gw_iso,optimization_jobs,24,a_minus_b,0.0,0.0,0.0,True,unadjusted 95 percent paired graph percentile bootstrap
study-cc25ae93d418f22101d4,2,131072,descriptor_shape,gw_shape,objective,24,a_minus_b,-0.005216056226256968,-0.00842770841153303,-0.002348050111555906,True,unadjusted 95 percent paired graph percentile bootstrap
study-cc25ae93d418f22101d4,2,131072,descriptor_shape,gw_shape,expected_ratio,24,a_minus_b,0.006294201337330797,0.002802701369536215,0.01025380692371524,False,unadjusted 95 percent paired graph percentile bootstrap
study-cc25ae93d418f22101d4,2,131072,descriptor_shape,gw_shape,signed_reference_gap,24,a_minus_b,-0.005216056226256968,-0.008427708411533008,-0.0023480501115558973,True,unadjusted 95 percent paired graph percentile bootstrap
study-cc25ae93d418f22101d4,2,131072,descriptor_shape,gw_shape,success_fraction,24,a_minus_b,0.08333333333333333,0.0,0.20833333333333334,False,unadjusted 95 percent paired graph percentile bootstrap
study-cc25ae93d418f22101d4,2,131072,descriptor_shape,gw_shape,capped_target_shots,24,a_minus_b,-10922.666666666666,-27306.666666666668,0.0,True,unadjusted 95 percent paired graph percentile bootstrap
study-cc25ae93d418f22101d4,2,131072,descriptor_shape,gw_shape,optimization_shots,24,a_minus_b,0.0,0.0,0.0,True,unadjusted 95 percent paired graph percentile bootstrap
study-cc25ae93d418f22101d4,2,131072,descriptor_shape,gw_shape,optimization_calls,24,a_minus_b,0.0,0.0,0.0,True,unadjusted 95 percent paired graph percentile bootstrap
study-cc25ae93d418f22101d4,2,131072,descriptor_shape,gw_shape,optimization_jobs,24,a_minus_b,0.0,0.0,0.0,True,unadjusted 95 percent paired graph percentile bootstrap
study-cc25ae93d418f22101d4,2,131072,descriptor_shape,local_iso,objective,24,a_minus_b,-0.010901701440887313,-0.015498314128155331,-0.006819997103648477,True,unadjusted 95 percent paired graph percentile bootstrap
study-cc25ae93d418f22101d4,2,131072,descriptor_shape,local_iso,expected_ratio,24,a_minus_b,0.014119063929012271,0.008584494745411052,0.020376968921007023,False,unadjusted 95 percent paired graph percentile bootstrap
study-cc25ae93d418f22101d4,2,131072,descriptor_shape,local_iso,signed_reference_gap,24,a_minus_b,-0.010901701440887299,-0.015498314128155326,-0.00681999710364845,True,unadjusted 95 percent paired graph percentile bootstrap
study-cc25ae93d418f22101d4,2,131072,descriptor_shape,local_iso,success_fraction,24,a_minus_b,0.16666666666666666,0.041666666666666664,0.3333333333333333,False,unadjusted 95 percent paired graph percentile bootstrap
study-cc25ae93d418f22101d4,2,131072,descriptor_shape,local_iso,capped_target_shots,24,a_minus_b,-21845.333333333332,-43690.666666666664,-5461.333333333333,True,unadjusted 95 percent paired graph percentile bootstrap
study-cc25ae93d418f22101d4,2,131072,descriptor_shape,local_iso,optimization_shots,24,a_minus_b,0.0,0.0,0.0,True,unadjusted 95 percent paired graph percentile bootstrap
study-cc25ae93d418f22101d4,2,131072,descriptor_shape,local_iso,optimization_calls,24,a_minus_b,0.0,0.0,0.0,True,unadjusted 95 percent paired graph percentile bootstrap
study-cc25ae93d418f22101d4,2,131072,descriptor_shape,local_iso,optimization_jobs,24,a_minus_b,0.0,0.0,0.0,True,unadjusted 95 percent paired graph percentile bootstrap
study-cc25ae93d418f22101d4,2,131072,descriptor_shape,shuffled_gw,objective,24,a_minus_b,-0.011360145279932269,-0.01934018815571599,-0.004989624576227155,True,unadjusted 95 percent paired graph percentile bootstrap
study-cc25ae93d418f22101d4,2,131072,descriptor_shape,shuffled_gw,expected_ratio,24,a_minus_b,0.014154946443351376,0.006365946934149381,0.02368877341716773,False,unadjusted 95 percent paired graph percentile bootstrap
study-cc25ae93d418f22101d4,2,131072,descriptor_shape,shuffled_gw,signed_reference_gap,24,a_minus_b,-0.011360145279932265,-0.019340188155715976,-0.004989624576227178,True,unadjusted 95 percent paired graph percentile bootstrap
study-cc25ae93d418f22101d4,2,131072,descriptor_shape,shuffled_gw,success_fraction,24,a_minus_b,0.25,0.08333333333333333,0.4166666666666667,False,unadjusted 95 percent paired graph percentile bootstrap
study-cc25ae93d418f22101d4,2,131072,descriptor_shape,shuffled_gw,capped_target_shots,24,a_minus_b,-32768.0,-54613.333333333336,-10922.666666666666,True,unadjusted 95 percent paired graph percentile bootstrap
study-cc25ae93d418f22101d4,2,131072,descriptor_shape,shuffled_gw,optimization_shots,24,a_minus_b,32.0,0.0,96.0,True,unadjusted 95 percent paired graph percentile bootstrap
study-cc25ae93d418f22101d4,2,131072,descriptor_shape,shuffled_gw,optimization_calls,24,a_minus_b,-0.20833333333333334,-0.625,0.0,True,unadjusted 95 percent paired graph percentile bootstrap
study-cc25ae93d418f22101d4,2,131072,descriptor_shape,shuffled_gw,optimization_jobs,24,a_minus_b,-0.041666666666666664,-0.125,0.0,True,unadjusted 95 percent paired graph percentile bootstrap
study-cc25ae93d418f22101d4,2,131072,descriptor_shape,bad_prior,objective,24,a_minus_b,-0.16534218725831562,-0.1871678071709332,-0.14267165660082146,True,unadjusted 95 percent paired graph percentile bootstrap
study-cc25ae93d418f22101d4,2,131072,descriptor_shape,bad_prior,expected_ratio,24,a_minus_b,0.20396681466920005,0.17805485682507904,0.2280006449822262,False,unadjusted 95 percent paired graph percentile bootstrap
study-cc25ae93d418f22101d4,2,131072,descriptor_shape,bad_prior,signed_reference_gap,24,a_minus_b,-0.16534218725831562,-0.1871678071709332,-0.14267165660082146,True,unadjusted 95 percent paired graph percentile bootstrap
study-cc25ae93d418f22101d4,2,131072,descriptor_shape,bad_prior,success_fraction,24,a_minus_b,1.0,1.0,1.0,False,unadjusted 95 percent paired graph percentile bootstrap
study-cc25ae93d418f22101d4,2,131072,descriptor_shape,bad_prior,capped_target_shots,24,a_minus_b,-131072.0,-131072.0,-131072.0,True,unadjusted 95 percent paired graph percentile bootstrap
study-cc25ae93d418f22101d4,2,131072,descriptor_shape,bad_prior,optimization_shots,24,a_minus_b,128.0,32.0,245.33333333333334,True,unadjusted 95 percent paired graph percentile bootstrap
study-cc25ae93d418f22101d4,2,131072,descriptor_shape,bad_prior,optimization_calls,24,a_minus_b,-1.6111111111111114,-3.125694444444444,-0.4166666666666667,True,unadjusted 95 percent paired graph percentile bootstrap
study-cc25ae93d418f22101d4,2,131072,descriptor_shape,bad_prior,optimization_jobs,24,a_minus_b,-0.38888888888888884,-0.7916666666666665,-0.08333333333333333,True,unadjusted 95 percent paired graph percentile bootstrap
study-cc25ae93d418f22101d4,2,131072,descriptor_shape,no_repair,objective,24,a_minus_b,0.0,0.0,0.0,True,unadjusted 95 percent paired graph percentile bootstrap
study-cc25ae93d418f22101d4,2,131072,descriptor_shape,no_repair,expected_ratio,24,a_minus_b,0.0,0.0,0.0,False,unadjusted 95 percent paired graph percentile bootstrap
study-cc25ae93d418f22101d4,2,131072,descriptor_shape,no_repair,signed_reference_gap,24,a_minus_b,0.0,0.0,0.0,True,unadjusted 95 percent paired graph percentile bootstrap
study-cc25ae93d418f22101d4,2,131072,descriptor_shape,no_repair,success_fraction,24,a_minus_b,0.0,0.0,0.0,False,unadjusted 95 percent paired graph percentile bootstrap
study-cc25ae93d418f22101d4,2,131072,descriptor_shape,no_repair,capped_target_shots,24,a_minus_b,0.0,0.0,0.0,True,unadjusted 95 percent paired graph percentile bootstrap
study-cc25ae93d418f22101d4,2,131072,descriptor_shape,no_repair,optimization_shots,24,a_minus_b,149.33333333333334,85.33333333333333,213.33333333333334,True,unadjusted 95 percent paired graph percentile bootstrap
study-cc25ae93d418f22101d4,2,131072,descriptor_shape,no_repair,optimization_calls,24,a_minus_b,-0.9722222222222238,-1.3888888888888917,-0.5555555555555571,True,unadjusted 95 percent paired graph percentile bootstrap
study-cc25ae93d418f22101d4,2,131072,descriptor_shape,no_repair,optimization_jobs,24,a_minus_b,-0.19444444444444406,-0.2777777777777777,-0.11111111111111087,True,unadjusted 95 percent paired graph percentile bootstrap
study-cc25ae93d418f22101d4,2,131072,descriptor_shape,fixed_radius,objective,24,a_minus_b,0.0,0.0,0.0,True,unadjusted 95 percent paired graph percentile bootstrap
study-cc25ae93d418f22101d4,2,131072,descriptor_shape,fixed_radius,expected_ratio,24,a_minus_b,0.0,0.0,0.0,False,unadjusted 95 percent paired graph percentile bootstrap
study-cc25ae93d418f22101d4,2,131072,descriptor_shape,fixed_radius,signed_reference_gap,24,a_minus_b,0.0,0.0,0.0,True,unadjusted 95 percent paired graph percentile bootstrap
study-cc25ae93d418f22101d4,2,131072,descriptor_shape,fixed_radius,success_fraction,24,a_minus_b,0.0,0.0,0.0,False,unadjusted 95 percent paired graph percentile bootstrap
study-cc25ae93d418f22101d4,2,131072,descriptor_shape,fixed_radius,capped_target_shots,24,a_minus_b,0.0,0.0,0.0,True,unadjusted 95 percent paired graph percentile bootstrap
study-cc25ae93d418f22101d4,2,131072,descriptor_shape,fixed_radius,optimization_shots,24,a_minus_b,1248.0,1066.6666666666667,1418.6666666666667,True,unadjusted 95 percent paired graph percentile bootstrap
study-cc25ae93d418f22101d4,2,131072,descriptor_shape,fixed_radius,optimization_calls,24,a_minus_b,-92.65277777777777,-115.31979166666666,-69.81909722222223,True,unadjusted 95 percent paired graph percentile bootstrap
study-cc25ae93d418f22101d4,2,131072,descriptor_shape,fixed_radius,optimization_jobs,24,a_minus_b,-30.222222222222218,-37.375347222222224,-23.013541666666672,True,unadjusted 95 percent paired graph percentile bootstrap
study-cc25ae93d418f22101d4,2,131072,descriptor_shape,fixed_shots,objective,24,a_minus_b,0.0,0.0,0.0,True,unadjusted 95 percent paired graph percentile bootstrap
study-cc25ae93d418f22101d4,2,131072,descriptor_shape,fixed_shots,expected_ratio,24,a_minus_b,0.0,0.0,0.0,False,unadjusted 95 percent paired graph percentile bootstrap
study-cc25ae93d418f22101d4,2,131072,descriptor_shape,fixed_shots,signed_reference_gap,24,a_minus_b,0.0,0.0,0.0,True,unadjusted 95 percent paired graph percentile bootstrap
study-cc25ae93d418f22101d4,2,131072,descriptor_shape,fixed_shots,success_fraction,24,a_minus_b,0.0,0.0,0.0,False,unadjusted 95 percent paired graph percentile bootstrap
study-cc25ae93d418f22101d4,2,131072,descriptor_shape,fixed_shots,capped_target_shots,24,a_minus_b,0.0,0.0,0.0,True,unadjusted 95 percent paired graph percentile bootstrap
study-cc25ae93d418f22101d4,2,131072,descriptor_shape,fixed_shots,optimization_shots,24,a_minus_b,63744.0,63744.0,63744.0,True,unadjusted 95 percent paired graph percentile bootstrap
study-cc25ae93d418f22101d4,2,131072,descriptor_shape,fixed_shots,optimization_calls,24,a_minus_b,57.0,57.0,57.0,True,unadjusted 95 percent paired graph percentile bootstrap
study-cc25ae93d418f22101d4,2,131072,descriptor_shape,fixed_shots,optimization_jobs,24,a_minus_b,21.0,21.0,21.0,True,unadjusted 95 percent paired graph percentile bootstrap
study-cc25ae93d418f22101d4,2,131072,descriptor_shape,cobyla,objective,24,a_minus_b,0.00041032762352541846,-0.0004306188703001544,0.001433830459731356,True,unadjusted 95 percent paired graph percentile bootstrap
study-cc25ae93d418f22101d4,2,131072,descriptor_shape,cobyla,expected_ratio,24,a_minus_b,-0.0006298557767493393,-0.0019630782404314664,0.0004492345069758635,False,unadjusted 95 percent paired graph percentile bootstrap
study-cc25ae93d418f22101d4,2,131072,descriptor_shape,cobyla,signed_reference_gap,24,a_minus_b,0.0004103276235254167,-0.00043061887030014447,0.0014338304597313607,True,unadjusted 95 percent paired graph percentile bootstrap
study-cc25ae93d418f22101d4,2,131072,descriptor_shape,cobyla,success_fraction,24,a_minus_b,0.0,0.0,0.0,False,unadjusted 95 percent paired graph percentile bootstrap
study-cc25ae93d418f22101d4,2,131072,descriptor_shape,cobyla,capped_target_shots,24,a_minus_b,0.0,0.0,0.0,True,unadjusted 95 percent paired graph percentile bootstrap
study-cc25ae93d418f22101d4,2,131072,descriptor_shape,cobyla,optimization_shots,24,a_minus_b,107278.22222222223,106865.7777777778,107690.66666666667,True,unadjusted 95 percent paired graph percentile bootstrap
study-cc25ae93d418f22101d4,2,131072,descriptor_shape,cobyla,optimization_calls,24,a_minus_b,41.26388888888889,40.861111111111114,41.666666666666664,True,unadjusted 95 percent paired graph percentile bootstrap
study-cc25ae93d418f22101d4,2,131072,descriptor_shape,cobyla,optimization_jobs,24,a_minus_b,0.2638888888888887,-0.13888888888888898,0.6666666666666666,True,unadjusted 95 percent paired graph percentile bootstrap
study-cc25ae93d418f22101d4,2,131072,descriptor_shape,spsa,objective,24,a_minus_b,0.002636936594023439,0.0016134940391959191,0.003865481295582824,True,unadjusted 95 percent paired graph percentile bootstrap
study-cc25ae93d418f22101d4,2,131072,descriptor_shape,spsa,expected_ratio,24,a_minus_b,-0.003450179778250096,-0.005134783965020474,-0.002048547551082193,False,unadjusted 95 percent paired graph percentile bootstrap
study-cc25ae93d418f22101d4,2,131072,descriptor_shape,spsa,signed_reference_gap,24,a_minus_b,0.0026369365940234397,0.0016134940391959209,0.0038654812955828143,True,unadjusted 95 percent paired graph percentile bootstrap
study-cc25ae93d418f22101d4,2,131072,descriptor_shape,spsa,success_fraction,24,a_minus_b,0.0,0.0,0.0,False,unadjusted 95 percent paired graph percentile bootstrap
study-cc25ae93d418f22101d4,2,131072,descriptor_shape,spsa,capped_target_shots,24,a_minus_b,0.0,0.0,0.0,True,unadjusted 95 percent paired graph percentile bootstrap
study-cc25ae93d418f22101d4,2,131072,descriptor_shape,spsa,optimization_shots,24,a_minus_b,1536.0,1536.0,1536.0,True,unadjusted 95 percent paired graph percentile bootstrap
study-cc25ae93d418f22101d4,2,131072,descriptor_shape,spsa,optimization_calls,24,a_minus_b,-62.0,-62.0,-62.0,True,unadjusted 95 percent paired graph percentile bootstrap
study-cc25ae93d418f22101d4,2,131072,descriptor_shape,spsa,optimization_jobs,24,a_minus_b,-61.0,-61.0,-61.0,True,unadjusted 95 percent paired graph percentile bootstrap
study-cc25ae93d418f22101d4,2,131072,gw_iso,gw_shape,objective,24,a_minus_b,0.0,0.0,0.0,True,unadjusted 95 percent paired graph percentile bootstrap
study-cc25ae93d418f22101d4,2,131072,gw_iso,gw_shape,expected_ratio,24,a_minus_b,0.0,0.0,0.0,False,unadjusted 95 percent paired graph percentile bootstrap
study-cc25ae93d418f22101d4,2,131072,gw_iso,gw_shape,signed_reference_gap,24,a_minus_b,0.0,0.0,0.0,True,unadjusted 95 percent paired graph percentile bootstrap
study-cc25ae93d418f22101d4,2,131072,gw_iso,gw_shape,success_fraction,24,a_minus_b,0.0,0.0,0.0,False,unadjusted 95 percent paired graph percentile bootstrap
study-cc25ae93d418f22101d4,2,131072,gw_iso,gw_shape,capped_target_shots,24,a_minus_b,0.0,0.0,0.0,True,unadjusted 95 percent paired graph percentile bootstrap
study-cc25ae93d418f22101d4,2,131072,gw_iso,gw_shape,optimization_shots,24,a_minus_b,0.0,0.0,0.0,True,unadjusted 95 percent paired graph percentile bootstrap
study-cc25ae93d418f22101d4,2,131072,gw_iso,gw_shape,optimization_calls,24,a_minus_b,0.0,0.0,0.0,True,unadjusted 95 percent paired graph percentile bootstrap
study-cc25ae93d418f22101d4,2,131072,gw_iso,gw_shape,optimization_jobs,24,a_minus_b,0.0,0.0,0.0,True,unadjusted 95 percent paired graph percentile bootstrap
study-cc25ae93d418f22101d4,2,131072,gw_iso,local_iso,objective,24,a_minus_b,-0.005685645214630344,-0.010432921213538724,-0.0009955543209773162,True,unadjusted 95 percent paired graph percentile bootstrap
study-cc25ae93d418f22101d4,2,131072,gw_iso,local_iso,expected_ratio,24,a_minus_b,0.007824862591681475,0.0018381158793600457,0.014038897402767297,False,unadjusted 95 percent paired graph percentile bootstrap
study-cc25ae93d418f22101d4,2,131072,gw_iso,local_iso,signed_reference_gap,24,a_minus_b,-0.0056856452146303305,-0.010432921213538705,-0.000995554320977294,True,unadjusted 95 percent paired graph percentile bootstrap
study-cc25ae93d418f22101d4,2,131072,gw_iso,local_iso,success_fraction,24,a_minus_b,0.08333333333333333,-0.08333333333333333,0.25,False,unadjusted 95 percent paired graph percentile bootstrap
study-cc25ae93d418f22101d4,2,131072,gw_iso,local_iso,capped_target_shots,24,a_minus_b,-10922.666666666666,-32768.0,10922.666666666666,True,unadjusted 95 percent paired graph percentile bootstrap
study-cc25ae93d418f22101d4,2,131072,gw_iso,local_iso,optimization_shots,24,a_minus_b,0.0,0.0,0.0,True,unadjusted 95 percent paired graph percentile bootstrap
study-cc25ae93d418f22101d4,2,131072,gw_iso,local_iso,optimization_calls,24,a_minus_b,0.0,0.0,0.0,True,unadjusted 95 percent paired graph percentile bootstrap
study-cc25ae93d418f22101d4,2,131072,gw_iso,local_iso,optimization_jobs,24,a_minus_b,0.0,0.0,0.0,True,unadjusted 95 percent paired graph percentile bootstrap
study-cc25ae93d418f22101d4,2,131072,gw_iso,shuffled_gw,objective,24,a_minus_b,-0.006144089053675301,-0.013924209026570716,0.00017408841075410632,True,unadjusted 95 percent paired graph percentile bootstrap
study-cc25ae93d418f22101d4,2,131072,gw_iso,shuffled_gw,expected_ratio,24,a_minus_b,0.007860745106020578,0.00028812749305655457,0.01689428779070818,False,unadjusted 95 percent paired graph percentile bootstrap
study-cc25ae93d418f22101d4,2,131072,gw_iso,shuffled_gw,signed_reference_gap,24,a_minus_b,-0.006144089053675296,-0.013924209026570702,0.00017408841075413836,True,unadjusted 95 percent paired graph percentile bootstrap
study-cc25ae93d418f22101d4,2,131072,gw_iso,shuffled_gw,success_fraction,24,a_minus_b,0.16666666666666666,0.0,0.375,False,unadjusted 95 percent paired graph percentile bootstrap
study-cc25ae93d418f22101d4,2,131072,gw_iso,shuffled_gw,capped_target_shots,24,a_minus_b,-21845.333333333332,-49152.0,0.0,True,unadjusted 95 percent paired graph percentile bootstrap
study-cc25ae93d418f22101d4,2,131072,gw_iso,shuffled_gw,optimization_shots,24,a_minus_b,32.0,0.0,96.0,True,unadjusted 95 percent paired graph percentile bootstrap
study-cc25ae93d418f22101d4,2,131072,gw_iso,shuffled_gw,optimization_calls,24,a_minus_b,-0.20833333333333334,-0.625,0.0,True,unadjusted 95 percent paired graph percentile bootstrap
study-cc25ae93d418f22101d4,2,131072,gw_iso,shuffled_gw,optimization_jobs,24,a_minus_b,-0.041666666666666664,-0.125,0.0,True,unadjusted 95 percent paired graph percentile bootstrap
study-cc25ae93d418f22101d4,2,131072,gw_iso,bad_prior,objective,24,a_minus_b,-0.16012613103205867,-0.18166774586033244,-0.13736365441807982,True,unadjusted 95 percent paired graph percentile bootstrap
study-cc25ae93d418f22101d4,2,131072,gw_iso,bad_prior,expected_ratio,24,a_minus_b,0.19767261333186922,0.17150029211729687,0.22190279202643823,False,unadjusted 95 percent paired graph percentile bootstrap
study-cc25ae93d418f22101d4,2,131072,gw_iso,bad_prior,signed_reference_gap,24,a_minus_b,-0.16012613103205864,-0.18166774586033244,-0.1373636544180798,True,unadjusted 95 percent paired graph percentile bootstrap
study-cc25ae93d418f22101d4,2,131072,gw_iso,bad_prior,success_fraction,24,a_minus_b,0.9166666666666666,0.7916666666666666,1.0,False,unadjusted 95 percent paired graph percentile bootstrap
study-cc25ae93d418f22101d4,2,131072,gw_iso,bad_prior,capped_target_shots,24,a_minus_b,-120149.33333333333,-131072.0,-103765.33333333333,True,unadjusted 95 percent paired graph percentile bootstrap
study-cc25ae93d418f22101d4,2,131072,gw_iso,bad_prior,optimization_shots,24,a_minus_b,128.0,32.0,245.33333333333334,True,unadjusted 95 percent paired graph percentile bootstrap
study-cc25ae93d418f22101d4,2,131072,gw_iso,bad_prior,optimization_calls,24,a_minus_b,-1.6111111111111114,-3.125694444444444,-0.4166666666666667,True,unadjusted 95 percent paired graph percentile bootstrap
study-cc25ae93d418f22101d4,2,131072,gw_iso,bad_prior,optimization_jobs,24,a_minus_b,-0.38888888888888884,-0.7916666666666665,-0.08333333333333333,True,unadjusted 95 percent paired graph percentile bootstrap
study-cc25ae93d418f22101d4,2,131072,gw_iso,no_repair,objective,24,a_minus_b,0.005216056226256968,0.002348050111555906,0.00842770841153303,True,unadjusted 95 percent paired graph percentile bootstrap
study-cc25ae93d418f22101d4,2,131072,gw_iso,no_repair,expected_ratio,24,a_minus_b,-0.006294201337330797,-0.010253806923715242,-0.0028027013695362153,False,unadjusted 95 percent paired graph percentile bootstrap
study-cc25ae93d418f22101d4,2,131072,gw_iso,no_repair,signed_reference_gap,24,a_minus_b,0.005216056226256968,0.002348050111555897,0.008427708411533008,True,unadjusted 95 percent paired graph percentile bootstrap
study-cc25ae93d418f22101d4,2,131072,gw_iso,no_repair,success_fraction,24,a_minus_b,-0.08333333333333333,-0.20833333333333334,0.0,False,unadjusted 95 percent paired graph percentile bootstrap
study-cc25ae93d418f22101d4,2,131072,gw_iso,no_repair,capped_target_shots,24,a_minus_b,10922.666666666666,0.0,27306.666666666668,True,unadjusted 95 percent paired graph percentile bootstrap
study-cc25ae93d418f22101d4,2,131072,gw_iso,no_repair,optimization_shots,24,a_minus_b,149.33333333333334,85.33333333333333,213.33333333333334,True,unadjusted 95 percent paired graph percentile bootstrap
study-cc25ae93d418f22101d4,2,131072,gw_iso,no_repair,optimization_calls,24,a_minus_b,-0.9722222222222238,-1.3888888888888917,-0.5555555555555571,True,unadjusted 95 percent paired graph percentile bootstrap
study-cc25ae93d418f22101d4,2,131072,gw_iso,no_repair,optimization_jobs,24,a_minus_b,-0.19444444444444406,-0.2777777777777777,-0.11111111111111087,True,unadjusted 95 percent paired graph percentile bootstrap
study-cc25ae93d418f22101d4,2,131072,gw_iso,fixed_radius,objective,24,a_minus_b,0.005216056226256968,0.002348050111555906,0.00842770841153303,True,unadjusted 95 percent paired graph percentile bootstrap
study-cc25ae93d418f22101d4,2,131072,gw_iso,fixed_radius,expected_ratio,24,a_minus_b,-0.006294201337330797,-0.010253806923715242,-0.0028027013695362153,False,unadjusted 95 percent paired graph percentile bootstrap
study-cc25ae93d418f22101d4,2,131072,gw_iso,fixed_radius,signed_reference_gap,24,a_minus_b,0.005216056226256968,0.002348050111555897,0.008427708411533008,True,unadjusted 95 percent paired graph percentile bootstrap
study-cc25ae93d418f22101d4,2,131072,gw_iso,fixed_radius,success_fraction,24,a_minus_b,-0.08333333333333333,-0.20833333333333334,0.0,False,unadjusted 95 percent paired graph percentile bootstrap
study-cc25ae93d418f22101d4,2,131072,gw_iso,fixed_radius,capped_target_shots,24,a_minus_b,10922.666666666666,0.0,27306.666666666668,True,unadjusted 95 percent paired graph percentile bootstrap
study-cc25ae93d418f22101d4,2,131072,gw_iso,fixed_radius,optimization_shots,24,a_minus_b,1248.0,1066.6666666666667,1418.6666666666667,True,unadjusted 95 percent paired graph percentile bootstrap
study-cc25ae93d418f22101d4,2,131072,gw_iso,fixed_radius,optimization_calls,24,a_minus_b,-92.65277777777777,-115.31979166666666,-69.81909722222223,True,unadjusted 95 percent paired graph percentile bootstrap
study-cc25ae93d418f22101d4,2,131072,gw_iso,fixed_radius,optimization_jobs,24,a_minus_b,-30.222222222222218,-37.375347222222224,-23.013541666666672,True,unadjusted 95 percent paired graph percentile bootstrap
study-cc25ae93d418f22101d4,2,131072,gw_iso,fixed_shots,objective,24,a_minus_b,0.005216056226256968,0.002348050111555906,0.00842770841153303,True,unadjusted 95 percent paired graph percentile bootstrap
study-cc25ae93d418f22101d4,2,131072,gw_iso,fixed_shots,expected_ratio,24,a_minus_b,-0.006294201337330797,-0.010253806923715242,-0.0028027013695362153,False,unadjusted 95 percent paired graph percentile bootstrap
study-cc25ae93d418f22101d4,2,131072,gw_iso,fixed_shots,signed_reference_gap,24,a_minus_b,0.005216056226256968,0.002348050111555897,0.008427708411533008,True,unadjusted 95 percent paired graph percentile bootstrap
study-cc25ae93d418f22101d4,2,131072,gw_iso,fixed_shots,success_fraction,24,a_minus_b,-0.08333333333333333,-0.20833333333333334,0.0,False,unadjusted 95 percent paired graph percentile bootstrap
study-cc25ae93d418f22101d4,2,131072,gw_iso,fixed_shots,capped_target_shots,24,a_minus_b,10922.666666666666,0.0,27306.666666666668,True,unadjusted 95 percent paired graph percentile bootstrap
study-cc25ae93d418f22101d4,2,131072,gw_iso,fixed_shots,optimization_shots,24,a_minus_b,63744.0,63744.0,63744.0,True,unadjusted 95 percent paired graph percentile bootstrap
study-cc25ae93d418f22101d4,2,131072,gw_iso,fixed_shots,optimization_calls,24,a_minus_b,57.0,57.0,57.0,True,unadjusted 95 percent paired graph percentile bootstrap
study-cc25ae93d418f22101d4,2,131072,gw_iso,fixed_shots,optimization_jobs,24,a_minus_b,21.0,21.0,21.0,True,unadjusted 95 percent paired graph percentile bootstrap
study-cc25ae93d418f22101d4,2,131072,gw_iso,cobyla,objective,24,a_minus_b,0.005626383849782386,0.002519237718045131,0.009311519196693381,True,unadjusted 95 percent paired graph percentile bootstrap
study-cc25ae93d418f22101d4,2,131072,gw_iso,cobyla,expected_ratio,24,a_minus_b,-0.006924057114080136,-0.01163793373724971,-0.0030544904402587504,False,unadjusted 95 percent paired graph percentile bootstrap
study-cc25ae93d418f22101d4,2,131072,gw_iso,cobyla,signed_reference_gap,24,a_minus_b,0.005626383849782385,0.002519237718045127,0.009311519196693357,True,unadjusted 95 percent paired graph percentile bootstrap
study-cc25ae93d418f22101d4,2,131072,gw_iso,cobyla,success_fraction,24,a_minus_b,-0.08333333333333333,-0.20833333333333334,0.0,False,unadjusted 95 percent paired graph percentile bootstrap
study-cc25ae93d418f22101d4,2,131072,gw_iso,cobyla,capped_target_shots,24,a_minus_b,10922.666666666666,0.0,27306.666666666668,True,unadjusted 95 percent paired graph percentile bootstrap
study-cc25ae93d418f22101d4,2,131072,gw_iso,cobyla,optimization_shots,24,a_minus_b,107278.22222222223,106865.7777777778,107690.66666666667,True,unadjusted 95 percent paired graph percentile bootstrap
study-cc25ae93d418f22101d4,2,131072,gw_iso,cobyla,optimization_calls,24,a_minus_b,41.26388888888889,40.861111111111114,41.666666666666664,True,unadjusted 95 percent paired graph percentile bootstrap
study-cc25ae93d418f22101d4,2,131072,gw_iso,cobyla,optimization_jobs,24,a_minus_b,0.2638888888888887,-0.13888888888888898,0.6666666666666666,True,unadjusted 95 percent paired graph percentile bootstrap
study-cc25ae93d418f22101d4,2,131072,gw_iso,spsa,objective,24,a_minus_b,0.007852992820280407,0.004525829527319822,0.011707676641200798,True,unadjusted 95 percent paired graph percentile bootstrap
study-cc25ae93d418f22101d4,2,131072,gw_iso,spsa,expected_ratio,24,a_minus_b,-0.009744381115580894,-0.014720864963920296,-0.0055928995772957235,False,unadjusted 95 percent paired graph percentile bootstrap
study-cc25ae93d418f22101d4,2,131072,gw_iso,spsa,signed_reference_gap,24,a_minus_b,0.007852992820280407,0.0045258295273198305,0.011707676641200782,True,unadjusted 95 percent paired graph percentile bootstrap
study-cc25ae93d418f22101d4,2,131072,gw_iso,spsa,success_fraction,24,a_minus_b,-0.08333333333333333,-0.20833333333333334,0.0,False,unadjusted 95 percent paired graph percentile bootstrap
study-cc25ae93d418f22101d4,2,131072,gw_iso,spsa,capped_target_shots,24,a_minus_b,10922.666666666666,0.0,27306.666666666668,True,unadjusted 95 percent paired graph percentile bootstrap
study-cc25ae93d418f22101d4,2,131072,gw_iso,spsa,optimization_shots,24,a_minus_b,1536.0,1536.0,1536.0,True,unadjusted 95 percent paired graph percentile bootstrap
study-cc25ae93d418f22101d4,2,131072,gw_iso,spsa,optimization_calls,24,a_minus_b,-62.0,-62.0,-62.0,True,unadjusted 95 percent paired graph percentile bootstrap
study-cc25ae93d418f22101d4,2,131072,gw_iso,spsa,optimization_jobs,24,a_minus_b,-61.0,-61.0,-61.0,True,unadjusted 95 percent paired graph percentile bootstrap
study-cc25ae93d418f22101d4,2,131072,gw_shape,local_iso,objective,24,a_minus_b,-0.005685645214630344,-0.010432921213538724,-0.0009955543209773162,True,unadjusted 95 percent paired graph percentile bootstrap
study-cc25ae93d418f22101d4,2,131072,gw_shape,local_iso,expected_ratio,24,a_minus_b,0.007824862591681475,0.0018381158793600457,0.014038897402767297,False,unadjusted 95 percent paired graph percentile bootstrap
study-cc25ae93d418f22101d4,2,131072,gw_shape,local_iso,signed_reference_gap,24,a_minus_b,-0.0056856452146303305,-0.010432921213538705,-0.000995554320977294,True,unadjusted 95 percent paired graph percentile bootstrap
study-cc25ae93d418f22101d4,2,131072,gw_shape,local_iso,success_fraction,24,a_minus_b,0.08333333333333333,-0.08333333333333333,0.25,False,unadjusted 95 percent paired graph percentile bootstrap
study-cc25ae93d418f22101d4,2,131072,gw_shape,local_iso,capped_target_shots,24,a_minus_b,-10922.666666666666,-32768.0,10922.666666666666,True,unadjusted 95 percent paired graph percentile bootstrap
study-cc25ae93d418f22101d4,2,131072,gw_shape,local_iso,optimization_shots,24,a_minus_b,0.0,0.0,0.0,True,unadjusted 95 percent paired graph percentile bootstrap
study-cc25ae93d418f22101d4,2,131072,gw_shape,local_iso,optimization_calls,24,a_minus_b,0.0,0.0,0.0,True,unadjusted 95 percent paired graph percentile bootstrap
study-cc25ae93d418f22101d4,2,131072,gw_shape,local_iso,optimization_jobs,24,a_minus_b,0.0,0.0,0.0,True,unadjusted 95 percent paired graph percentile bootstrap
study-cc25ae93d418f22101d4,2,131072,gw_shape,shuffled_gw,objective,24,a_minus_b,-0.006144089053675301,-0.013924209026570716,0.00017408841075410632,True,unadjusted 95 percent paired graph percentile bootstrap
study-cc25ae93d418f22101d4,2,131072,gw_shape,shuffled_gw,expected_ratio,24,a_minus_b,0.007860745106020578,0.00028812749305655457,0.01689428779070818,False,unadjusted 95 percent paired graph percentile bootstrap
study-cc25ae93d418f22101d4,2,131072,gw_shape,shuffled_gw,signed_reference_gap,24,a_minus_b,-0.006144089053675296,-0.013924209026570702,0.00017408841075413836,True,unadjusted 95 percent paired graph percentile bootstrap
study-cc25ae93d418f22101d4,2,131072,gw_shape,shuffled_gw,success_fraction,24,a_minus_b,0.16666666666666666,0.0,0.375,False,unadjusted 95 percent paired graph percentile bootstrap
study-cc25ae93d418f22101d4,2,131072,gw_shape,shuffled_gw,capped_target_shots,24,a_minus_b,-21845.333333333332,-49152.0,0.0,True,unadjusted 95 percent paired graph percentile bootstrap
study-cc25ae93d418f22101d4,2,131072,gw_shape,shuffled_gw,optimization_shots,24,a_minus_b,32.0,0.0,96.0,True,unadjusted 95 percent paired graph percentile bootstrap
study-cc25ae93d418f22101d4,2,131072,gw_shape,shuffled_gw,optimization_calls,24,a_minus_b,-0.20833333333333334,-0.625,0.0,True,unadjusted 95 percent paired graph percentile bootstrap
study-cc25ae93d418f22101d4,2,131072,gw_shape,shuffled_gw,optimization_jobs,24,a_minus_b,-0.041666666666666664,-0.125,0.0,True,unadjusted 95 percent paired graph percentile bootstrap
study-cc25ae93d418f22101d4,2,131072,gw_shape,bad_prior,objective,24,a_minus_b,-0.16012613103205867,-0.18166774586033244,-0.13736365441807982,True,unadjusted 95 percent paired graph percentile bootstrap
study-cc25ae93d418f22101d4,2,131072,gw_shape,bad_prior,expected_ratio,24,a_minus_b,0.19767261333186922,0.17150029211729687,0.22190279202643823,False,unadjusted 95 percent paired graph percentile bootstrap
study-cc25ae93d418f22101d4,2,131072,gw_shape,bad_prior,signed_reference_gap,24,a_minus_b,-0.16012613103205864,-0.18166774586033244,-0.1373636544180798,True,unadjusted 95 percent paired graph percentile bootstrap
study-cc25ae93d418f22101d4,2,131072,gw_shape,bad_prior,success_fraction,24,a_minus_b,0.9166666666666666,0.7916666666666666,1.0,False,unadjusted 95 percent paired graph percentile bootstrap
study-cc25ae93d418f22101d4,2,131072,gw_shape,bad_prior,capped_target_shots,24,a_minus_b,-120149.33333333333,-131072.0,-103765.33333333333,True,unadjusted 95 percent paired graph percentile bootstrap
study-cc25ae93d418f22101d4,2,131072,gw_shape,bad_prior,optimization_shots,24,a_minus_b,128.0,32.0,245.33333333333334,True,unadjusted 95 percent paired graph percentile bootstrap
study-cc25ae93d418f22101d4,2,131072,gw_shape,bad_prior,optimization_calls,24,a_minus_b,-1.6111111111111114,-3.125694444444444,-0.4166666666666667,True,unadjusted 95 percent paired graph percentile bootstrap
study-cc25ae93d418f22101d4,2,131072,gw_shape,bad_prior,optimization_jobs,24,a_minus_b,-0.38888888888888884,-0.7916666666666665,-0.08333333333333333,True,unadjusted 95 percent paired graph percentile bootstrap
study-cc25ae93d418f22101d4,2,131072,gw_shape,no_repair,objective,24,a_minus_b,0.005216056226256968,0.002348050111555906,0.00842770841153303,True,unadjusted 95 percent paired graph percentile bootstrap
study-cc25ae93d418f22101d4,2,131072,gw_shape,no_repair,expected_ratio,24,a_minus_b,-0.006294201337330797,-0.010253806923715242,-0.0028027013695362153,False,unadjusted 95 percent paired graph percentile bootstrap
study-cc25ae93d418f22101d4,2,131072,gw_shape,no_repair,signed_reference_gap,24,a_minus_b,0.005216056226256968,0.002348050111555897,0.008427708411533008,True,unadjusted 95 percent paired graph percentile bootstrap
study-cc25ae93d418f22101d4,2,131072,gw_shape,no_repair,success_fraction,24,a_minus_b,-0.08333333333333333,-0.20833333333333334,0.0,False,unadjusted 95 percent paired graph percentile bootstrap
study-cc25ae93d418f22101d4,2,131072,gw_shape,no_repair,capped_target_shots,24,a_minus_b,10922.666666666666,0.0,27306.666666666668,True,unadjusted 95 percent paired graph percentile bootstrap
study-cc25ae93d418f22101d4,2,131072,gw_shape,no_repair,optimization_shots,24,a_minus_b,149.33333333333334,85.33333333333333,213.33333333333334,True,unadjusted 95 percent paired graph percentile bootstrap
study-cc25ae93d418f22101d4,2,131072,gw_shape,no_repair,optimization_calls,24,a_minus_b,-0.9722222222222238,-1.3888888888888917,-0.5555555555555571,True,unadjusted 95 percent paired graph percentile bootstrap
study-cc25ae93d418f22101d4,2,131072,gw_shape,no_repair,optimization_jobs,24,a_minus_b,-0.19444444444444406,-0.2777777777777777,-0.11111111111111087,True,unadjusted 95 percent paired graph percentile bootstrap
study-cc25ae93d418f22101d4,2,131072,gw_shape,fixed_radius,objective,24,a_minus_b,0.005216056226256968,0.002348050111555906,0.00842770841153303,True,unadjusted 95 percent paired graph percentile bootstrap
study-cc25ae93d418f22101d4,2,131072,gw_shape,fixed_radius,expected_ratio,24,a_minus_b,-0.006294201337330797,-0.010253806923715242,-0.0028027013695362153,False,unadjusted 95 percent paired graph percentile bootstrap
study-cc25ae93d418f22101d4,2,131072,gw_shape,fixed_radius,signed_reference_gap,24,a_minus_b,0.005216056226256968,0.002348050111555897,0.008427708411533008,True,unadjusted 95 percent paired graph percentile bootstrap
study-cc25ae93d418f22101d4,2,131072,gw_shape,fixed_radius,success_fraction,24,a_minus_b,-0.08333333333333333,-0.20833333333333334,0.0,False,unadjusted 95 percent paired graph percentile bootstrap
study-cc25ae93d418f22101d4,2,131072,gw_shape,fixed_radius,capped_target_shots,24,a_minus_b,10922.666666666666,0.0,27306.666666666668,True,unadjusted 95 percent paired graph percentile bootstrap
study-cc25ae93d418f22101d4,2,131072,gw_shape,fixed_radius,optimization_shots,24,a_minus_b,1248.0,1066.6666666666667,1418.6666666666667,True,unadjusted 95 percent paired graph percentile bootstrap
study-cc25ae93d418f22101d4,2,131072,gw_shape,fixed_radius,optimization_calls,24,a_minus_b,-92.65277777777777,-115.31979166666666,-69.81909722222223,True,unadjusted 95 percent paired graph percentile bootstrap
study-cc25ae93d418f22101d4,2,131072,gw_shape,fixed_radius,optimization_jobs,24,a_minus_b,-30.222222222222218,-37.375347222222224,-23.013541666666672,True,unadjusted 95 percent paired graph percentile bootstrap
study-cc25ae93d418f22101d4,2,131072,gw_shape,fixed_shots,objective,24,a_minus_b,0.005216056226256968,0.002348050111555906,0.00842770841153303,True,unadjusted 95 percent paired graph percentile bootstrap
study-cc25ae93d418f22101d4,2,131072,gw_shape,fixed_shots,expected_ratio,24,a_minus_b,-0.006294201337330797,-0.010253806923715242,-0.0028027013695362153,False,unadjusted 95 percent paired graph percentile bootstrap
study-cc25ae93d418f22101d4,2,131072,gw_shape,fixed_shots,signed_reference_gap,24,a_minus_b,0.005216056226256968,0.002348050111555897,0.008427708411533008,True,unadjusted 95 percent paired graph percentile bootstrap
study-cc25ae93d418f22101d4,2,131072,gw_shape,fixed_shots,success_fraction,24,a_minus_b,-0.08333333333333333,-0.20833333333333334,0.0,False,unadjusted 95 percent paired graph percentile bootstrap
study-cc25ae93d418f22101d4,2,131072,gw_shape,fixed_shots,capped_target_shots,24,a_minus_b,10922.666666666666,0.0,27306.666666666668,True,unadjusted 95 percent paired graph percentile bootstrap
study-cc25ae93d418f22101d4,2,131072,gw_shape,fixed_shots,optimization_shots,24,a_minus_b,63744.0,63744.0,63744.0,True,unadjusted 95 percent paired graph percentile bootstrap
study-cc25ae93d418f22101d4,2,131072,gw_shape,fixed_shots,optimization_calls,24,a_minus_b,57.0,57.0,57.0,True,unadjusted 95 percent paired graph percentile bootstrap
study-cc25ae93d418f22101d4,2,131072,gw_shape,fixed_shots,optimization_jobs,24,a_minus_b,21.0,21.0,21.0,True,unadjusted 95 percent paired graph percentile bootstrap
study-cc25ae93d418f22101d4,2,131072,gw_shape,cobyla,objective,24,a_minus_b,0.005626383849782386,0.002519237718045131,0.009311519196693381,True,unadjusted 95 percent paired graph percentile bootstrap
study-cc25ae93d418f22101d4,2,131072,gw_shape,cobyla,expected_ratio,24,a_minus_b,-0.006924057114080136,-0.01163793373724971,-0.0030544904402587504,False,unadjusted 95 percent paired graph percentile bootstrap
study-cc25ae93d418f22101d4,2,131072,gw_shape,cobyla,signed_reference_gap,24,a_minus_b,0.005626383849782385,0.002519237718045127,0.009311519196693357,True,unadjusted 95 percent paired graph percentile bootstrap
study-cc25ae93d418f22101d4,2,131072,gw_shape,cobyla,success_fraction,24,a_minus_b,-0.08333333333333333,-0.20833333333333334,0.0,False,unadjusted 95 percent paired graph percentile bootstrap
study-cc25ae93d418f22101d4,2,131072,gw_shape,cobyla,capped_target_shots,24,a_minus_b,10922.666666666666,0.0,27306.666666666668,True,unadjusted 95 percent paired graph percentile bootstrap
study-cc25ae93d418f22101d4,2,131072,gw_shape,cobyla,optimization_shots,24,a_minus_b,107278.22222222223,106865.7777777778,107690.66666666667,True,unadjusted 95 percent paired graph percentile bootstrap
study-cc25ae93d418f22101d4,2,131072,gw_shape,cobyla,optimization_calls,24,a_minus_b,41.26388888888889,40.861111111111114,41.666666666666664,True,unadjusted 95 percent paired graph percentile bootstrap
study-cc25ae93d418f22101d4,2,131072,gw_shape,cobyla,optimization_jobs,24,a_minus_b,0.2638888888888887,-0.13888888888888898,0.6666666666666666,True,unadjusted 95 percent paired graph percentile bootstrap
study-cc25ae93d418f22101d4,2,131072,gw_shape,spsa,objective,24,a_minus_b,0.007852992820280407,0.004525829527319822,0.011707676641200798,True,unadjusted 95 percent paired graph percentile bootstrap
study-cc25ae93d418f22101d4,2,131072,gw_shape,spsa,expected_ratio,24,a_minus_b,-0.009744381115580894,-0.014720864963920296,-0.0055928995772957235,False,unadjusted 95 percent paired graph percentile bootstrap
study-cc25ae93d418f22101d4,2,131072,gw_shape,spsa,signed_reference_gap,24,a_minus_b,0.007852992820280407,0.0045258295273198305,0.011707676641200782,True,unadjusted 95 percent paired graph percentile bootstrap
study-cc25ae93d418f22101d4,2,131072,gw_shape,spsa,success_fraction,24,a_minus_b,-0.08333333333333333,-0.20833333333333334,0.0,False,unadjusted 95 percent paired graph percentile bootstrap
study-cc25ae93d418f22101d4,2,131072,gw_shape,spsa,capped_target_shots,24,a_minus_b,10922.666666666666,0.0,27306.666666666668,True,unadjusted 95 percent paired graph percentile bootstrap
study-cc25ae93d418f22101d4,2,131072,gw_shape,spsa,optimization_shots,24,a_minus_b,1536.0,1536.0,1536.0,True,unadjusted 95 percent paired graph percentile bootstrap
study-cc25ae93d418f22101d4,2,131072,gw_shape,spsa,optimization_calls,24,a_minus_b,-62.0,-62.0,-62.0,True,unadjusted 95 percent paired graph percentile bootstrap
study-cc25ae93d418f22101d4,2,131072,gw_shape,spsa,optimization_jobs,24,a_minus_b,-61.0,-61.0,-61.0,True,unadjusted 95 percent paired graph percentile bootstrap
study-cc25ae93d418f22101d4,2,131072,local_iso,shuffled_gw,objective,24,a_minus_b,-0.0004584438390449567,-0.0084046391708211,0.00559746135477089,True,unadjusted 95 percent paired graph percentile bootstrap
study-cc25ae93d418f22101d4,2,131072,local_iso,shuffled_gw,expected_ratio,24,a_minus_b,3.5882514339104686e-05,-0.00731445007272952,0.00927354133077659,False,unadjusted 95 percent paired graph percentile bootstrap
study-cc25ae93d418f22101d4,2,131072,local_iso,shuffled_gw,signed_reference_gap,24,a_minus_b,-0.00045844383904496594,-0.00840463917082109,0.005597461354770881,True,unadjusted 95 percent paired graph percentile bootstrap
study-cc25ae93d418f22101d4,2,131072,local_iso,shuffled_gw,success_fraction,24,a_minus_b,0.08333333333333333,-0.08333333333333333,0.25,False,unadjusted 95 percent paired graph percentile bootstrap
study-cc25ae93d418f22101d4,2,131072,local_iso,shuffled_gw,capped_target_shots,24,a_minus_b,-10922.666666666666,-32768.0,10922.666666666666,True,unadjusted 95 percent paired graph percentile bootstrap
study-cc25ae93d418f22101d4,2,131072,local_iso,shuffled_gw,optimization_shots,24,a_minus_b,32.0,0.0,96.0,True,unadjusted 95 percent paired graph percentile bootstrap
study-cc25ae93d418f22101d4,2,131072,local_iso,shuffled_gw,optimization_calls,24,a_minus_b,-0.20833333333333334,-0.625,0.0,True,unadjusted 95 percent paired graph percentile bootstrap
study-cc25ae93d418f22101d4,2,131072,local_iso,shuffled_gw,optimization_jobs,24,a_minus_b,-0.041666666666666664,-0.125,0.0,True,unadjusted 95 percent paired graph percentile bootstrap
study-cc25ae93d418f22101d4,2,131072,local_iso,bad_prior,objective,24,a_minus_b,-0.1544404858174283,-0.17782299052595663,-0.13056673233986413,True,unadjusted 95 percent paired graph percentile bootstrap
study-cc25ae93d418f22101d4,2,131072,local_iso,bad_prior,expected_ratio,24,a_minus_b,0.18984775074018775,0.16263529550449013,0.21588373365648864,False,unadjusted 95 percent paired graph percentile bootstrap
study-cc25ae93d418f22101d4,2,131072,local_iso,bad_prior,signed_reference_gap,24,a_minus_b,-0.1544404858174283,-0.17782299052595663,-0.13056673233986413,True,unadjusted 95 percent paired graph percentile bootstrap
study-cc25ae93d418f22101d4,2,131072,local_iso,bad_prior,success_fraction,24,a_minus_b,0.8333333333333334,0.6666666666666666,0.9583333333333334,False,unadjusted 95 percent paired graph percentile bootstrap
study-cc25ae93d418f22101d4,2,131072,local_iso,bad_prior,capped_target_shots,24,a_minus_b,-109226.66666666667,-125610.66666666667,-87381.33333333333,True,unadjusted 95 percent paired graph percentile bootstrap
study-cc25ae93d418f22101d4,2,131072,local_iso,bad_prior,optimization_shots,24,a_minus_b,128.0,32.0,245.33333333333334,True,unadjusted 95 percent paired graph percentile bootstrap
study-cc25ae93d418f22101d4,2,131072,local_iso,bad_prior,optimization_calls,24,a_minus_b,-1.6111111111111114,-3.125694444444444,-0.4166666666666667,True,unadjusted 95 percent paired graph percentile bootstrap
study-cc25ae93d418f22101d4,2,131072,local_iso,bad_prior,optimization_jobs,24,a_minus_b,-0.38888888888888884,-0.7916666666666665,-0.08333333333333333,True,unadjusted 95 percent paired graph percentile bootstrap
study-cc25ae93d418f22101d4,2,131072,local_iso,no_repair,objective,24,a_minus_b,0.010901701440887313,0.0068199971036484765,0.015498314128155328,True,unadjusted 95 percent paired graph percentile bootstrap
study-cc25ae93d418f22101d4,2,131072,local_iso,no_repair,expected_ratio,24,a_minus_b,-0.014119063929012271,-0.020376968921007023,-0.008584494745411054,False,unadjusted 95 percent paired graph percentile bootstrap
study-cc25ae93d418f22101d4,2,131072,local_iso,no_repair,signed_reference_gap,24,a_minus_b,0.010901701440887299,0.006819997103648449,0.015498314128155322,True,unadjusted 95 percent paired graph percentile bootstrap
study-cc25ae93d418f22101d4,2,131072,local_iso,no_repair,success_fraction,24,a_minus_b,-0.16666666666666666,-0.3333333333333333,-0.041666666666666664,False,unadjusted 95 percent paired graph percentile bootstrap
study-cc25ae93d418f22101d4,2,131072,local_iso,no_repair,capped_target_shots,24,a_minus_b,21845.333333333332,5461.333333333333,43690.666666666664,True,unadjusted 95 percent paired graph percentile bootstrap
study-cc25ae93d418f22101d4,2,131072,local_iso,no_repair,optimization_shots,24,a_minus_b,149.33333333333334,85.33333333333333,213.33333333333334,True,unadjusted 95 percent paired graph percentile bootstrap
study-cc25ae93d418f22101d4,2,131072,local_iso,no_repair,optimization_calls,24,a_minus_b,-0.9722222222222238,-1.3888888888888917,-0.5555555555555571,True,unadjusted 95 percent paired graph percentile bootstrap
study-cc25ae93d418f22101d4,2,131072,local_iso,no_repair,optimization_jobs,24,a_minus_b,-0.19444444444444406,-0.2777777777777777,-0.11111111111111087,True,unadjusted 95 percent paired graph percentile bootstrap
study-cc25ae93d418f22101d4,2,131072,local_iso,fixed_radius,objective,24,a_minus_b,0.010901701440887313,0.0068199971036484765,0.015498314128155328,True,unadjusted 95 percent paired graph percentile bootstrap
study-cc25ae93d418f22101d4,2,131072,local_iso,fixed_radius,expected_ratio,24,a_minus_b,-0.014119063929012271,-0.020376968921007023,-0.008584494745411054,False,unadjusted 95 percent paired graph percentile bootstrap
study-cc25ae93d418f22101d4,2,131072,local_iso,fixed_radius,signed_reference_gap,24,a_minus_b,0.010901701440887299,0.006819997103648449,0.015498314128155322,True,unadjusted 95 percent paired graph percentile bootstrap
study-cc25ae93d418f22101d4,2,131072,local_iso,fixed_radius,success_fraction,24,a_minus_b,-0.16666666666666666,-0.3333333333333333,-0.041666666666666664,False,unadjusted 95 percent paired graph percentile bootstrap
study-cc25ae93d418f22101d4,2,131072,local_iso,fixed_radius,capped_target_shots,24,a_minus_b,21845.333333333332,5461.333333333333,43690.666666666664,True,unadjusted 95 percent paired graph percentile bootstrap
study-cc25ae93d418f22101d4,2,131072,local_iso,fixed_radius,optimization_shots,24,a_minus_b,1248.0,1066.6666666666667,1418.6666666666667,True,unadjusted 95 percent paired graph percentile bootstrap
study-cc25ae93d418f22101d4,2,131072,local_iso,fixed_radius,optimization_calls,24,a_minus_b,-92.65277777777777,-115.31979166666666,-69.81909722222223,True,unadjusted 95 percent paired graph percentile bootstrap
study-cc25ae93d418f22101d4,2,131072,local_iso,fixed_radius,optimization_jobs,24,a_minus_b,-30.222222222222218,-37.375347222222224,-23.013541666666672,True,unadjusted 95 percent paired graph percentile bootstrap
study-cc25ae93d418f22101d4,2,131072,local_iso,fixed_shots,objective,24,a_minus_b,0.010901701440887313,0.0068199971036484765,0.015498314128155328,True,unadjusted 95 percent paired graph percentile bootstrap
study-cc25ae93d418f22101d4,2,131072,local_iso,fixed_shots,expected_ratio,24,a_minus_b,-0.014119063929012271,-0.020376968921007023,-0.008584494745411054,False,unadjusted 95 percent paired graph percentile bootstrap
study-cc25ae93d418f22101d4,2,131072,local_iso,fixed_shots,signed_reference_gap,24,a_minus_b,0.010901701440887299,0.006819997103648449,0.015498314128155322,True,unadjusted 95 percent paired graph percentile bootstrap
study-cc25ae93d418f22101d4,2,131072,local_iso,fixed_shots,success_fraction,24,a_minus_b,-0.16666666666666666,-0.3333333333333333,-0.041666666666666664,False,unadjusted 95 percent paired graph percentile bootstrap
study-cc25ae93d418f22101d4,2,131072,local_iso,fixed_shots,capped_target_shots,24,a_minus_b,21845.333333333332,5461.333333333333,43690.666666666664,True,unadjusted 95 percent paired graph percentile bootstrap
study-cc25ae93d418f22101d4,2,131072,local_iso,fixed_shots,optimization_shots,24,a_minus_b,63744.0,63744.0,63744.0,True,unadjusted 95 percent paired graph percentile bootstrap
study-cc25ae93d418f22101d4,2,131072,local_iso,fixed_shots,optimization_calls,24,a_minus_b,57.0,57.0,57.0,True,unadjusted 95 percent paired graph percentile bootstrap
study-cc25ae93d418f22101d4,2,131072,local_iso,fixed_shots,optimization_jobs,24,a_minus_b,21.0,21.0,21.0,True,unadjusted 95 percent paired graph percentile bootstrap
study-cc25ae93d418f22101d4,2,131072,local_iso,cobyla,objective,24,a_minus_b,0.011312029064412732,0.006705014641313011,0.016670422724756943,True,unadjusted 95 percent paired graph percentile bootstrap
study-cc25ae93d418f22101d4,2,131072,local_iso,cobyla,expected_ratio,24,a_minus_b,-0.01474891970576161,-0.022070691599615323,-0.008442788505189952,False,unadjusted 95 percent paired graph percentile bootstrap
study-cc25ae93d418f22101d4,2,131072,local_iso,cobyla,signed_reference_gap,24,a_minus_b,0.011312029064412718,0.006705014641313021,0.016670422724756922,True,unadjusted 95 percent paired graph percentile bootstrap
study-cc25ae93d418f22101d4,2,131072,local_iso,cobyla,success_fraction,24,a_minus_b,-0.16666666666666666,-0.3333333333333333,-0.041666666666666664,False,unadjusted 95 percent paired graph percentile bootstrap
study-cc25ae93d418f22101d4,2,131072,local_iso,cobyla,capped_target_shots,24,a_minus_b,21845.333333333332,5461.333333333333,43690.666666666664,True,unadjusted 95 percent paired graph percentile bootstrap
study-cc25ae93d418f22101d4,2,131072,local_iso,cobyla,optimization_shots,24,a_minus_b,107278.22222222223,106865.7777777778,107690.66666666667,True,unadjusted 95 percent paired graph percentile bootstrap
study-cc25ae93d418f22101d4,2,131072,local_iso,cobyla,optimization_calls,24,a_minus_b,41.26388888888889,40.861111111111114,41.666666666666664,True,unadjusted 95 percent paired graph percentile bootstrap
study-cc25ae93d418f22101d4,2,131072,local_iso,cobyla,optimization_jobs,24,a_minus_b,0.2638888888888887,-0.13888888888888898,0.6666666666666666,True,unadjusted 95 percent paired graph percentile bootstrap
study-cc25ae93d418f22101d4,2,131072,local_iso,spsa,objective,24,a_minus_b,0.013538638034910752,0.008783889745936031,0.019069581341109032,True,unadjusted 95 percent paired graph percentile bootstrap
study-cc25ae93d418f22101d4,2,131072,local_iso,spsa,expected_ratio,24,a_minus_b,-0.01756924370726237,-0.025190297549118362,-0.011043505354497822,False,unadjusted 95 percent paired graph percentile bootstrap
study-cc25ae93d418f22101d4,2,131072,local_iso,spsa,signed_reference_gap,24,a_minus_b,0.013538638034910738,0.008783889745936005,0.019069581341109035,True,unadjusted 95 percent paired graph percentile bootstrap
study-cc25ae93d418f22101d4,2,131072,local_iso,spsa,success_fraction,24,a_minus_b,-0.16666666666666666,-0.3333333333333333,-0.041666666666666664,False,unadjusted 95 percent paired graph percentile bootstrap
study-cc25ae93d418f22101d4,2,131072,local_iso,spsa,capped_target_shots,24,a_minus_b,21845.333333333332,5461.333333333333,43690.666666666664,True,unadjusted 95 percent paired graph percentile bootstrap
study-cc25ae93d418f22101d4,2,131072,local_iso,spsa,optimization_shots,24,a_minus_b,1536.0,1536.0,1536.0,True,unadjusted 95 percent paired graph percentile bootstrap
study-cc25ae93d418f22101d4,2,131072,local_iso,spsa,optimization_calls,24,a_minus_b,-62.0,-62.0,-62.0,True,unadjusted 95 percent paired graph percentile bootstrap
study-cc25ae93d418f22101d4,2,131072,local_iso,spsa,optimization_jobs,24,a_minus_b,-61.0,-61.0,-61.0,True,unadjusted 95 percent paired graph percentile bootstrap
study-cc25ae93d418f22101d4,2,131072,shuffled_gw,bad_prior,objective,24,a_minus_b,-0.15398204197838336,-0.17598741990744116,-0.13179005588115217,True,unadjusted 95 percent paired graph percentile bootstrap
study-cc25ae93d418f22101d4,2,131072,shuffled_gw,bad_prior,expected_ratio,24,a_minus_b,0.18981186822584864,0.16452594018317435,0.2143353177470235,False,unadjusted 95 percent paired graph percentile bootstrap
study-cc25ae93d418f22101d4,2,131072,shuffled_gw,bad_prior,signed_reference_gap,24,a_minus_b,-0.15398204197838333,-0.17598741990744118,-0.13179005588115217,True,unadjusted 95 percent paired graph percentile bootstrap
study-cc25ae93d418f22101d4,2,131072,shuffled_gw,bad_prior,success_fraction,24,a_minus_b,0.75,0.5833333333333334,0.9166666666666666,False,unadjusted 95 percent paired graph percentile bootstrap
study-cc25ae93d418f22101d4,2,131072,shuffled_gw,bad_prior,capped_target_shots,24,a_minus_b,-98304.0,-120149.33333333333,-76458.66666666667,True,unadjusted 95 percent paired graph percentile bootstrap
study-cc25ae93d418f22101d4,2,131072,shuffled_gw,bad_prior,optimization_shots,24,a_minus_b,96.0,-32.0,224.0,True,unadjusted 95 percent paired graph percentile bootstrap
study-cc25ae93d418f22101d4,2,131072,shuffled_gw,bad_prior,optimization_calls,24,a_minus_b,-1.402777777777778,-3.0138888888888893,0.0,True,unadjusted 95 percent paired graph percentile bootstrap
study-cc25ae93d418f22101d4,2,131072,shuffled_gw,bad_prior,optimization_jobs,24,a_minus_b,-0.34722222222222215,-0.7638888888888887,0.0,True,unadjusted 95 percent paired graph percentile bootstrap
study-cc25ae93d418f22101d4,2,131072,shuffled_gw,no_repair,objective,24,a_minus_b,0.011360145279932269,0.004989624576227155,0.01934018815571599,True,unadjusted 95 percent paired graph percentile bootstrap
study-cc25ae93d418f22101d4,2,131072,shuffled_gw,no_repair,expected_ratio,24,a_minus_b,-0.014154946443351376,-0.02368877341716773,-0.006365946934149383,False,unadjusted 95 percent paired graph percentile bootstrap
study-cc25ae93d418f22101d4,2,131072,shuffled_gw,no_repair,signed_reference_gap,24,a_minus_b,0.011360145279932265,0.004989624576227178,0.019340188155715973,True,unadjusted 95 percent paired graph percentile bootstrap
study-cc25ae93d418f22101d4,2,131072,shuffled_gw,no_repair,success_fraction,24,a_minus_b,-0.25,-0.4166666666666667,-0.08333333333333333,False,unadjusted 95 percent paired graph percentile bootstrap
study-cc25ae93d418f22101d4,2,131072,shuffled_gw,no_repair,capped_target_shots,24,a_minus_b,32768.0,10922.666666666666,54613.333333333336,True,unadjusted 95 percent paired graph percentile bootstrap
study-cc25ae93d418f22101d4,2,131072,shuffled_gw,no_repair,optimization_shots,24,a_minus_b,117.33333333333333,32.0,202.66666666666666,True,unadjusted 95 percent paired graph percentile bootstrap
study-cc25ae93d418f22101d4,2,131072,shuffled_gw,no_repair,optimization_calls,24,a_minus_b,-0.7638888888888905,-1.3194444444444458,-0.20833333333333512,True,unadjusted 95 percent paired graph percentile bootstrap
study-cc25ae93d418f22101d4,2,131072,shuffled_gw,no_repair,optimization_jobs,24,a_minus_b,-0.15277777777777737,-0.2638888888888884,-0.04166666666666622,True,unadjusted 95 percent paired graph percentile bootstrap
study-cc25ae93d418f22101d4,2,131072,shuffled_gw,fixed_radius,objective,24,a_minus_b,0.011360145279932269,0.004989624576227155,0.01934018815571599,True,unadjusted 95 percent paired graph percentile bootstrap
study-cc25ae93d418f22101d4,2,131072,shuffled_gw,fixed_radius,expected_ratio,24,a_minus_b,-0.014154946443351376,-0.02368877341716773,-0.006365946934149383,False,unadjusted 95 percent paired graph percentile bootstrap
study-cc25ae93d418f22101d4,2,131072,shuffled_gw,fixed_radius,signed_reference_gap,24,a_minus_b,0.011360145279932265,0.004989624576227178,0.019340188155715973,True,unadjusted 95 percent paired graph percentile bootstrap
study-cc25ae93d418f22101d4,2,131072,shuffled_gw,fixed_radius,success_fraction,24,a_minus_b,-0.25,-0.4166666666666667,-0.08333333333333333,False,unadjusted 95 percent paired graph percentile bootstrap
study-cc25ae93d418f22101d4,2,131072,shuffled_gw,fixed_radius,capped_target_shots,24,a_minus_b,32768.0,10922.666666666666,54613.333333333336,True,unadjusted 95 percent paired graph percentile bootstrap
study-cc25ae93d418f22101d4,2,131072,shuffled_gw,fixed_radius,optimization_shots,24,a_minus_b,1216.0,1024.0,1397.3333333333333,True,unadjusted 95 percent paired graph percentile bootstrap
study-cc25ae93d418f22101d4,2,131072,shuffled_gw,fixed_radius,optimization_calls,24,a_minus_b,-92.44444444444444,-115.09756944444445,-69.76354166666667,True,unadjusted 95 percent paired graph percentile bootstrap
study-cc25ae93d418f22101d4,2,131072,shuffled_gw,fixed_radius,optimization_jobs,24,a_minus_b,-30.180555555555554,-37.333333333333336,-22.986111111111114,True,unadjusted 95 percent paired graph percentile bootstrap
study-cc25ae93d418f22101d4,2,131072,shuffled_gw,fixed_shots,objective,24,a_minus_b,0.011360145279932269,0.004989624576227155,0.01934018815571599,True,unadjusted 95 percent paired graph percentile bootstrap
study-cc25ae93d418f22101d4,2,131072,shuffled_gw,fixed_shots,expected_ratio,24,a_minus_b,-0.014154946443351376,-0.02368877341716773,-0.006365946934149383,False,unadjusted 95 percent paired graph percentile bootstrap
study-cc25ae93d418f22101d4,2,131072,shuffled_gw,fixed_shots,signed_reference_gap,24,a_minus_b,0.011360145279932265,0.004989624576227178,0.019340188155715973,True,unadjusted 95 percent paired graph percentile bootstrap
study-cc25ae93d418f22101d4,2,131072,shuffled_gw,fixed_shots,success_fraction,24,a_minus_b,-0.25,-0.4166666666666667,-0.08333333333333333,False,unadjusted 95 percent paired graph percentile bootstrap
study-cc25ae93d418f22101d4,2,131072,shuffled_gw,fixed_shots,capped_target_shots,24,a_minus_b,32768.0,10922.666666666666,54613.333333333336,True,unadjusted 95 percent paired graph percentile bootstrap
study-cc25ae93d418f22101d4,2,131072,shuffled_gw,fixed_shots,optimization_shots,24,a_minus_b,63712.0,63648.0,63744.0,True,unadjusted 95 percent paired graph percentile bootstrap
study-cc25ae93d418f22101d4,2,131072,shuffled_gw,fixed_shots,optimization_calls,24,a_minus_b,57.208333333333336,57.0,57.625,True,unadjusted 95 percent paired graph percentile bootstrap
study-cc25ae93d418f22101d4,2,131072,shuffled_gw,fixed_shots,optimization_jobs,24,a_minus_b,21.041666666666668,21.0,21.125,True,unadjusted 95 percent paired graph percentile bootstrap
study-cc25ae93d418f22101d4,2,131072,shuffled_gw,cobyla,objective,24,a_minus_b,0.011770472903457688,0.005019757562540185,0.020094285435417827,True,unadjusted 95 percent paired graph percentile bootstrap
study-cc25ae93d418f22101d4,2,131072,shuffled_gw,cobyla,expected_ratio,24,a_minus_b,-0.014784802220100715,-0.024802929065042723,-0.006440229554663739,False,unadjusted 95 percent paired graph percentile bootstrap
study-cc25ae93d418f22101d4,2,131072,shuffled_gw,cobyla,signed_reference_gap,24,a_minus_b,0.01177047290345768,0.0050197575625401825,0.020094285435417827,True,unadjusted 95 percent paired graph percentile bootstrap
study-cc25ae93d418f22101d4,2,131072,shuffled_gw,cobyla,success_fraction,24,a_minus_b,-0.25,-0.4166666666666667,-0.08333333333333333,False,unadjusted 95 percent paired graph percentile bootstrap
study-cc25ae93d418f22101d4,2,131072,shuffled_gw,cobyla,capped_target_shots,24,a_minus_b,32768.0,10922.666666666666,54613.333333333336,True,unadjusted 95 percent paired graph percentile bootstrap
study-cc25ae93d418f22101d4,2,131072,shuffled_gw,cobyla,optimization_shots,24,a_minus_b,107246.22222222223,106837.33333333333,107658.66666666667,True,unadjusted 95 percent paired graph percentile bootstrap
study-cc25ae93d418f22101d4,2,131072,shuffled_gw,cobyla,optimization_calls,24,a_minus_b,41.47222222222222,40.916666666666664,42.125,True,unadjusted 95 percent paired graph percentile bootstrap
study-cc25ae93d418f22101d4,2,131072,shuffled_gw,cobyla,optimization_jobs,24,a_minus_b,0.30555555555555536,-0.11111111111111131,0.7225694444444396,True,unadjusted 95 percent paired graph percentile bootstrap
study-cc25ae93d418f22101d4,2,131072,shuffled_gw,spsa,objective,24,a_minus_b,0.013997081873955708,0.007204059726147768,0.02235190401118585,True,unadjusted 95 percent paired graph percentile bootstrap
study-cc25ae93d418f22101d4,2,131072,shuffled_gw,spsa,expected_ratio,24,a_minus_b,-0.017605126221601472,-0.02776658061909743,-0.00916999427430321,False,unadjusted 95 percent paired graph percentile bootstrap
study-cc25ae93d418f22101d4,2,131072,shuffled_gw,spsa,signed_reference_gap,24,a_minus_b,0.013997081873955703,0.0072040597261477796,0.022351904011185864,True,unadjusted 95 percent paired graph percentile bootstrap
study-cc25ae93d418f22101d4,2,131072,shuffled_gw,spsa,success_fraction,24,a_minus_b,-0.25,-0.4166666666666667,-0.08333333333333333,False,unadjusted 95 percent paired graph percentile bootstrap
study-cc25ae93d418f22101d4,2,131072,shuffled_gw,spsa,capped_target_shots,24,a_minus_b,32768.0,10922.666666666666,54613.333333333336,True,unadjusted 95 percent paired graph percentile bootstrap
study-cc25ae93d418f22101d4,2,131072,shuffled_gw,spsa,optimization_shots,24,a_minus_b,1504.0,1440.0,1536.0,True,unadjusted 95 percent paired graph percentile bootstrap
study-cc25ae93d418f22101d4,2,131072,shuffled_gw,spsa,optimization_calls,24,a_minus_b,-61.791666666666664,-62.0,-61.375,True,unadjusted 95 percent paired graph percentile bootstrap
study-cc25ae93d418f22101d4,2,131072,shuffled_gw,spsa,optimization_jobs,24,a_minus_b,-60.958333333333336,-61.0,-60.875,True,unadjusted 95 percent paired graph percentile bootstrap
study-cc25ae93d418f22101d4,2,131072,bad_prior,no_repair,objective,24,a_minus_b,0.16534218725831562,0.14267165660082146,0.1871678071709332,True,unadjusted 95 percent paired graph percentile bootstrap
study-cc25ae93d418f22101d4,2,131072,bad_prior,no_repair,expected_ratio,24,a_minus_b,-0.20396681466920005,-0.22800064498222622,-0.17805485682507907,False,unadjusted 95 percent paired graph percentile bootstrap
study-cc25ae93d418f22101d4,2,131072,bad_prior,no_repair,signed_reference_gap,24,a_minus_b,0.16534218725831562,0.14267165660082146,0.1871678071709332,True,unadjusted 95 percent paired graph percentile bootstrap
study-cc25ae93d418f22101d4,2,131072,bad_prior,no_repair,success_fraction,24,a_minus_b,-1.0,-1.0,-1.0,False,unadjusted 95 percent paired graph percentile bootstrap
study-cc25ae93d418f22101d4,2,131072,bad_prior,no_repair,capped_target_shots,24,a_minus_b,131072.0,131072.0,131072.0,True,unadjusted 95 percent paired graph percentile bootstrap
study-cc25ae93d418f22101d4,2,131072,bad_prior,no_repair,optimization_shots,24,a_minus_b,21.333333333333332,-96.0,128.0,True,unadjusted 95 percent paired graph percentile bootstrap
study-cc25ae93d418f22101d4,2,131072,bad_prior,no_repair,optimization_calls,24,a_minus_b,0.6388888888888875,-0.5555555555555566,2.013888888888888,True,unadjusted 95 percent paired graph percentile bootstrap
study-cc25ae93d418f22101d4,2,131072,bad_prior,no_repair,optimization_jobs,24,a_minus_b,0.19444444444444478,-0.09722222222222203,0.5555555555555559,True,unadjusted 95 percent paired graph percentile bootstrap
study-cc25ae93d418f22101d4,2,131072,bad_prior,fixed_radius,objective,24,a_minus_b,0.16534218725831562,0.14267165660082146,0.1871678071709332,True,unadjusted 95 percent paired graph percentile bootstrap
study-cc25ae93d418f22101d4,2,131072,bad_prior,fixed_radius,expected_ratio,24,a_minus_b,-0.20396681466920005,-0.22800064498222622,-0.17805485682507907,False,unadjusted 95 percent paired graph percentile bootstrap
study-cc25ae93d418f22101d4,2,131072,bad_prior,fixed_radius,signed_reference_gap,24,a_minus_b,0.16534218725831562,0.14267165660082146,0.1871678071709332,True,unadjusted 95 percent paired graph percentile bootstrap
study-cc25ae93d418f22101d4,2,131072,bad_prior,fixed_radius,success_fraction,24,a_minus_b,-1.0,-1.0,-1.0,False,unadjusted 95 percent paired graph percentile bootstrap
study-cc25ae93d418f22101d4,2,131072,bad_prior,fixed_radius,capped_target_shots,24,a_minus_b,131072.0,131072.0,131072.0,True,unadjusted 95 percent paired graph percentile bootstrap
study-cc25ae93d418f22101d4,2,131072,bad_prior,fixed_radius,optimization_shots,24,a_minus_b,1120.0,928.0,1312.0,True,unadjusted 95 percent paired graph percentile bootstrap
study-cc25ae93d418f22101d4,2,131072,bad_prior,fixed_radius,optimization_calls,24,a_minus_b,-91.04166666666667,-112.87534722222222,-68.74965277777778,True,unadjusted 95 percent paired graph percentile bootstrap
study-cc25ae93d418f22101d4,2,131072,bad_prior,fixed_radius,optimization_jobs,24,a_minus_b,-29.833333333333332,-36.778125,-22.721875000000008,True,unadjusted 95 percent paired graph percentile bootstrap
study-cc25ae93d418f22101d4,2,131072,bad_prior,fixed_shots,objective,24,a_minus_b,0.16534218725831562,0.14267165660082146,0.1871678071709332,True,unadjusted 95 percent paired graph percentile bootstrap
study-cc25ae93d418f22101d4,2,131072,bad_prior,fixed_shots,expected_ratio,24,a_minus_b,-0.20396681466920005,-0.22800064498222622,-0.17805485682507907,False,unadjusted 95 percent paired graph percentile bootstrap
study-cc25ae93d418f22101d4,2,131072,bad_prior,fixed_shots,signed_reference_gap,24,a_minus_b,0.16534218725831562,0.14267165660082146,0.1871678071709332,True,unadjusted 95 percent paired graph percentile bootstrap
study-cc25ae93d418f22101d4,2,131072,bad_prior,fixed_shots,success_fraction,24,a_minus_b,-1.0,-1.0,-1.0,False,unadjusted 95 percent paired graph percentile bootstrap
study-cc25ae93d418f22101d4,2,131072,bad_prior,fixed_shots,capped_target_shots,24,a_minus_b,131072.0,131072.0,131072.0,True,unadjusted 95 percent paired graph percentile bootstrap
study-cc25ae93d418f22101d4,2,131072,bad_prior,fixed_shots,optimization_shots,24,a_minus_b,63616.0,63498.666666666664,63712.0,True,unadjusted 95 percent paired graph percentile bootstrap
study-cc25ae93d418f22101d4,2,131072,bad_prior,fixed_shots,optimization_calls,24,a_minus_b,58.611111111111114,57.416666666666664,60.125694444444434,True,unadjusted 95 percent paired graph percentile bootstrap
study-cc25ae93d418f22101d4,2,131072,bad_prior,fixed_shots,optimization_jobs,24,a_minus_b,21.388888888888886,21.083333333333332,21.791666666666668,True,unadjusted 95 percent paired graph percentile bootstrap
study-cc25ae93d418f22101d4,2,131072,bad_prior,cobyla,objective,24,a_minus_b,0.16575251488184103,0.14333017531249304,0.1871130447212725,True,unadjusted 95 percent paired graph percentile bootstrap
study-cc25ae93d418f22101d4,2,131072,bad_prior,cobyla,expected_ratio,24,a_minus_b,-0.2045966704459494,-0.2281459072346747,-0.17904766176166675,False,unadjusted 95 percent paired graph percentile bootstrap
study-cc25ae93d418f22101d4,2,131072,bad_prior,cobyla,signed_reference_gap,24,a_minus_b,0.16575251488184103,0.143330175312493,0.1871130447212725,True,unadjusted 95 percent paired graph percentile bootstrap
study-cc25ae93d418f22101d4,2,131072,bad_prior,cobyla,success_fraction,24,a_minus_b,-1.0,-1.0,-1.0,False,unadjusted 95 percent paired graph percentile bootstrap
study-cc25ae93d418f22101d4,2,131072,bad_prior,cobyla,capped_target_shots,24,a_minus_b,131072.0,131072.0,131072.0,True,unadjusted 95 percent paired graph percentile bootstrap
study-cc25ae93d418f22101d4,2,131072,bad_prior,cobyla,optimization_shots,24,a_minus_b,107150.22222222223,106666.66666666667,107630.2222222222,True,unadjusted 95 percent paired graph percentile bootstrap
study-cc25ae93d418f22101d4,2,131072,bad_prior,cobyla,optimization_calls,24,a_minus_b,42.875,41.763888888888886,44.23611111111111,True,unadjusted 95 percent paired graph percentile bootstrap
study-cc25ae93d418f22101d4,2,131072,bad_prior,cobyla,optimization_jobs,24,a_minus_b,0.6527777777777776,0.26388888888888884,1.069444444444444,True,unadjusted 95 percent paired graph percentile bootstrap
study-cc25ae93d418f22101d4,2,131072,bad_prior,spsa,objective,24,a_minus_b,0.16797912385233907,0.14564696932784849,0.18933827485847807,True,unadjusted 95 percent paired graph percentile bootstrap
study-cc25ae93d418f22101d4,2,131072,bad_prior,spsa,expected_ratio,24,a_minus_b,-0.20741699444745013,-0.23086786661878658,-0.18195931821417996,False,unadjusted 95 percent paired graph percentile bootstrap
study-cc25ae93d418f22101d4,2,131072,bad_prior,spsa,signed_reference_gap,24,a_minus_b,0.16797912385233904,0.14564696932784846,0.18933827485847807,True,unadjusted 95 percent paired graph percentile bootstrap
study-cc25ae93d418f22101d4,2,131072,bad_prior,spsa,success_fraction,24,a_minus_b,-1.0,-1.0,-1.0,False,unadjusted 95 percent paired graph percentile bootstrap
study-cc25ae93d418f22101d4,2,131072,bad_prior,spsa,capped_target_shots,24,a_minus_b,131072.0,131072.0,131072.0,True,unadjusted 95 percent paired graph percentile bootstrap
study-cc25ae93d418f22101d4,2,131072,bad_prior,spsa,optimization_shots,24,a_minus_b,1408.0,1290.6666666666667,1504.0,True,unadjusted 95 percent paired graph percentile bootstrap
study-cc25ae93d418f22101d4,2,131072,bad_prior,spsa,optimization_calls,24,a_minus_b,-60.388888888888886,-61.583333333333336,-58.874305555555566,True,unadjusted 95 percent paired graph percentile bootstrap
study-cc25ae93d418f22101d4,2,131072,bad_prior,spsa,optimization_jobs,24,a_minus_b,-60.611111111111114,-60.916666666666664,-60.208333333333336,True,unadjusted 95 percent paired graph percentile bootstrap
study-cc25ae93d418f22101d4,2,131072,no_repair,fixed_radius,objective,24,a_minus_b,0.0,0.0,0.0,True,unadjusted 95 percent paired graph percentile bootstrap
study-cc25ae93d418f22101d4,2,131072,no_repair,fixed_radius,expected_ratio,24,a_minus_b,0.0,0.0,0.0,False,unadjusted 95 percent paired graph percentile bootstrap
study-cc25ae93d418f22101d4,2,131072,no_repair,fixed_radius,signed_reference_gap,24,a_minus_b,0.0,0.0,0.0,True,unadjusted 95 percent paired graph percentile bootstrap
study-cc25ae93d418f22101d4,2,131072,no_repair,fixed_radius,success_fraction,24,a_minus_b,0.0,0.0,0.0,False,unadjusted 95 percent paired graph percentile bootstrap
study-cc25ae93d418f22101d4,2,131072,no_repair,fixed_radius,capped_target_shots,24,a_minus_b,0.0,0.0,0.0,True,unadjusted 95 percent paired graph percentile bootstrap
study-cc25ae93d418f22101d4,2,131072,no_repair,fixed_radius,optimization_shots,24,a_minus_b,1098.6666666666667,928.0,1269.3333333333333,True,unadjusted 95 percent paired graph percentile bootstrap
study-cc25ae93d418f22101d4,2,131072,no_repair,fixed_radius,optimization_calls,24,a_minus_b,-91.68055555555554,-114.06979166666666,-69.12465277777777,True,unadjusted 95 percent paired graph percentile bootstrap
study-cc25ae93d418f22101d4,2,131072,no_repair,fixed_radius,optimization_jobs,24,a_minus_b,-30.027777777777782,-37.13888888888889,-22.861111111111114,True,unadjusted 95 percent paired graph percentile bootstrap
study-cc25ae93d418f22101d4,2,131072,no_repair,fixed_shots,objective,24,a_minus_b,0.0,0.0,0.0,True,unadjusted 95 percent paired graph percentile bootstrap
study-cc25ae93d418f22101d4,2,131072,no_repair,fixed_shots,expected_ratio,24,a_minus_b,0.0,0.0,0.0,False,unadjusted 95 percent paired graph percentile bootstrap
study-cc25ae93d418f22101d4,2,131072,no_repair,fixed_shots,signed_reference_gap,24,a_minus_b,0.0,0.0,0.0,True,unadjusted 95 percent paired graph percentile bootstrap
study-cc25ae93d418f22101d4,2,131072,no_repair,fixed_shots,success_fraction,24,a_minus_b,0.0,0.0,0.0,False,unadjusted 95 percent paired graph percentile bootstrap
study-cc25ae93d418f22101d4,2,131072,no_repair,fixed_shots,capped_target_shots,24,a_minus_b,0.0,0.0,0.0,True,unadjusted 95 percent paired graph percentile bootstrap
study-cc25ae93d418f22101d4,2,131072,no_repair,fixed_shots,optimization_shots,24,a_minus_b,63594.666666666664,63530.666666666664,63658.666666666664,True,unadjusted 95 percent paired graph percentile bootstrap
study-cc25ae93d418f22101d4,2,131072,no_repair,fixed_shots,optimization_calls,24,a_minus_b,57.97222222222222,57.555555555555564,58.38888888888889,True,unadjusted 95 percent paired graph percentile bootstrap
study-cc25ae93d418f22101d4,2,131072,no_repair,fixed_shots,optimization_jobs,24,a_minus_b,21.194444444444446,21.11111111111111,21.27777777777778,True,unadjusted 95 percent paired graph percentile bootstrap
study-cc25ae93d418f22101d4,2,131072,no_repair,cobyla,objective,24,a_minus_b,0.00041032762352541846,-0.0004306188703001544,0.001433830459731356,True,unadjusted 95 percent paired graph percentile bootstrap
study-cc25ae93d418f22101d4,2,131072,no_repair,cobyla,expected_ratio,24,a_minus_b,-0.0006298557767493393,-0.0019630782404314664,0.0004492345069758635,False,unadjusted 95 percent paired graph percentile bootstrap
study-cc25ae93d418f22101d4,2,131072,no_repair,cobyla,signed_reference_gap,24,a_minus_b,0.0004103276235254167,-0.00043061887030014447,0.0014338304597313607,True,unadjusted 95 percent paired graph percentile bootstrap
study-cc25ae93d418f22101d4,2,131072,no_repair,cobyla,success_fraction,24,a_minus_b,0.0,0.0,0.0,False,unadjusted 95 percent paired graph percentile bootstrap
study-cc25ae93d418f22101d4,2,131072,no_repair,cobyla,capped_target_shots,24,a_minus_b,0.0,0.0,0.0,True,unadjusted 95 percent paired graph percentile bootstrap
study-cc25ae93d418f22101d4,2,131072,no_repair,cobyla,optimization_shots,24,a_minus_b,107128.88888888889,106705.7777777778,107552.08888888889,True,unadjusted 95 percent paired graph percentile bootstrap
study-cc25ae93d418f22101d4,2,131072,no_repair,cobyla,optimization_calls,24,a_minus_b,42.236111111111114,41.68055555555556,42.791666666666664,True,unadjusted 95 percent paired graph percentile bootstrap
study-cc25ae93d418f22101d4,2,131072,no_repair,cobyla,optimization_jobs,24,a_minus_b,0.45833333333333276,0.05555555555555505,0.8611111111111106,True,unadjusted 95 percent paired graph percentile bootstrap
study-cc25ae93d418f22101d4,2,131072,no_repair,spsa,objective,24,a_minus_b,0.002636936594023439,0.0016134940391959191,0.003865481295582824,True,unadjusted 95 percent paired graph percentile bootstrap
study-cc25ae93d418f22101d4,2,131072,no_repair,spsa,expected_ratio,24,a_minus_b,-0.003450179778250096,-0.005134783965020474,-0.002048547551082193,False,unadjusted 95 percent paired graph percentile bootstrap
study-cc25ae93d418f22101d4,2,131072,no_repair,spsa,signed_reference_gap,24,a_minus_b,0.0026369365940234397,0.0016134940391959209,0.0038654812955828143,True,unadjusted 95 percent paired graph percentile bootstrap
study-cc25ae93d418f22101d4,2,131072,no_repair,spsa,success_fraction,24,a_minus_b,0.0,0.0,0.0,False,unadjusted 95 percent paired graph percentile bootstrap
study-cc25ae93d418f22101d4,2,131072,no_repair,spsa,capped_target_shots,24,a_minus_b,0.0,0.0,0.0,True,unadjusted 95 percent paired graph percentile bootstrap
study-cc25ae93d418f22101d4,2,131072,no_repair,spsa,optimization_shots,24,a_minus_b,1386.6666666666667,1322.6666666666667,1450.6666666666667,True,unadjusted 95 percent paired graph percentile bootstrap
study-cc25ae93d418f22101d4,2,131072,no_repair,spsa,optimization_calls,24,a_minus_b,-61.02777777777778,-61.444444444444436,-60.61111111111111,True,unadjusted 95 percent paired graph percentile bootstrap
study-cc25ae93d418f22101d4,2,131072,no_repair,spsa,optimization_jobs,24,a_minus_b,-60.80555555555555,-60.88888888888889,-60.72222222222222,True,unadjusted 95 percent paired graph percentile bootstrap
study-cc25ae93d418f22101d4,2,131072,fixed_radius,fixed_shots,objective,24,a_minus_b,0.0,0.0,0.0,True,unadjusted 95 percent paired graph percentile bootstrap
study-cc25ae93d418f22101d4,2,131072,fixed_radius,fixed_shots,expected_ratio,24,a_minus_b,0.0,0.0,0.0,False,unadjusted 95 percent paired graph percentile bootstrap
study-cc25ae93d418f22101d4,2,131072,fixed_radius,fixed_shots,signed_reference_gap,24,a_minus_b,0.0,0.0,0.0,True,unadjusted 95 percent paired graph percentile bootstrap
study-cc25ae93d418f22101d4,2,131072,fixed_radius,fixed_shots,success_fraction,24,a_minus_b,0.0,0.0,0.0,False,unadjusted 95 percent paired graph percentile bootstrap
study-cc25ae93d418f22101d4,2,131072,fixed_radius,fixed_shots,capped_target_shots,24,a_minus_b,0.0,0.0,0.0,True,unadjusted 95 percent paired graph percentile bootstrap
study-cc25ae93d418f22101d4,2,131072,fixed_radius,fixed_shots,optimization_shots,24,a_minus_b,62496.0,62325.333333333336,62677.333333333336,True,unadjusted 95 percent paired graph percentile bootstrap
study-cc25ae93d418f22101d4,2,131072,fixed_radius,fixed_shots,optimization_calls,24,a_minus_b,149.65277777777777,126.81909722222223,172.31979166666667,True,unadjusted 95 percent paired graph percentile bootstrap
study-cc25ae93d418f22101d4,2,131072,fixed_radius,fixed_shots,optimization_jobs,24,a_minus_b,51.22222222222222,44.01354166666667,58.37534722222222,True,unadjusted 95 percent paired graph percentile bootstrap
study-cc25ae93d418f22101d4,2,131072,fixed_radius,cobyla,objective,24,a_minus_b,0.00041032762352541846,-0.0004306188703001544,0.001433830459731356,True,unadjusted 95 percent paired graph percentile bootstrap
study-cc25ae93d418f22101d4,2,131072,fixed_radius,cobyla,expected_ratio,24,a_minus_b,-0.0006298557767493393,-0.0019630782404314664,0.0004492345069758635,False,unadjusted 95 percent paired graph percentile bootstrap
study-cc25ae93d418f22101d4,2,131072,fixed_radius,cobyla,signed_reference_gap,24,a_minus_b,0.0004103276235254167,-0.00043061887030014447,0.0014338304597313607,True,unadjusted 95 percent paired graph percentile bootstrap
study-cc25ae93d418f22101d4,2,131072,fixed_radius,cobyla,success_fraction,24,a_minus_b,0.0,0.0,0.0,False,unadjusted 95 percent paired graph percentile bootstrap
study-cc25ae93d418f22101d4,2,131072,fixed_radius,cobyla,capped_target_shots,24,a_minus_b,0.0,0.0,0.0,True,unadjusted 95 percent paired graph percentile bootstrap
study-cc25ae93d418f22101d4,2,131072,fixed_radius,cobyla,optimization_shots,24,a_minus_b,106030.22222222223,105585.77777777777,106467.55555555555,True,unadjusted 95 percent paired graph percentile bootstrap
study-cc25ae93d418f22101d4,2,131072,fixed_radius,cobyla,optimization_calls,24,a_minus_b,133.91666666666666,111.16631944444445,156.54166666666666,True,unadjusted 95 percent paired graph percentile bootstrap
study-cc25ae93d418f22101d4,2,131072,fixed_radius,cobyla,optimization_jobs,24,a_minus_b,30.48611111111111,23.319097222222222,37.58368055555555,True,unadjusted 95 percent paired graph percentile bootstrap
study-cc25ae93d418f22101d4,2,131072,fixed_radius,spsa,objective,24,a_minus_b,0.002636936594023439,0.0016134940391959191,0.003865481295582824,True,unadjusted 95 percent paired graph percentile bootstrap
study-cc25ae93d418f22101d4,2,131072,fixed_radius,spsa,expected_ratio,24,a_minus_b,-0.003450179778250096,-0.005134783965020474,-0.002048547551082193,False,unadjusted 95 percent paired graph percentile bootstrap
study-cc25ae93d418f22101d4,2,131072,fixed_radius,spsa,signed_reference_gap,24,a_minus_b,0.0026369365940234397,0.0016134940391959209,0.0038654812955828143,True,unadjusted 95 percent paired graph percentile bootstrap
study-cc25ae93d418f22101d4,2,131072,fixed_radius,spsa,success_fraction,24,a_minus_b,0.0,0.0,0.0,False,unadjusted 95 percent paired graph percentile bootstrap
study-cc25ae93d418f22101d4,2,131072,fixed_radius,spsa,capped_target_shots,24,a_minus_b,0.0,0.0,0.0,True,unadjusted 95 percent paired graph percentile bootstrap
study-cc25ae93d418f22101d4,2,131072,fixed_radius,spsa,optimization_shots,24,a_minus_b,288.0,117.33333333333333,469.3333333333333,True,unadjusted 95 percent paired graph percentile bootstrap
study-cc25ae93d418f22101d4,2,131072,fixed_radius,spsa,optimization_calls,24,a_minus_b,30.652777777777775,7.819097222222221,53.31979166666667,True,unadjusted 95 percent paired graph percentile bootstrap
study-cc25ae93d418f22101d4,2,131072,fixed_radius,spsa,optimization_jobs,24,a_minus_b,-30.777777777777782,-37.98645833333333,-23.624652777777783,True,unadjusted 95 percent paired graph percentile bootstrap
study-cc25ae93d418f22101d4,2,131072,fixed_shots,cobyla,objective,24,a_minus_b,0.00041032762352541846,-0.0004306188703001544,0.001433830459731356,True,unadjusted 95 percent paired graph percentile bootstrap
study-cc25ae93d418f22101d4,2,131072,fixed_shots,cobyla,expected_ratio,24,a_minus_b,-0.0006298557767493393,-0.0019630782404314664,0.0004492345069758635,False,unadjusted 95 percent paired graph percentile bootstrap
study-cc25ae93d418f22101d4,2,131072,fixed_shots,cobyla,signed_reference_gap,24,a_minus_b,0.0004103276235254167,-0.00043061887030014447,0.0014338304597313607,True,unadjusted 95 percent paired graph percentile bootstrap
study-cc25ae93d418f22101d4,2,131072,fixed_shots,cobyla,success_fraction,24,a_minus_b,0.0,0.0,0.0,False,unadjusted 95 percent paired graph percentile bootstrap
study-cc25ae93d418f22101d4,2,131072,fixed_shots,cobyla,capped_target_shots,24,a_minus_b,0.0,0.0,0.0,True,unadjusted 95 percent paired graph percentile bootstrap
study-cc25ae93d418f22101d4,2,131072,fixed_shots,cobyla,optimization_shots,24,a_minus_b,43534.22222222222,43121.77777777778,43946.666666666664,True,unadjusted 95 percent paired graph percentile bootstrap
study-cc25ae93d418f22101d4,2,131072,fixed_shots,cobyla,optimization_calls,24,a_minus_b,-15.736111111111109,-16.13888888888889,-15.333333333333334,True,unadjusted 95 percent paired graph percentile bootstrap
study-cc25ae93d418f22101d4,2,131072,fixed_shots,cobyla,optimization_jobs,24,a_minus_b,-20.73611111111111,-21.13888888888889,-20.333333333333332,True,unadjusted 95 percent paired graph percentile bootstrap
study-cc25ae93d418f22101d4,2,131072,fixed_shots,spsa,objective,24,a_minus_b,0.002636936594023439,0.0016134940391959191,0.003865481295582824,True,unadjusted 95 percent paired graph percentile bootstrap
study-cc25ae93d418f22101d4,2,131072,fixed_shots,spsa,expected_ratio,24,a_minus_b,-0.003450179778250096,-0.005134783965020474,-0.002048547551082193,False,unadjusted 95 percent paired graph percentile bootstrap
study-cc25ae93d418f22101d4,2,131072,fixed_shots,spsa,signed_reference_gap,24,a_minus_b,0.0026369365940234397,0.0016134940391959209,0.0038654812955828143,True,unadjusted 95 percent paired graph percentile bootstrap
study-cc25ae93d418f22101d4,2,131072,fixed_shots,spsa,success_fraction,24,a_minus_b,0.0,0.0,0.0,False,unadjusted 95 percent paired graph percentile bootstrap
study-cc25ae93d418f22101d4,2,131072,fixed_shots,spsa,capped_target_shots,24,a_minus_b,0.0,0.0,0.0,True,unadjusted 95 percent paired graph percentile bootstrap
study-cc25ae93d418f22101d4,2,131072,fixed_shots,spsa,optimization_shots,24,a_minus_b,-62208.0,-62208.0,-62208.0,True,unadjusted 95 percent paired graph percentile bootstrap
study-cc25ae93d418f22101d4,2,131072,fixed_shots,spsa,optimization_calls,24,a_minus_b,-119.0,-119.0,-119.0,True,unadjusted 95 percent paired graph percentile bootstrap
study-cc25ae93d418f22101d4,2,131072,fixed_shots,spsa,optimization_jobs,24,a_minus_b,-82.0,-82.0,-82.0,True,unadjusted 95 percent paired graph percentile bootstrap
study-cc25ae93d418f22101d4,2,131072,cobyla,spsa,objective,24,a_minus_b,0.00222660897049802,0.0016732725924210694,0.0028231000717192814,True,unadjusted 95 percent paired graph percentile bootstrap
study-cc25ae93d418f22101d4,2,131072,cobyla,spsa,expected_ratio,24,a_minus_b,-0.002820324001500757,-0.0036379321388289388,-0.0020924950452046935,False,unadjusted 95 percent paired graph percentile bootstrap
study-cc25ae93d418f22101d4,2,131072,cobyla,spsa,signed_reference_gap,24,a_minus_b,0.0022266089704980232,0.001673272592421064,0.002823100071719311,True,unadjusted 95 percent paired graph percentile bootstrap
study-cc25ae93d418f22101d4,2,131072,cobyla,spsa,success_fraction,24,a_minus_b,0.0,0.0,0.0,False,unadjusted 95 percent paired graph percentile bootstrap
study-cc25ae93d418f22101d4,2,131072,cobyla,spsa,capped_target_shots,24,a_minus_b,0.0,0.0,0.0,True,unadjusted 95 percent paired graph percentile bootstrap
study-cc25ae93d418f22101d4,2,131072,cobyla,spsa,optimization_shots,24,a_minus_b,-105742.22222222223,-106154.66666666667,-105329.7777777778,True,unadjusted 95 percent paired graph percentile bootstrap
study-cc25ae93d418f22101d4,2,131072,cobyla,spsa,optimization_calls,24,a_minus_b,-103.2638888888889,-103.66666666666667,-102.86111111111113,True,unadjusted 95 percent paired graph percentile bootstrap
study-cc25ae93d418f22101d4,2,131072,cobyla,spsa,optimization_jobs,24,a_minus_b,-61.26388888888889,-61.666666666666664,-60.86111111111111,True,unadjusted 95 percent paired graph percentile bootstrap
